Genus	Subfamily	Family	Accession	Phage	Genome
Ceskevirus	Gujervirinae	Autonotataviridae	PP079415	Xanthomonas phage SB4	dsDNA
Maltophvirus	Gujervirinae	Autonotataviridae	MW960043	Stenotrophomonas phage BUCT609	dsDNA
Pazvirus	Gujervirinae	Autonotataviridae	MT951568	Xanthomonas phage Xaa_vB_phi31	dsDNA
Pazvirus	Gujervirinae	Autonotataviridae	KF626666	Xylella phage Paz	dsDNA
Ponderosavirus	Gujervirinae	Autonotataviridae	MZ326858	Stenotrophomonas phage Pepon	dsDNA
Ponderosavirus	Gujervirinae	Autonotataviridae	MK903280	Stenotrophomonas phage Ponderosa	dsDNA
Pradovirus	Gujervirinae	Autonotataviridae	OP583591	Xanthomonas phage F5	dsDNA
Pradovirus	Gujervirinae	Autonotataviridae	KU595432	Xanthomonas phage f20-Xaj	dsDNA
Smasvirus	Gujervirinae	Autonotataviridae	MW831865	Stenotrophomonas phage BUCT598	dsDNA
Smasvirus	Gujervirinae	Autonotataviridae	OM735686	Stenotrophomonas phage vB_SmeS_BUCT700	dsDNA
Aghbyvirus	Melnykvirinae	Autonotataviridae	KT184661	Yersinia phage vB_YenP_ISAO8	dsDNA
Ahphunavirus	Melnykvirinae	Autonotataviridae	PP226938	Aeromonas phage phiA014L	dsDNA
Ahphunavirus	Melnykvirinae	Autonotataviridae	KT949345	Aeromonas phage Ahp1	dsDNA
Atoyacvirus	Melnykvirinae	Autonotataviridae	MT682386	Aeromonas phage Atoyac1	dsDNA
Atoyacvirus	Melnykvirinae	Autonotataviridae	MT682390	Aeromonas phage Atoyac15	dsDNA
Cronosvirus	Melnykvirinae	Autonotataviridae	LN878149	Cronobacter phage Dev-CD-23823	dsDNA
Cronosvirus	Melnykvirinae	Autonotataviridae	MW882933	Cronobacter phage EspYZU05	dsDNA
Cullenvirus	Melnykvirinae	Autonotataviridae	OL362270	Klebsiella phage 6937	dsDNA
Cullenvirus	Melnykvirinae	Autonotataviridae	OY757063	Klebsiella phage vB_Kpl_K59PH2	dsDNA
Daeravirus	Melnykvirinae	Autonotataviridae	MN509793	Pectobacterium phage MA13	dsDNA
Jimeivirus	Melnykvirinae	Autonotataviridae	PP453689	Escherichia phage vB_EcoP_LHP	dsDNA
Panjvirus	Melnykvirinae	Autonotataviridae	MG878892	Salmonella phage vB_SpuP_Spp16	dsDNA
Pienvirus	Melnykvirinae	Autonotataviridae	HE956707	Yersinia phage phiR8-01	dsDNA
Pokrovskaiavirus	Melnykvirinae	Autonotataviridae	KY318515	Yersinia phage fHe-Yen3-01	dsDNA
Pokrovskaiavirus	Melnykvirinae	Autonotataviridae	HE956710	Yersinia phage phi80-18	dsDNA
Wanjuvirus	Melnykvirinae	Autonotataviridae	MK053931	Pectobacterium phage Arno160	dsDNA
Wanjuvirus	Melnykvirinae	Autonotataviridae	KX756572	Pectobacterium phage PP2	dsDNA
Higashivirus	Okabevirinae	Autonotataviridae	OP087422	Ralstonia phage BHDT_So9	dsDNA
Higashivirus	Okabevirinae	Autonotataviridae	AB451219	Ralstonia phage RSB1	dsDNA
Hongshanvirus	Okabevirinae	Autonotataviridae	MW965453	Ralstonia phage vB_RsoP_BMB50	dsDNA
Aerosvirus		Autonotataviridae	JN651747	Aeromonas phage phiAS7	dsDNA
Aerosvirus		Autonotataviridae	MH179473	Aeromonas phage_ZPAH7	dsDNA
Ampunavirus		Autonotataviridae	HG793132	Burkholderia phage Bp-AMP1	dsDNA
Ampunavirus		Autonotataviridae	KY464836	Ralstonia phage RS-PI-1	dsDNA
Anchaingvirus		Autonotataviridae	MT740728	Ralstonia phage Anchaing	dsDNA
Aqualcavirus		Autonotataviridae	KX660669	Aquamicrobium phage P14	dsDNA
Bifseptvirus		Autonotataviridae	KX458241	Pseudomonas phage Andromeda	dsDNA
Bifseptvirus		Autonotataviridae	JN991020	Pseudomonas phage Bf7	dsDNA
Conareevirus		Autonotataviridae	ON529868	Brevundimonas phage vB_BpoS-Babayka	dsDNA
Conareevirus		Autonotataviridae	GU393987	Caulobacter phage Cd1	dsDNA
Cotavirus		Autonotataviridae	LR778216	Xylella phage Cota	dsDNA
Dcimvirus		Autonotataviridae	OQ137559	Caulobacter phage DCM	dsDNA
Ermolevavirus		Autonotataviridae	MG201401	Escherichia phage PGT2	dsDNA
Ermolevavirus		Autonotataviridae	JN882298	Escherichia phage phiKT	dsDNA
Euvesivirus		Autonotataviridae	PP079414	Xanthomonas phage SB3	dsDNA
Jeruvirus		Autonotataviridae	MW145136	Providencia phage PSTNGR1	dsDNA
Kalppathivirus		Autonotataviridae	KY981272	Curvibacter phage P26059B	dsDNA
Lullwatervirus		Autonotataviridae	MF621978	Caulobacter phage Lullwater	dsDNA
Lullwatervirus		Autonotataviridae	OR260090	Caulobacter phage Quill_5.2	dsDNA
Mguuvirus		Autonotataviridae	KC853746	Burkholderia phage JG068	dsDNA
Napahaivirus		Autonotataviridae	KX066068	Pseudomonas phage VSW-3	dsDNA
Pakuvirus		Autonotataviridae	MZ326863	Burkholderia phage Paku	dsDNA
Paternavirus		Autonotataviridae	ON932081	Xanthomonas phage vB_Xar_IVIA-DoCa7	dsDNA
Percyvirus		Autonotataviridae	OQ135102	Caulobacter phage BL198	dsDNA
Percyvirus		Autonotataviridae	OQ137560	Caulobacter phage ERS	dsDNA
Pollyceevirus		Autonotataviridae	OL581612	Pseudomonas phage Eisa9	dsDNA
Pollyceevirus		Autonotataviridae	MG775261	Pseudomonas phage PollyC	dsDNA
Risjevirus		Autonotataviridae	AB920995	Ralstonia phage RSJ2	dsDNA
Risjevirus		Autonotataviridae	AB983711	Ralstonia phage RSJ5	dsDNA
Scottvirus		Autonotataviridae	MH684921	Sphingomonas phage_Scott	dsDNA
Sukuvirus		Autonotataviridae	KY316062	Ralstonia phage RS-PII-1	dsDNA
Aristophanesvirus	Beijerinckvirinae	Autoscriptoviridae	MT783706	Acinetobacter phage Aristophanes	dsDNA
Daemvirus	Beijerinckvirinae	Autoscriptoviridae	KJ473423	Acinetobacter phage vB_AbaP_Acibel007	dsDNA
Friunavirus	Beijerinckvirinae	Autoscriptoviridae	PP841128.1	Acinetobacter phage vB_Ab_02_KEN_01	dsDNA
Friunavirus	Beijerinckvirinae	Autoscriptoviridae	PP841130.1	Acinetobacter phage vB_Ab_1137_KEN_02	dsDNA
Pettyvirus	Beijerinckvirinae	Autoscriptoviridae	KF669656	Acinetobacter phage Petty	dsDNA
Actinidiaevirus	Corkvirinae	Autoscriptoviridae	LC776701	Pseudomonas phage Ep4	dsDNA
Kantovirus	Corkvirinae	Autoscriptoviridae	KU310944	Pseudomonas phage YMC11/06/C171_PPU_BP	dsDNA
Kotilavirus	Corkvirinae	Autoscriptoviridae	MN270887	Pectobacterium phage CX5	dsDNA
Kotilavirus	Corkvirinae	Autoscriptoviridae	MN271656	Pectobacterium phage MA2	dsDNA
Phimunavirus	Corkvirinae	Autoscriptoviridae	KY953156	Pectobacterium phage vB_PatP_CB5	dsDNA
Phimunavirus	Corkvirinae	Autoscriptoviridae	MK095193	Pectobacterium phage Clickz	dsDNA
Stompvirus	Corkvirinae	Autoscriptoviridae	KT240186	Dickeya phage BF25/12	dsDNA
Kirikabuvirus	Krylovirinae	Autoscriptoviridae	MG845683	Pseudomonas phage phiNV3	dsDNA
Mojovirus	Krylovirinae	Autoscriptoviridae	MT104468	Pseudomonas phage MR5	dsDNA
Phikmvvirus	Krylovirinae	Autoscriptoviridae	LN610580	Pseudomonas phage vB_PaeP_PAO1_1-15pyo	dsDNA
Phikmvvirus	Krylovirinae	Autoscriptoviridae	MZ553931	Pseudomonas phage vB_PaeA_55_1W	dsDNA
Torinorumvirus	Krylovirinae	Autoscriptoviridae	MT354570	Pseudomonas phage phiB1_1	dsDNA
Bucovirus	Slopekvirinae	Autoscriptoviridae	MK562503	Shigella phage_Buco	dsDNA
Cepavirus	Slopekvirinae	Autoscriptoviridae	OQ921331	Escherichia phage vB_EcoP_PAS7	dsDNA
Drulisvirus	Slopekvirinae	Autoscriptoviridae	MF612071	Klebsiella phage AltoGao	dsDNA
Drulisvirus	Slopekvirinae	Autoscriptoviridae	OL979478	Klebsiella phage Kpn BHU1	dsDNA
Kakivirus	Slopekvirinae	Autoscriptoviridae	MK387869	Providencia phage vB_PstP_PS3	dsDNA
Kakivirus	Slopekvirinae	Autoscriptoviridae	MW358930	Providencia phage PSTRCR_114	dsDNA
Koutsourovirus	Slopekvirinae	Autoscriptoviridae	OQ884031	Enterobacter phage SDFMU_EhYP	dsDNA
Koutsourovirus	Slopekvirinae	Autoscriptoviridae	JQ267518	Enterobacter phage phiKDA1	dsDNA
Limelightvirus	Slopekvirinae	Autoscriptoviridae	FR687252	Pantoea phage LIMElight	dsDNA
Micantvirus	Slopekvirinae	Autoscriptoviridae	OM513680	Erwinia phage Loshitsa2	dsDNA
Micantvirus	Slopekvirinae	Autoscriptoviridae	OM513679	Erwinia phage Micant	dsDNA
Novosibovirus	Slopekvirinae	Autoscriptoviridae	OL416096	Proteus phage 309	dsDNA
Novosibovirus	Slopekvirinae	Autoscriptoviridae	KF319020	Proteus phage PM16	dsDNA
Peggyvirus	Slopekvirinae	Autoscriptoviridae	PV796109	Cronobacter phage Peggy	dsDNA
Zoomievirus	Slopekvirinae	Autoscriptoviridae	MZ333135	Erwinia phage Zoomie	dsDNA
Bonnellvirus	Stentvirinae	Autoscriptoviridae	MN850568	Escherichia phage altidsur	dsDNA
Bonnellvirus	Stentvirinae	Autoscriptoviridae	MN850583	Escherichia phage glasur	dsDNA
Waewaevirus	Stentvirinae	Autoscriptoviridae	FR751545	Pantoea phage Limezero	dsDNA
Axyvirus		Autoscriptoviridae	MK962628	Achromobacter phage vB_AxyP_19-32_Axy09	dsDNA
Axyvirus		Autoscriptoviridae	MK962638	Achromobacter phage vB_AxyP_19-32_Axy21	dsDNA
Ayakvirus		Autoscriptoviridae	KY117485	Ralstonia phage phiAp1	dsDNA
Bertilvirus		Autoscriptoviridae	MW286266	Pseudomonas phage Bertil	dsDNA
Bolekvirus		Autoscriptoviridae	OM913597	Aeromonas phage vB_AspA_Bolek	dsDNA
Bolekvirus		Autoscriptoviridae	OM913598	Aeromonas phage vB_AspA_Lolek	dsDNA
Catalonvirus		Autoscriptoviridae	OL634959	Bacteriophage Phi NF-1	dsDNA
Jiaoyazivirus		Autoscriptoviridae	AB854109	Ralstonia phage RSB3	dsDNA
Linggongvirus		Autoscriptoviridae	MN497414	Vibrio phage vB_VhaP_VH-5	dsDNA
Maculvirus		Autoscriptoviridae	ON864052	Vibrio phage vB_VpP_AC2	dsDNA
Maculvirus		Autoscriptoviridae	MZ020222	Vibrio phage BUCT233	dsDNA
Natansvirus		Autoscriptoviridae	MN844877	Sphaerotilus phage vB_SnaP-R1	dsDNA
Savitribaivirus		Autoscriptoviridae	MT259468	Aeromonas phage PS	dsDNA
Stubburvirus		Autoscriptoviridae	AM265639	Pseudomonas phage LKA1	dsDNA
Trelivelvirus		Autoscriptoviridae	OX359471	Variovorax phage VAC_51	dsDNA
Tunggulvirus		Autoscriptoviridae	FN594518	Pseudomonas phage phi-2	dsDNA
Tunggulvirus		Autoscriptoviridae	MW627366	Pseudomonas phage phiGM22-3	dsDNA
Daolivirus	Colwellvirinae	Autosignataviridae	MK455769	Aeromonas phage MJG	dsDNA
Gutovirus	Colwellvirinae	Autosignataviridae	KJ502657	Vibrio phage Vc1	dsDNA
Kaohsiungvirus	Colwellvirinae	Autosignataviridae	KF322026	Vibrio phage phi-A318	dsDNA
Kaohsiungvirus	Colwellvirinae	Autosignataviridae	MK820013	Vibrio phage vB_VpaP_MGD2	dsDNA
Murciavirus	Colwellvirinae	Autosignataviridae	KY626176	Marinomonas phage CPP1m	dsDNA
Nerthusvirus	Colwellvirinae	Autosignataviridae	MH113814	Pseudomonas phage Achelous	dsDNA
Nerthusvirus	Colwellvirinae	Autosignataviridae	MH113815	Pseudomonas phage Alpheus	dsDNA
Njordvirus	Colwellvirinae	Autosignataviridae	MH113812	Pseudomonas phage Njord	dsDNA
Roscoffvirus	Colwellvirinae	Autosignataviridae	MW865291	Vibrio phage 15E36.1	dsDNA
Trungvirus	Colwellvirinae	Autosignataviridae	MG545917	Vibrio phage VEN	dsDNA
Uliginvirus	Colwellvirinae	Autosignataviridae	MG018929	Pseudomonas phage uligo	dsDNA
Acadevirus	Molineuxvirinae	Autosignataviridae	OQ729741	Proteus phage BigMira-UFV01	dsDNA
Acadevirus	Molineuxvirinae	Autosignataviridae	KM819695	Proteus phage PM 85	dsDNA
Axomammavirus	Molineuxvirinae	Autosignataviridae	JQ837901	Pectobacterium phage PP1	dsDNA
Eracentumvirus	Molineuxvirinae	Autosignataviridae	EF160123	Erwinia phage Era103	dsDNA
Eracentumvirus	Molineuxvirinae	Autosignataviridae	OK570184	Pantoea phage Nifs112	dsDNA
Gansuvirus	Molineuxvirinae	Autosignataviridae	OL744215	Klebsiella phage vB_KvaP_F4M1D	dsDNA
Gansuvirus	Molineuxvirinae	Autosignataviridae	OL744218	Klebsiella phage vB_KvaP_F5M1D	dsDNA
Guangxivirus	Molineuxvirinae	Autosignataviridae	ON461912	Salmonella phage PST_H2	dsDNA
Rodentiumvirus	Molineuxvirinae	Autosignataviridae	MG775042	Citrobacter phage vB_CroP_CrRp3	dsDNA
Rodentiumvirus	Molineuxvirinae	Autosignataviridae	MH729818	Escherichia phage LL11	dsDNA
Tuodvirus	Molineuxvirinae	Autosignataviridae	KM370384	Lelliottia phage phD2B	dsDNA
Ulipvirus	Molineuxvirinae	Autosignataviridae	OX335382	Klebsiella phage cp4	dsDNA
Ulipvirus	Molineuxvirinae	Autosignataviridae	MZ398244	Klebsiella phage IME184	dsDNA
Vectrevirus	Molineuxvirinae	Autosignataviridae	KX279892	Escherichia phage AAPEc6	dsDNA
Vectrevirus	Molineuxvirinae	Autosignataviridae	JN986844	Escherichia phage vB_EcoP_ACG-C91	dsDNA
Zindervirus	Molineuxvirinae	Autosignataviridae	KM366097	Salmonella phage BP12B	dsDNA
Zindervirus	Molineuxvirinae	Autosignataviridae	ON526839	Salmonella phage GRNsp51	dsDNA
Aarhusvirus	Studiervirinae	Autotranscriptaviridae	MH059632	Dickeya phage Dagda	dsDNA
Aarhusvirus	Studiervirinae	Autotranscriptaviridae	MH807813	Dickeya phage_Katbat	dsDNA
Apdecimavirus	Studiervirinae	Autotranscriptaviridae	KT852574	Yersinia phage vB_YenP_AP10	dsDNA
Apdecimavirus	Studiervirinae	Autotranscriptaviridae	OY978816	Klebsiella phage vB_Kpn_K12P1.1	dsDNA
Armandvirus	Studiervirinae	Autotranscriptaviridae	OM716005	Aeromonas phage vB_ AhaP_PT2	dsDNA
Armandvirus	Studiervirinae	Autotranscriptaviridae	MZ851152	Aeromonas phage PZL-Ah8	dsDNA
Bamvirus	Studiervirinae	Autotranscriptaviridae	OW991346	Escherichia phage vB_Eco_Bam	dsDNA
Benllochvirus	Studiervirinae	Autotranscriptaviridae	OR915848	Klebsiella phage vB_KpnP_cmc355D	dsDNA
Benllochvirus	Studiervirinae	Autotranscriptaviridae	OX335378	Klebsiella phage cp31	dsDNA
Berlinvirus	Studiervirinae	Autotranscriptaviridae	GQ468526	Escherichia phage 285P	dsDNA
Berlinvirus	Studiervirinae	Autotranscriptaviridae	MK685668	Shigella phage vB_ShiP_A7	dsDNA
Cankvirus	Studiervirinae	Autotranscriptaviridae	OQ622093	Pseudomonas phage 10P302A	dsDNA
Caroctavirus	Studiervirinae	Autotranscriptaviridae	HG818824	Citrobacter phage CR8	dsDNA
Chatterjeevirus	Studiervirinae	Autotranscriptaviridae	HQ641340	Vibrio phage ICP3	dsDNA
Chatterjeevirus	Studiervirinae	Autotranscriptaviridae	FJ409640	Vibrio phage N4	dsDNA
Coryciavirus	Studiervirinae	Autotranscriptaviridae	PP226939	Aeromonas phage phiA014S	dsDNA
Eapunavirus	Studiervirinae	Autotranscriptaviridae	KT321314	Enterobacter phage phiEap-1	dsDNA
Ebriosvirus	Studiervirinae	Autotranscriptaviridae	MG966531	Escherichia phage Ebrios	dsDNA
Ebriosvirus	Studiervirinae	Autotranscriptaviridae	JX872508	Stenotrophomonas phage IME15	dsDNA
Elunavirus	Studiervirinae	Autotranscriptaviridae	HQ728265	Erwinia phage vB_EamP-L1	dsDNA
Elunavirus	Studiervirinae	Autotranscriptaviridae	MN450150	Pantoea phage vB_PagP-SK1	dsDNA
Foetvirus	Studiervirinae	Autotranscriptaviridae	MT465573	Escherichia phage P1723	dsDNA
Foetvirus	Studiervirinae	Autotranscriptaviridae	MH370477	Escherichia phage SRT7	dsDNA
Ghunavirus	Studiervirinae	Autotranscriptaviridae	MZ501272	Pseudomonas phage AH05	dsDNA
Ghunavirus	Studiervirinae	Autotranscriptaviridae	OR997970	Pseudomonas phage Athelas	dsDNA
Gundecimvirus	Studiervirinae	Autotranscriptaviridae	OQ622254	Pseudomonas phage vB_PaeM-G11	dsDNA
Helsettvirus	Studiervirinae	Autotranscriptaviridae	LT960606	Yersinia phage fPS-9	dsDNA
Helsettvirus	Studiervirinae	Autotranscriptaviridae	LT961845	Yersinia phage fPS-59	dsDNA
Hennigervirus	Studiervirinae	Autotranscriptaviridae	MG775258	Pseudomonas phage Henninger	dsDNA
Hennigervirus	Studiervirinae	Autotranscriptaviridae	MT104465	Pseudomonas phage MR1	dsDNA
Jarilovirus	Studiervirinae	Autotranscriptaviridae	MH059637	Pectobacterium phage Jarilo	dsDNA
Jelgvirus	Studiervirinae	Autotranscriptaviridae	ON604651	Aeromonas phage JELG-KS1	dsDNA
Kayfunavirus	Studiervirinae	Autotranscriptaviridae	ON637250	Escherichia phage 6925	dsDNA
Kayfunavirus	Studiervirinae	Autotranscriptaviridae	MZ234021	Escherichia phage vB_EcoP-101118UKE1	dsDNA
Maklayavirus	Studiervirinae	Autotranscriptaviridae	MK290739	Pectobacterium phage Q19	dsDNA
Minipunavirus	Studiervirinae	Autotranscriptaviridae	OK499982	Morganella phage vB_MmoP_Lilpapawes	dsDNA
Minipunavirus	Studiervirinae	Autotranscriptaviridae	EU652770	Morganella phage MmP1	dsDNA
Ningirsuvirus	Studiervirinae	Autotranscriptaviridae	ON287378	Dickeya phage DchS19	dsDNA
Ningirsuvirus	Studiervirinae	Autotranscriptaviridae	MH460459	Dickeya phage_vB_DsoP_JA10	dsDNA
Pektosvirus	Studiervirinae	Autotranscriptaviridae	KY250035	Pectobacterium phage PP47	dsDNA
Pektosvirus	Studiervirinae	Autotranscriptaviridae	LC216347	Pectobacterium phage PPWS4 DNA	dsDNA
Pfluvirus	Studiervirinae	Autotranscriptaviridae	MH268168	Pseudomonas phage PFP1	dsDNA
Pfluvirus	Studiervirinae	Autotranscriptaviridae	MH179472	Pseudomonas phage 22PfluR64PP	dsDNA
Phutvirus	Studiervirinae	Autotranscriptaviridae	AB775549	Pseudomonas phage PPpW-4	dsDNA
Phutvirus	Studiervirinae	Autotranscriptaviridae	OQ716796	Pseudomonas phage PSA6	dsDNA
Pifdecavirus	Studiervirinae	Autotranscriptaviridae	MT094431	Pseudomonas phage BIM BV-46	dsDNA
Pifdecavirus	Studiervirinae	Autotranscriptaviridae	GU583987	Pseudomonas phage phiIBB-PF7A	dsDNA
Pijolavirus	Studiervirinae	Autotranscriptaviridae	OM131411	Pseudomonas phage Pf17397_F_PD1	dsDNA
Pijolavirus	Studiervirinae	Autotranscriptaviridae	KY971611	Pseudomonas phage PspYZU08	dsDNA
Przondovirus	Studiervirinae	Autotranscriptaviridae	MW042790	Klebsiella phage 066022	dsDNA
Przondovirus	Studiervirinae	Autotranscriptaviridae	MW042806	Klebsiella phage 066046	dsDNA
Rambovirus	Studiervirinae	Autotranscriptaviridae	OK042080	Yersinia phage vB_YenP_Rambo	dsDNA
Rindgevirus	Studiervirinae	Autotranscriptaviridae	OQ507919	Escherichia phage vB_Ec_Tarrare	dsDNA
Sarmavirus	Studiervirinae	Autotranscriptaviridae	OL856139	Rahnella phage Sarma103	dsDNA
Snaubvirus	Studiervirinae	Autotranscriptaviridae	MN184885	Erwinia phage pEp_SNUABM_09	dsDNA
Solymavirus	Studiervirinae	Autotranscriptaviridae	MW057854	Providencia phage PSTCR2	dsDNA
Solymavirus	Studiervirinae	Autotranscriptaviridae	MW358928	Providencia phage PSTRCR_120	dsDNA
Teetrevirus	Studiervirinae	Autotranscriptaviridae	MF285620	Serratia phage 2050H2	dsDNA
Teetrevirus	Studiervirinae	Autotranscriptaviridae	KM253764	Yersinia phage vB_YenP_AP5	dsDNA
Teseptimavirus	Studiervirinae	Autotranscriptaviridae	EU734174	Escherichia phage 13a	dsDNA
Teseptimavirus	Studiervirinae	Autotranscriptaviridae	AY247822	Yersinia phage phiA1122	dsDNA
Troedvirus	Studiervirinae	Autotranscriptaviridae	FR823298	Pseudomonas phage phi15	dsDNA
Troedvirus	Studiervirinae	Autotranscriptaviridae	MT711887	Pseudomonas phage Stalingrad	dsDNA
Unosvirus	Studiervirinae	Autotranscriptaviridae	OK094519	Pseudomonas phage PCS4	dsDNA
Unosvirus	Studiervirinae	Autotranscriptaviridae	KX431888	Pseudomonas phage UNO-SLW1	dsDNA
Unyawovirus	Studiervirinae	Autotranscriptaviridae	MF979561	Pectobacterium phage DU_PP_II	dsDNA
Unyawovirus	Studiervirinae	Autotranscriptaviridae	ON995367	Pectobacterium phage vB_PcaP_P15_PC2B6	dsDNA
Waldovirus	Studiervirinae	Autotranscriptaviridae	MT711890	Pseudomonas phage PlaquesPlease	dsDNA
Waldovirus	Studiervirinae	Autotranscriptaviridae	MT711889	Pseudomonas phage Waldo5	dsDNA
Warsawvirus	Studiervirinae	Autotranscriptaviridae	MT597419	Pseudomonas phage vB_PsyP_3MF5	dsDNA
Wuhanvirus	Studiervirinae	Autotranscriptaviridae	MF166859	Pasteurella phage PHB01	dsDNA
Wuhanvirus	Studiervirinae	Autotranscriptaviridae	MF034659	Pasteurella phage vB_PmuP_PHB02	dsDNA
Yuanmingyuanvirus	Studiervirinae	Autotranscriptaviridae	OR822025	Enterobacter phage NJ2	dsDNA
Kelmasvirus		Autotranscriptaviridae	AB597179	Ralstonia phage RSB2	dsDNA
Piedvirus		Autotranscriptaviridae	KR153873	Delftia phage IME-DE1	dsDNA
Serkorvirus		Autotranscriptaviridae	OP313111	Ralstonia phage 10RS306A	dsDNA
Serkorvirus		Autotranscriptaviridae	KP343639	Ralstonia phage phiITL-1	dsDNA
Stompelvirus		Autotranscriptaviridae	MF893341	Ralstonia phage RPSC1	dsDNA
Alfirinvirus	Dunnvirinae		OR997969	Agrobacterium phage Alfirin	dsDNA
Atuphduovirus	Dunnvirinae		MF403005	Agrobacterium phage Atu_ph02	dsDNA
Cuernavacavirus	Dunnvirinae		JX483874	Rhizobium phage RHEph02	dsDNA
Cuernavacavirus	Dunnvirinae		JX483879	Rhizobium phage RHEph08	dsDNA
Mengvirus	Dunnvirinae		OQ540924	Nostoc phage NMeng1	dsDNA
Palovirus	Dunnvirinae		MT708544	Rhizobium phage Palo	dsDNA
Pasovirus	Dunnvirinae		MT708546	Rhizobium phage Paso	dsDNA
Songlingvirus	Dunnvirinae		MZ462995	Stappia phage SI01	dsDNA
Tepoztlanvirus	Dunnvirinae		MN988466	Rhizobium phage RHph_TM34	dsDNA
Tepoztlanvirus	Dunnvirinae		MN988488	Rhizobium phage RHph_Y1_20	dsDNA
Yautepecvirus	Dunnvirinae		MW960034	Rhizobium phage RHph_X3_9	dsDNA
Angmobvirus	Sechaudvirinae		KC310802	Synechococcus phage S-CBP1	dsDNA
Cheungvirus	Sechaudvirinae		GU071102	Cyanophage NATL1A-7	dsDNA
Dishuivirus	Sechaudvirinae		OQ999402	Synechococcus phage DSL-LC07	dsDNA
Igirivirus	Sechaudvirinae		MH540083	Synechococcus T7-like phage S-TIP37	dsDNA
Nerivirus	Sechaudvirinae		MW015080	Synechococcus phage S-SRP01	dsDNA
Poseidonvirus	Sechaudvirinae		HM559717	Synechococcus phage S-CBP4	dsDNA
Qadamvirus	Sechaudvirinae		MK016662	Synechococcus phage S-B28	dsDNA
Spiovirus	Sechaudvirinae		MT424636	Synechococcus phage S-SBP1	dsDNA
Tangaroavirus	Sechaudvirinae		GU071104	Cyanophage NATL2A-133	dsDNA
Tangaroavirus	Sechaudvirinae		HQ337022	Prochlorococcus phage P-SSP10	dsDNA
Tiamatvirus	Sechaudvirinae		AY939843	Prochlorococcus phage P-SSP7	dsDNA
Tritonvirus	Sechaudvirinae		GU071107	Cyanophage P-SSP2	dsDNA
Tritonvirus	Sechaudvirinae		HQ332137	Prochlorococcus phage P-SSP3	dsDNA
Actaeavirus			OR420743	Roseobacter phage CRP-125	dsDNA
Aegirvirus			KC310805	Synechococcus phage S-CBP42	dsDNA
Aequorvirus			OR420753	Pelagibacter phage HTVC041P	dsDNA
Ashivirus			AP013538	uncultured phage_MedDCM-OCT-S45-C4	dsDNA
Ayaqvirus			AP013544	uncultured phage_MedDCM-OCT-S45-C18	dsDNA
Banchanvirus			HQ316584	Cyanophage SS120-1	dsDNA
Boesrvirus			OR367448	Ralstonia phage BOESR1	dsDNA
Chamilpavirus			MW980070	Rhizobium phage RHEph21	dsDNA
Chosvirus			KT997847	uncultured phage_Deep1-GF2-KM23-C739	dsDNA
Cyclitvirus			MG592574	Vibrio phage 1.204.O._10N.222.46.F12	dsDNA
Dynamenevirus			OR420740	Roseobacter phage CRP-114	dsDNA
Dynamenevirus			OR420746	Roseobacter phage CRP-227	dsDNA
Foturvirus			MF278336	Alteromonas phage vB_AspP-H4/4	dsDNA
Foturvirus			MW043865	Alteromonas phage vB_AmeP_R8W	dsDNA
Foussvirus			AP013545	uncultured phage MedDCM-OCT-S46-C10	dsDNA
Fujianvirus			MT227925	Vibrio phage phiV141	dsDNA
Fussvirus			MT375523	Pelagibacter phage Eyrgjafa EXVC018P	dsDNA
Fussvirus			AP013543	uncultured phage_MedDCM-OCT-S30-C28	dsDNA
Gajwadongvirus			KJ749827	Escherichia phage ECBP5	dsDNA
Gajwadongvirus			MT104467	Pseudomonas phage MR4	dsDNA
Gyeongsanvirus			MF979559	Ralstonia phage DU_RP_I	dsDNA
Gyeongsanvirus			MN270889	Ralstonia phage P-PSG-11	dsDNA
Hapakavirus			OK570185	Pantoea phage Nufs112	dsDNA
Jalkavirus			GU943031	uncultured phage_MedDCM-OCT-S08-C159	dsDNA
Jiaweivirus			OR464703	Mycobacterium phage jiawei	dsDNA
Kafavirus			KX397280	Phage MedPE-SWcel-C56	dsDNA
Kajamvirus			HQ317388	Synechococcus phage S-RIP1	dsDNA
Kembevirus			KC310806	Synechococcus phage S-CBP2	dsDNA
Krakvirus			AP013549	uncultured phage_MedDCM-OCT-S39-C11	dsDNA
Kuwvirus			OQ376857	Paracoccus phage ParKuw1	dsDNA
Lauvirus			KJ183191	Podophage Lau218	dsDNA
Lingvirus			HQ332140	Prochlorococcus phage P-GSP1	dsDNA
Lirvirus			HQ633062	Synechococcus phage S-CBP3	dsDNA
Luzcentumvirus			OP329100	Pseudomonas phage LUZ100	dsDNA
Mallvirus			OQ376858	Paracoccus phage ParMal1	dsDNA
Morelosvirus			MN988539	Rhizobium phage RHph_I20	dsDNA
Nohivirus			AP013547	uncultured phage_MedDCM-OCT-S31-C1	dsDNA
Oceanidvirus			OR420755	Roseobacter phage CRP-113	dsDNA
Oceanidvirus			OR420737	Roseobacter phage CRP-171	dsDNA
Oinezvirus			AP013546	uncultured phage_MedDCM-OCT-S37-C6	dsDNA
Paadamvirus			JX483873	Rhizobium phage RHEph01	dsDNA
Paadamvirus			MW023914	Rhizobium phage vB_RleA_TRX32-1	dsDNA
Pagavirus			GU943068	uncultured phage_MedDCM-OCT-S05-C849	dsDNA
Pairvirus			KM199771	Mesorhizobium phage vB_MloP_Lo5R7ANS	dsDNA
Pastovirus			MT708545	Rhizobium phage Pasto	dsDNA
Pedosvirus			AP013539	uncultured phage_MedDCM-OCT-S28-C3	dsDNA
Pekhitvirus			GU943054	uncultured phage_MedDCM-OCT-S04-C24	dsDNA
Pelagivirus			KC465901	Pelagibacter phage HTVC019P	dsDNA
Pelagivirus			AP013542	uncultured phage_MedDCM-OCT-S35-C6	dsDNA
Podivirus			GU943065	uncultured phage_MedDCM-OCT-S05-C243	dsDNA
Powvirus			GU943073	uncultured phage MedDCM-OCT-S08-C41	dsDNA
Proddevirus			MZ666938	Desulfovibrio phage ProddE	dsDNA
Reminisvirus			OL362271	Klebsiella phage 6939	dsDNA
Reminisvirus			OR591532	Klebsiella phage KL01	dsDNA
Sednavirus			HQ317389	Synechococcus phage S-RIP2	dsDNA
Shangxiadianvirus			OR420741	Roseobacter phage CRP-118	dsDNA
Shangxiadianvirus			OR420752	Roseobacter phage CRP-403	dsDNA
Sieqvirus			AP013541	uncultured phage_MedDCM-OCT-S42-C7	dsDNA
Stopalavirus			AP013548	uncultured phage_MedDCM-OCT-S38-C3	dsDNA
Stopavirus			KC465900	Pelagibacter phage HTVC011P	dsDNA
Stupnyavirus			KT997876	uncultured phage_Deep-GF0-KM16-C193	dsDNA
Sumtervirus			MN857473	Caulobacter phage S2B	dsDNA
Tawavirus			KY065149	Vibrio phage JSF7	dsDNA
Thoosavirus			MH598799	Pelagibacter phage HTVC025P	dsDNA
Tiilvirus			AF338467	Synechococcus phage P60	dsDNA
Tiranvirus			MZ803112	Synechococcus T7-like virus S-TIP28	dsDNA
Tolavirus			OM913599	Aeromonas phage vB_AspA_Tola	dsDNA
Triteiavirus			OR420734	Roseobacter phage CRP-804	dsDNA
Vistulavirus			MK984681	Bordetella phage vB_BbrP_BB8	dsDNA
Voetvirus			EF372997	Synechococcus phage Syn5	dsDNA
Votkovvirus			AP013540	uncultured phage_MedDCM-OCT-S28-C10	dsDNA
Yinyavirus			ON624112	Aeromonas phage Aer_P220	dsDNA
Youngvirus			MZ592920	Vibrio phage vB_VpP_G1	dsDNA
Junduvirus	Coarsevirinae	Crevaviridae	MZ130487	uncultured phage cr25_1	dsDNA
Junduvirus	Coarsevirinae	Crevaviridae	BK044746	Crassvirales sp. isolate ct8tL4	dsDNA
Kahucivirus	Doltivirinae	Crevaviridae	MT774393	uncultured phage cr127_1	dsDNA
Kingevirus	Doltivirinae	Crevaviridae	PV828351	human gut metagenome virus isolate 136	dsDNA
Kingevirus	Doltivirinae	Crevaviridae	MZ130490	uncultured phage cr13_1	dsDNA
Arseivirus		Crevaviridae	MZ130489	uncultured phage cr2_1	dsDNA
Arseivirus		Crevaviridae	PV828361	human gut metagenome virus isolate 243	dsDNA
Bohxovirus	Oafivirinae	Darmviridae	MZ130491	uncultured phage cr61_1	dsDNA
Buhlduvirus	Oafivirinae	Darmviridae	MT774410	uncultured phage cr272_1	dsDNA
Burzaovirus	Oafivirinae	Darmviridae	MT774406	uncultured phage cr124_1	dsDNA
Cacepaovirus	Oafivirinae	Darmviridae	MT774409	uncultured phage cr131_1	dsDNA
Chuhaivirus	Oafivirinae	Darmviridae	MT774408	uncultured phage cr130_1	dsDNA
Grauhtavirus		Darmviridae	BK049724	Caudoviricetes sp. isolate ctyGw4	dsDNA
Grauhtavirus		Darmviridae	BK054566	bacteriophage sp. isolate ct58r23	dsDNA
Pelduvirus		Darmviridae	BK052805	Caudoviricetes sp. isolate ctUiB3	dsDNA
Scendivirus		Darmviridae	MT774411	uncultured phage cr273_1	dsDNA
Sdahravirus		Darmviridae	MT774402	uncultured phage cr7_1	dsDNA
Shedivirus		Darmviridae	BK019655	Caudoviricetes sp. isolate ctRU85	dsDNA
Shedivirus		Darmviridae	BK039644	Caudoviricetes sp. isolate ctnLP2	dsDNA
Smehivirus		Darmviridae	OP072672	bacteriophage sp. isolate 3530_129865	dsDNA
Smehivirus		Darmviridae	MZ130497	uncultured phage cr29_1	dsDNA
Jahgtovirus	Churivirinae	Intestiviridae	BK035341	Crassvirales sp. isolate ctrhr9	dsDNA
Jahgtovirus	Churivirinae	Intestiviridae	BK040584	Crassvirales sp. isolate ctv5c4	dsDNA
Carjivirus	Crudevirinae	Intestiviridae	OP072735	bacteriophage sp. isolate 3729_82489	dsDNA
Carjivirus	Crudevirinae	Intestiviridae	MK238400	CrAssphage ZA	dsDNA
Dabirmavirus	Crudevirinae	Intestiviridae	MZ130486	uncultured phage cr9_1	dsDNA
Delmidovirus	Crudevirinae	Intestiviridae	MZ130476	uncultured phage cr123_1	dsDNA
Delmidovirus	Crudevirinae	Intestiviridae	MT774386	uncultured phage cr110_1	dsDNA
Diorhovirus	Crudevirinae	Intestiviridae	BK051111	Crassvirales sp. isolate ctm7p31	dsDNA
Diorhovirus	Crudevirinae	Intestiviridae	MZ130474	uncultured phage cr49_1	dsDNA
Drivevirus	Crudevirinae	Intestiviridae	MZ130480	uncultured phage cr91_1	dsDNA
Drivevirus	Crudevirinae	Intestiviridae	BK035355	Crassvirales sp. isolate ctpoT21	dsDNA
Endlipuvirus	Crudevirinae	Intestiviridae	MZ130488	uncultured phage cr17_1	dsDNA
Whopevirus	Crudevirinae	Intestiviridae	MH616963	crAssphage sp. isolate ctbg_1	dsDNA
Fohxhuevirus	Obtuvirinae	Intestiviridae	MT774384	uncultured phage cr8_1	dsDNA
Fohxhuevirus	Obtuvirinae	Intestiviridae	BK035433	Crassvirales sp. isolate ctqeI6	dsDNA
Hacihdavirus	Obtuvirinae	Intestiviridae	MT774394	uncultured phage cr271_1	dsDNA
Wotdevirus	Obtuvirinae	Intestiviridae	MH552500	crAssphage sp. isolate ctcc615	dsDNA
Dilupovirus		Intestiviridae	BK058706	Crassvirales sp. isolate ctARy15	dsDNA
Polaswivirus		Intestiviridae	BK051361	Crassvirales sp. isolate ctCIh1	dsDNA
Polaswivirus		Intestiviridae	BK035354	Crassvirales sp. isolate ctE3H10	dsDNA
Rudgehvirus		Intestiviridae	OQ198719	Bacteroides cellulosilyticus phage 11	dsDNA
Sovupevirus		Intestiviridae	BK054330	Crassvirales sp. isolate ctYll3	dsDNA
Tahdivirus		Intestiviridae	PV828358	human gut metagenome virus isolate 238	dsDNA
Wiibonovirus		Intestiviridae	MZ130484	uncultured phage cr54_1	dsDNA
Akihdevirus	Asinivirinae	Steigviridae	KC821624	Cellulophaga phage phi14:2	dsDNA
Kahnovirus	Asinivirinae	Steigviridae	MZ130483	uncultured phage cr44_1	dsDNA
Kehishuvirus	Asinivirinae	Steigviridae	OQ221549	Bacteroides phage PhiCrAssBcn14	dsDNA
Kehishuvirus	Asinivirinae	Steigviridae	OQ221544	Bacteroides phage PhiCrAssBcn9	dsDNA
Kolpuevirus	Asinivirinae	Steigviridae	MZ130478	uncultured phage cr151_1	dsDNA
Kolpuevirus	Asinivirinae	Steigviridae	OQ198718	Bacteroides cellulosilyticus phage 3	dsDNA
Lahndsivirus	Asinivirinae	Steigviridae	MT774387	uncultured phage cr111_1	dsDNA
Lebriduvirus	Asinivirinae	Steigviridae	MZ130485	uncultured phage cr18_1	dsDNA
Lebriduvirus	Asinivirinae	Steigviridae	PV828360	human gut metagenome virus isolate 240	dsDNA
Mahlunavirus	Asinivirinae	Steigviridae	MT774392	uncultured phage cr128_1	dsDNA
Mahstovirus	Asinivirinae	Steigviridae	MT774378	uncultured phage cr106_1	dsDNA
Pamirivirus	Asinivirinae	Steigviridae	MT774389	uncultured phage cr116_1	dsDNA
Paundivirus	Asinivirinae	Steigviridae	KJ003983	IAS virus	dsDNA
Pipoluvirus	Asinivirinae	Steigviridae	MT774385	uncultured phage cr108_1	dsDNA
Wulfhauvirus	Asinivirinae	Steigviridae	MT074136	Bacteroides phage DAC15	dsDNA
Dilkevirus		Steigviridae	BK046217	Crassvirales sp. isolate ctjCy3	dsDNA
Flerehovirus		Steigviridae	MT774390	uncultured phage cr85_1	dsDNA
Kumbuvirus		Steigviridae	BK035346	Crassvirales sp. isolate ctScT2	dsDNA
Madkivirus		Steigviridae	BK035338	Crassvirales sp. isolate ct9rE10	dsDNA
Madkivirus		Steigviridae	BK035421	Crassvirales sp. isolate ctk9A19	dsDNA
Snepbuvirus		Steigviridae	MT774388	uncultured phage cr112_1	dsDNA
Afonbuvirus	Bearivirinae	Suoliviridae	MT774401	uncultured phage cr6_1	dsDNA
Afonbuvirus	Bearivirinae	Suoliviridae	MZ130492	uncultured phage cr12_1	dsDNA
Canhaevirus	Boorivirinae	Suoliviridae	MT774382	uncultured phage cr10_1	dsDNA
Canhaevirus	Boorivirinae	Suoliviridae	PV828359	human gut metagenome virus isolate 239	dsDNA
Cohcovirus	Boorivirinae	Suoliviridae	BK031744	Caudoviricetes sp. isolate ct2sJ3	dsDNA
Cohcovirus	Boorivirinae	Suoliviridae	OP072647	bacteriophage sp. isolate 3470_77927	dsDNA
Culoivirus	Boorivirinae	Suoliviridae	MZ130477	uncultured phage cr149_1	dsDNA
Blohavirus	Loutivirinae	Suoliviridae	MZ130495	uncultured phage cr150_1	dsDNA
Blohavirus	Loutivirinae	Suoliviridae	BK025926	Caudoviricetes sp. isolate ctfWg1	dsDNA
Buchavirus	Loutivirinae	Suoliviridae	MZ130493	uncultured phage cr105_1	dsDNA
Buchavirus	Loutivirinae	Suoliviridae	BK029630	Caudoviricetes sp. isolate ctPFf2	dsDNA
Buorbuivirus	Loutivirinae	Suoliviridae	MT774400	uncultured phage cr4_1	dsDNA
Buorbuivirus	Loutivirinae	Suoliviridae	BK044470	Caudoviricetes sp. isolate ctBsf12	dsDNA
Aurodevirus	Uncouvirinae	Suoliviridae	MT774404	uncultured phage cr114_1	dsDNA
Besingivirus	Uncouvirinae	Suoliviridae	MT774379	uncultured phage cr118_1	dsDNA
Birpovirus	Uncouvirinae	Suoliviridae	MT774405	uncultured phage cr115_1	dsDNA
Cervivirus		Suoliviridae	MZ130499	uncultured phage cr35_1	dsDNA
Dechshavirus		Suoliviridae	AP017903	Azobacteroides phage ProJPt-Bp1	dsDNA
Glikeavirus		Suoliviridae	BK016924	Caudoviricetes sp. isolate ctAZm3	dsDNA
Horekuvirus		Suoliviridae	MZ130498	uncultured phage cr16_1	dsDNA
Horekuvirus		Suoliviridae	MT774398	uncultured phage cr60_1	dsDNA
Ibumevirus		Suoliviridae	MZ130494	uncultured phage cr19_1	dsDNA
Ildiruevirus		Suoliviridae	MT774403	uncultured phage cr113_1	dsDNA
Ildiruevirus		Suoliviridae	MZ130496	uncultured phage cr82_1	dsDNA
Ponsivirus		Suoliviridae	MT774397	uncultured phage cr56_1	dsDNA
Shelovirus		Suoliviridae	MT774380	uncultured phage cr1_1	dsDNA
Shelovirus		Suoliviridae	MT774376	uncultured phage cr55_1	dsDNA
Shuolduvirus		Suoliviridae	MT774395	uncultured phage cr52_1	dsDNA
Snuvovirus		Suoliviridae	MT774407	uncultured phage cr125_1	dsDNA
Snuvovirus		Suoliviridae	BK047645	Caudoviricetes sp. isolate ctV2921	dsDNA
Spihruvirus		Suoliviridae	OP031039	bacteriophage sp. isolate 1753_52950	dsDNA
Spihruvirus		Suoliviridae	BK054487	Caudoviricetes sp. isolate ctWSb2	dsDNA
Sulruvirus		Suoliviridae	MT774396	uncultured phage cr53_1	dsDNA
Sulruvirus		Suoliviridae	OP072317	bacteriophage sp. isolate 2467_106704	dsDNA
Taduhovirus		Suoliviridae	MZ130500	uncultured phage cr23_1	dsDNA
Taduhovirus		Suoliviridae	OP030748	bacteriophage sp. isolate 0122_104628	dsDNA
Trofluuvirus		Suoliviridae	MZ130482	uncultured phage cr77_1	dsDNA
Trofluuvirus		Suoliviridae	BK028893	Caudoviricetes sp. isolate ctOFB14	dsDNA
Wendovervirus	Sescentorumvirinae	Epsomviridae	OR769223	uncultured phage HB1	dsDNA
Hatfieldvirus	Quadringentisvirinae	Lakviridae	OR769222	uncultured phage RVC_JS4_GC31	dsDNA
Amboselivirus	Quingentivirinae	Lakviridae	MK250020	Prevotella phage Lak-B1	dsDNA
Vetruanivirus	Quingentivirinae	Lakviridae	MK250029	Prevotella phage Lak-C1	dsDNA
Vetruanivirus	Quingentivirinae	Lakviridae	OR769218	uncultured phage RVC AP1_GC26	dsDNA
Crabavirus		Tripviridae	BK059105	virus sp. ctML55	dsDNA
Agtrevirus	Aglimvirinae	Ackermannviridae	FJ373894	Shigella phage phiSboM-AG3	dsDNA
Agtrevirus	Aglimvirinae	Ackermannviridae	LC373201	Enterobacter phage phiEM4	dsDNA
Limestonevirus	Aglimvirinae	Ackermannviridae	HE600015	Dickeya phage vB-DsoM-LIMEstone1	dsDNA
Limestonevirus	Aglimvirinae	Ackermannviridae	KJ716335	Dickeya phage RC-2014	dsDNA
Kuttervirus	Cvivirinae	Ackermannviridae	MT074474	Salmonella phage aagejoakim	dsDNA
Kuttervirus	Cvivirinae	Ackermannviridae	MT074471	Salmonella phage allotria	dsDNA
Campanilevirus		Ackermannviridae	MH375644	Vibrio phage YC	dsDNA
Kujavirus		Ackermannviridae	MN718199	Vibrio phage vB_VchM_Kuja	dsDNA
Miltonvirus		Ackermannviridae	MH929319	Serratia phage vB_SmaA_3M	dsDNA
Miltonvirus		Ackermannviridae	JX878496	Serratia phage phiMAM1	dsDNA
Nezavisimistyvirus		Ackermannviridae	MG973030	Erwinia phage vB_EamM-Bue1	dsDNA
Nezavisimistyvirus		Ackermannviridae	KP037007	Erwinia phage phiEa2809	dsDNA
Taipeivirus		Ackermannviridae	AB797215	Klebsiella phage 0507-KN2-1	dsDNA
Taipeivirus		Ackermannviridae	KX147096	Serratia phage vB_Sru_IME250	dsDNA
Tedavirus		Ackermannviridae	KY914485	Aeromonas phage phiA8-29	dsDNA
Vapseptimavirus		Ackermannviridae	MK795384	Vibrio phage VAP7	dsDNA
Acionnavirus		Kyanoviridae	KF156340	Synechococcus phage S-MbCM100	dsDNA
Ahtivirus		Kyanoviridae	GU071096	Synechococcus phage S-ShM2	dsDNA
Alisovirus		Kyanoviridae	KU686207	Synechococcus phage S-CAM22	dsDNA
Anaposvirus		Kyanoviridae	HQ634177	Synechococcus phage S-CAM1	dsDNA
Atlauavirus		Kyanoviridae	KJ019052	Synechococcus phage ACG-2014f_Syn7803C7	dsDNA
Atlauavirus		Kyanoviridae	KJ019091	Synechococcus phage ACG-2014f_Syn7803US26	dsDNA
Bellamyvirus		Kyanoviridae	MF351863	Synechococcus phage Bellamy	dsDNA
Bristolvirus		Kyanoviridae	KU594606	Cyanophage S-RIM32	dsDNA
Brizovirus		Kyanoviridae	KX349310	Cyanophage S-RIM12 isolate RW_01_0310	dsDNA
Brizovirus		Kyanoviridae	KX349313	Cyanophage S-RIM12 isolate RW_06_0310	dsDNA
Chalconvirus		Kyanoviridae	KJ019054	Synechococcus phage ACG-2014e	dsDNA
Chalconvirus		Kyanoviridae	KJ019082	Synechococcus phage ACG-2014i	dsDNA
Charybdisvirus		Kyanoviridae	KU686199	Synechococcus phage S-CAM3	dsDNA
Cymopoleiavirus		Kyanoviridae	KU686211	Synechococcus phage S-WAM2	dsDNA
Emcearvirus		Kyanoviridae	HQ634175	Cyanophage P-RSM1	dsDNA
Galenevirus		Kyanoviridae	JN371769	Synechococcus phage metaG-MbCM1	dsDNA
Gibbetvirus		Kyanoviridae	FM207411	Synechococcus phage S-RSM4	dsDNA
Glaucusvirus		Kyanoviridae	GU071097	Synechococcus phage S-SSM5	dsDNA
Greenvirus		Kyanoviridae	HQ316583	Synechococcus phage S-SSM4	dsDNA
Haifavirus		Kyanoviridae	KM359505	Prochlorococcus phage P-TIM68	dsDNA
Huanghaivirus		Kyanoviridae	MT162466	Synechococcus phage S-N03	dsDNA
Kanaloavirus		Kyanoviridae	KU686206	Synechococcus phage S-CAM9	dsDNA
Leucotheavirus		Kyanoviridae	MH920639	Synechococcus phage S-P4	dsDNA
Leucotheavirus		Kyanoviridae	HQ634189	Synechococcus phage Syn30	dsDNA
Libanvirus		Kyanoviridae	KP211958	Cyanophage P-TIM40	dsDNA
Lipsvirus		Kyanoviridae	GU071098	Synechococcus phage S-SSM7	dsDNA
Lowelvirus		Kyanoviridae	KJ019028	Synechococcus phage ACG-2014d	dsDNA
Macariavirus		Kyanoviridae	KJ019071	Synechococcus phage ACG-2014g	dsDNA
Makaravirus		Kyanoviridae	MT162467	Synechococcus phage S-H34	dsDNA
Makelovirus		Kyanoviridae	MH629685	Synechococcus virus S-PRM1	dsDNA
Mazuvirus		Kyanoviridae	KU686212	Synechococcus phage S-CAM7 isolate 0910CC49	dsDNA
Namakavirus		Kyanoviridae	JN371768	Synechococcus phage S-MbCM6	dsDNA
Neptunevirus		Kyanoviridae	KX349289	Synechococcus phage S-RIM8	dsDNA
Neptunevirus		Kyanoviridae	KU594605	Cyanophage S-RIM50	dsDNA
Nereusvirus		Kyanoviridae	KJ019133	Synechococcus phage ACG-2014b Syn9311C4	dsDNA
Nereusvirus		Kyanoviridae	KJ019040	Synechococcus phage ACG-2014b Syn7803C61	dsDNA
Neritesvirus		Kyanoviridae	HQ634178	Synechococcus phage S-CAM8	dsDNA
Nerrivikvirus		Kyanoviridae	HQ317292	Synechococcus phage S-RIM2 R1_1999	dsDNA
Nilusvirus		Kyanoviridae	GU071095	Synechococcus phage S-SM2	dsDNA
Nodensvirus		Kyanoviridae	AJ630128	Bacteriophage S-PM2	dsDNA
Ormenosvirus		Kyanoviridae	DQ149023	Synechococcus phage syn9	dsDNA
Palaemonvirus		Kyanoviridae	GU071103	Prochlorococcus phage P-SSM7	dsDNA
Pontusvirus		Kyanoviridae	GU071106	Synechococcus phage Syn19	dsDNA
Potamoivirus		Kyanoviridae	KU686201	Synechococcus phage S-CAM4	dsDNA
Potamoivirus		Kyanoviridae	KJ019089	Synechococcus phage ACG-2014j	dsDNA
Ronodorvirus		Kyanoviridae	HQ337021	Prochlorococcus phage P-SSM3	dsDNA
Ronodorvirus		Kyanoviridae	AY940168	Prochlorococcus phage P-SSM4	dsDNA
Salacisavirus		Kyanoviridae	AY939844	Prochlorococcus phage P-SSM2	dsDNA
Scyllavirus		Kyanoviridae	MW117966	Synechococcus phage S-H9-1	dsDNA
Sedonavirus		Kyanoviridae	KF156338	Synechococcus phage ACG-2014h	dsDNA
Serangoonvirus		Kyanoviridae	MW015081	Synechococcus phage S-SRM01	dsDNA
Shandvirus		Kyanoviridae	MH107246	Synechococcus phage S-B64	dsDNA
Shandvirus		Kyanoviridae	KY945241	Synechococcus phage S-H35	dsDNA
Shenzhenivirus		Kyanoviridae	OL473597	Synechococcus phage S-SZBM1	dsDNA
Sokavirus		Kyanoviridae	KU686210	Synechococcus phage S-WAM1	dsDNA
Tamkungvirus		Kyanoviridae	MH412654	Synechococcus phage S-T4	dsDNA
Tefnutvirus		Kyanoviridae	HQ317383	Synechococcus phage S-IOM18	dsDNA
Thaumasvirus		Kyanoviridae	MH512890	Cyanophage S-TIM4	dsDNA
Thetisvirus		Kyanoviridae	GU071094	Synechococcus phage S-SM1	dsDNA
Vellamovirus		Kyanoviridae	KX349294	Cyanophage S-RIM44	dsDNA
Vellamovirus		Kyanoviridae	GU071105	Prochlorococcus phage Syn1	dsDNA
Yellowseavirus		Kyanoviridae	MW117965	Synechococcus phage S-H38	dsDNA
Yushanluvirus		Kyanoviridae	MW147367	Synechococcus phage S-H9-2	dsDNA
Zhoulongquanvirus		Kyanoviridae	MK867354	Synechococcus phage S-SCSM1	dsDNA
Ceceduovirus	Emmerichvirinae	Straboviridae	MF498775	Aeromonas phage AS-sw	dsDNA
Ceceduovirus	Emmerichvirinae	Straboviridae	MF448340	Aeromonas phage AS-zj	dsDNA
Ishigurovirus	Emmerichvirinae	Straboviridae	GU459069	Aeromonas phage 65	dsDNA
Centumtrigintavirus	Tevenvirinae	Straboviridae	HM114315	Acinetobacter phage 133	dsDNA
Dhakavirus	Tevenvirinae	Straboviridae	MK234886	Escherichia phage AnYang	dsDNA
Dhakavirus	Tevenvirinae	Straboviridae	HQ829472	Escherichia phage Bp7	dsDNA
Gaprivervirus	Tevenvirinae	Straboviridae	MW598459	Escherichia virus vB_EcoM_RZ	dsDNA
Gaprivervirus	Tevenvirinae	Straboviridae	GQ981382	Shigella phage SP18	dsDNA
Gelderlandvirus	Tevenvirinae	Straboviridae	KU867307	Salmonella phage vB_SnwM_CGG4-1	dsDNA
Gelderlandvirus	Tevenvirinae	Straboviridae	MF957259	Salmonella phage Melville	dsDNA
Jiaodavirus	Tevenvirinae	Straboviridae	KT239446	Klebsiella phage JD18	dsDNA
Jiaodavirus	Tevenvirinae	Straboviridae	MH729874	Klebsiella phage KP179	dsDNA
Kagamiyamavirus	Tevenvirinae	Straboviridae	LC371242	Escherichia phage EcS1	dsDNA
Kanagawavirus	Tevenvirinae	Straboviridae	MN882610	Enterobacter phage vB_EclM_CIP9	dsDNA
Kanagawavirus	Tevenvirinae	Straboviridae	MN087708	Enterobacter phage vB_EhoM-IME523	dsDNA
Karamvirus	Tevenvirinae	Straboviridae	OR753410	Enterobacter phage vB_EclM_AS6	dsDNA
Karamvirus	Tevenvirinae	Straboviridae	GU323318	Enterobacter phage CC31	dsDNA
Koserivirus	Tevenvirinae	Straboviridae	MW239124	Citrobacter phage CkP1	dsDNA
Moonvirus	Tevenvirinae	Straboviridae	MG250484	Citrobacter phage CF1 ERZ-2017	dsDNA
Moonvirus	Tevenvirinae	Straboviridae	MW325771	Salmonella phage KM16	dsDNA
Mosigvirus	Tevenvirinae	Straboviridae	KP869101	Escherichia coli O157 typing phage 3	dsDNA
Mosigvirus	Tevenvirinae	Straboviridae	MG589383	Shigella phage phi25-307	dsDNA
Mosugukvirus	Tevenvirinae	Straboviridae	KF835987	Pectobacterium bacteriophage PM2	dsDNA
Risoevirus	Tevenvirinae	Straboviridae	MH059636	Erwinia phage Cronus	dsDNA
Tegunavirus	Tevenvirinae	Straboviridae	KY593455	Yersinia phage fHe-Yen9-01	dsDNA
Tegunavirus	Tevenvirinae	Straboviridae	HE956709	Yersinia phage phiR1-RT	dsDNA
Tequatrovirus	Tevenvirinae	Straboviridae	KT184308	Enterobacteria phage Aplg8	dsDNA
Tequatrovirus	Tevenvirinae	Straboviridae	AP011113	Escherichia phage AR1	dsDNA
Winklervirus	Tevenvirinae	Straboviridae	MF036690	Serratia phage CHI14	dsDNA
Winklervirus	Tevenvirinae	Straboviridae	MF036692	Serratia phage X20	dsDNA
Acajnonavirus	Twarogvirinae	Straboviridae	HM004124	Acinetobacter phage Acj9	dsDNA
Hadassahvirus	Twarogvirinae	Straboviridae	MK278860	Acinetobacter phage AbTZA1	dsDNA
Hadassahvirus	Twarogvirinae	Straboviridae	MN864865	Acinetobacter phage vB_AbaM_PhT2	dsDNA
Lasallevirus	Twarogvirinae	Straboviridae	GU911519	Acinetobacter phage Acj61	dsDNA
Lazarusvirus	Twarogvirinae	Straboviridae	MH165274	Acinetobacter phage AM101	dsDNA
Lazarusvirus	Twarogvirinae	Straboviridae	MN723850	Acinetobacter phage vB_AbaM_Apostate	dsDNA
Zedzedvirus	Twarogvirinae	Straboviridae	HQ698922	Acinetobacter phage ZZ1	dsDNA
Angelvirus		Straboviridae	GU396103	Aeromonas phage PX29	dsDNA
Biquartavirus		Straboviridae	AY375531	Aeromonas phage 44RR2.8t	dsDNA
Bragavirus		Straboviridae	MG696114	Proteus phage phiP4-3	dsDNA
Bragavirus		Straboviridae	MF001355	Proteus phage PM2	dsDNA
Carettavirus		Straboviridae	KU255730	Escherichia phage phiE142	dsDNA
Chrysonvirus		Straboviridae	HM452126	Aeromonas phage phiAS5	dsDNA
Cinqassovirus		Straboviridae	AY266303	Aeromonas phage Aeh1	dsDNA
Cinqassovirus		Straboviridae	MG250483	Aeromonas phage ah1	dsDNA
Gualtarvirus		Straboviridae	KX078569	Morganella phage vB_MmoM_MP1	dsDNA
Jiangsuvirus		Straboviridae	KY971610	Pseudomonas phage PspYZU05	dsDNA
Krischvirus		Straboviridae	KY683735	Escherichia phage ECD7	dsDNA
Krischvirus		Straboviridae	HE978309	Enterobacteria phage GEC-3S	dsDNA
Mylasvirus		Straboviridae	HQ317393	Vibrio phage nt-1	dsDNA
Nanhuvirus		Straboviridae	OM638103	Cronobacter phage LPCS28	dsDNA
Pseudotevenvirus		Straboviridae	JN882287	Cronobacter phage vB_CsaM_GAP161	dsDNA
Pseudotevenvirus		Straboviridae	KR869820	Citrobacter phage IME-CF2	dsDNA
Schizotequatrovirus		Straboviridae	AY283928	Vibrio phage KVP40	dsDNA
Schizotequatrovirus		Straboviridae	KP671755	Vibrio phage ValKK3	dsDNA
Slopekvirus		Straboviridae	KT321315	Enterobacter phage phiEap-3	dsDNA
Slopekvirus		Straboviridae	GU295964	Klebsiella phage KP15	dsDNA
Tulanevirus		Straboviridae	MH179476	Aeromonas phage 50AhydR13PP	dsDNA
Tulanevirus		Straboviridae	MH179477	Aeromonas phage 60AhydR15PP	dsDNA
Fahrevirus		Tinaiviridae	BK057374	Caudoviricetes sp. isolate ctR3g24	dsDNA
Harrekavirus		Aggregaviridae	MT732457	Olleya phage Harreka_1	dsDNA
Brussowvirus		Aliceevansviridae	HG424323	Streptococcus phage 20617	dsDNA
Brussowvirus		Aliceevansviridae	FJ226752	Streptococcus phage ALQ13.2	dsDNA
Moineauvirus		Aliceevansviridae	FJ236310	Streptococcus phage Abc2	dsDNA
Moineauvirus		Aliceevansviridae	MF580766	Streptococcus phage B0	dsDNA
Vansinderenvirus		Aliceevansviridae	FJ965538	Streptococcus phage 5093	dsDNA
Vansinderenvirus		Aliceevansviridae	MK202159	Streptococcus phage CHPC1198	dsDNA
Honmavirus		Alisviridae	BK068089	Porphyromonas phage phage006a_EM3	dsDNA
Honmavirus		Alisviridae	PP754929	Porphyromonas phage phage007a_Bg4	dsDNA
Beograduvirus	Kantovirinae	Anamaviridae	ON996340	Xanthomonas phage BsXeu269p/3	dsDNA
Beograduvirus	Kantovirinae	Anamaviridae	KY210139	Xanthomonas phage KPhi1	dsDNA
Tsukubavirus	Kantovirinae	Anamaviridae	AP008986	Xanthomonas phage OP2	dsDNA
Tsukubavirus	Kantovirinae	Anamaviridae	OP067662	Xanthomonas phage pXoo2107	dsDNA
Xanthovirus	Kantovirinae	Anamaviridae	OQ676962	Xanthomonas phage NEB7	dsDNA
Bakolyvirus	Mascarenevirinae	Anamaviridae	MT740725	Ralstonia phage Adzire	dsDNA
Bakolyvirus	Mascarenevirinae	Anamaviridae	MT740729	Ralstonia phage Bakoly	dsDNA
Cocadavirus	Mascarenevirinae	Anamaviridae	PP316169	Ralstonia phage CA1	dsDNA
Naesvirus	Mascarenevirinae	Anamaviridae	AY369265	Burkholderia phage Bcep1	dsDNA
Naesvirus	Mascarenevirinae	Anamaviridae	AY368235	Burkholderia phage Bcep43	dsDNA
Felixounavirus	Ounavirinae	Andersonviridae	MN850614	Escherichia phage adrianh	dsDNA
Felixounavirus	Ounavirinae	Andersonviridae	KX377933	Escherichia phage vB_EcoM_Alf5	dsDNA
Kolesnikvirus	Ounavirinae	Andersonviridae	EU710883	Erwinia phage phiEa21-4	dsDNA
Kolesnikvirus	Ounavirinae	Andersonviridae	HQ728263	Erwinia phage vB_EamM-M7	dsDNA
Mooglevirus	Ounavirinae	Andersonviridae	MK562504	Enterobacteria phage CHB7	dsDNA
Mooglevirus	Ounavirinae	Andersonviridae	OR892555	Escherichia phage EP1	dsDNA
Arnovirus		Andersonviridae	MK290738	Pectobacterium phage Arno18	dsDNA
Arnovirus		Andersonviridae	MK290737	Pectobacterium phage Arno162	dsDNA
Daniellevirus		Andersonviridae	MW749010	Hafnia phage vB_HpaM_SarahDanielle	dsDNA
Daniellevirus		Andersonviridae	MW749004	Hafnia phage vB_HpaM_Zyzzx	dsDNA
Wroclawvirus		Arenbergviridae	MK797984	Pseudomonas phage vB_PaeM_PA5oct	dsDNA
Cebadecemvirus		Assiduviridae	KC821618	Cellulophaga phage phi10:1	dsDNA
Cellubavirus		Assiduviridae	KC821607	Cellulophaga phage phi19:1	dsDNA
Nekkelsvirus		Assiduviridae	MT732443	Cellulophaga phage Nekkels_1	dsDNA
Altadenavirus		Berryhillviridae	OR521058	Arthrobacter phage Altadena	dsDNA
Altadenavirus		Berryhillviridae	MT498055	Arthrobacter phage Bumble	dsDNA
Ayohtrevirus		Berryhillviridae	MT024868	Arthrobacter phage Abba	dsDNA
Eastwestvirus		Berryhillviridae	OK999980	Arthrobacter phage EastWest	dsDNA
Jawnskivirus		Berryhillviridae	MF324907	Arthrobacter phage Beans	dsDNA
Jawnskivirus		Berryhillviridae	KT365401	Arthrobacter phage Brent	dsDNA
Jinkiesvirus		Berryhillviridae	MT498043	Arthrobacter phage Jinkies	dsDNA
Lilmacvirus		Berryhillviridae	OP985600	Arthrobacter phage Bolt007	dsDNA
Lilmacvirus		Berryhillviridae	MZ747522	Arthrobacter phage Klevey	dsDNA
Marthavirus		Berryhillviridae	KU647629	Arthrobacter phage BarretLemon	dsDNA
Marthavirus		Berryhillviridae	KU160656	Arthrobacter phage Martha	dsDNA
Sicariusvirus		Berryhillviridae	MW862982	Arthrobacter phage Sicarius2	dsDNA
Sicariusvirus		Berryhillviridae	OR475274	Arthrobacter phage Wyborn	dsDNA
Vibakivirus		Berryhillviridae	MN096362	Arthrobacter phage Vibaki	dsDNA
Jauervirus		Buchnerviridae	KP861230	Acinetobacter phage YMC11/11/R3177	dsDNA
Lubinvirus		Buchnerviridae	MZ675741	Acinetobacter phage Ab1656-2	dsDNA
Olaviavirus		Buchnerviridae	MT361972	Acinetobacter phage Ab11510-phi	dsDNA
Olaviavirus		Buchnerviridae	PQ432283	Acinetobacter phage phi4197	dsDNA
Slezavirus		Buchnerviridae	KT588075	Acinetobacter phage Ab105-2phi	dsDNA
Svidnicavirus		Buchnerviridae	PP236951	Acinetobacter phage vB_AbaS_Eva	dsDNA
Svidnicavirus		Buchnerviridae	PP236950	Acinetobacter phage vB_AbaS_Ftm	dsDNA
Valdenburkvirus		Buchnerviridae	PV067694	Acinetobacter phage Acba_23	dsDNA
Vieuvirus		Buchnerviridae	OR180313	Acinetobacter phage A2490.3	dsDNA
Vieuvirus		Buchnerviridae	JX403940	Acinetobacter phage YMC/09/02/B1251	dsDNA
Baileybluvirus		Casidaviridae	OL455900	Arthrobacter phage BaileyBlu	dsDNA
Baileybluvirus		Casidaviridae	OR553891	Arthrobacter phage CallinAllBarbz	dsDNA
Barnstormervirus		Casidaviridae	OQ190478	Microbacterium phage Barnstormer	dsDNA
Barnstormervirus		Casidaviridae	OQ190481	Microbacterium phage Caron	dsDNA
Cenunavirus		Casidaviridae	ON970568	Microbacterium phage Cen1621	dsDNA
Emotionvirus		Casidaviridae	OQ709216	Arthrobacter phage Emotion	dsDNA
Galvastonvirus		Casidaviridae	MT897906	Arthrobacter phage Tweety19	dsDNA
Gardenstatevirus		Casidaviridae	MT952845	Microbacterium phage GardenState	dsDNA
Gardenstatevirus		Casidaviridae	MK880124	Microbacterium phage IAmGroot	dsDNA
Hilgardvirus		Casidaviridae	OQ938592	Arthrobacter phage VroomVroom	dsDNA
Honkvirus		Casidaviridae	MW862981	Microbacterium phage Honk	dsDNA
Liebevirus		Casidaviridae	MK061413	Arthrobacter phage Liebe	dsDNA
Liebevirus		Casidaviridae	OQ709203	Arthrobacter phage MaGuCo	dsDNA
Mabodamacavirus		Casidaviridae	OR613467	Microbacterium phage Mabodamaca	dsDNA
Manhattanvirus		Casidaviridae	OL549189	Arthrobacter phage Crewmate	dsDNA
Manhattanvirus		Casidaviridae	MH834610	Arthrobacter phage DrManhattan	dsDNA
Percivalvirus		Casidaviridae	MH271298	Microbacterium phage Floof	dsDNA
Percivalvirus		Casidaviridae	MH271308	Microbacterium phage Percival	dsDNA
Swepdovirus		Casidaviridae	ON528933	Arthrobacter phage SWEP2	dsDNA
Yangvirus		Casidaviridae	MT889375	Arthrobacter phage Adumb2043	dsDNA
Yangvirus		Casidaviridae	OL549191	Arthrobacter phage Amyev	dsDNA
Zetavirus		Casidaviridae	MH271320	Microbacterium phage Zeta1847	dsDNA
Ahduovirus		Casjensviridae	JN564907	Burkholderia phage vB_BceS_AH2	dsDNA
Broinstvirus		Casjensviridae	HQ632859	Loktanella phage pCB2051-A	dsDNA
Cenphatecvirus		Casjensviridae	MN062188	Proteus phage Saba	dsDNA
Chivirus		Casjensviridae	KM366098	Salmonella phage BP12C	dsDNA
Chivirus		Casjensviridae	KY620117	Salmonella phage BSPM4	dsDNA
Dunedinvirus		Casjensviridae	MN505213	Serratia phage JS26	dsDNA
Enchivirus		Casjensviridae	JQ340774	Enterobacter phage Enc34	dsDNA
Fengtaivirus		Casjensviridae	KT321316	Achromobacter phage phiAxp-2	dsDNA
Gediminasvirus		Casjensviridae	MW269554	Achromobacter phage vB_AchrS_AchV4	dsDNA
Gwanakrovirus		Casjensviridae	MN184886	Erwinia phage pEp_SNUABM_08	dsDNA
Jacunavirus		Casjensviridae	MT330372	Cronobacter phage JC01	dsDNA
Kokobelvirus		Casjensviridae	MW145139	Providencia phage Kokobel1	dsDNA
Lavrentievavirus		Casjensviridae	MN604053	Escherichia phage E21	dsDNA
Lavrentievavirus		Casjensviridae	MG030346	Proteus phage PM87	dsDNA
Maxdohrnvirus		Casjensviridae	MN536026	Pseudomonas phage vB_Pae-SS2019XI	dsDNA
Nazgulvirus		Casjensviridae	AY357582	Burkholderia phage BcepNazgul	dsDNA
Newforgelanevirus		Casjensviridae	MN692199	Pectobacterium phage MA12	dsDNA
Phobosvirus		Casjensviridae	MN478374	Bacteriophage Phobos	dsDNA
Phobosvirus		Casjensviridae	KY971609	Pseudomonas phage PspYZU01	dsDNA
Redjacvirus		Casjensviridae	MT675124	Providencia phage vB_PreS-PibeRecoleta	dsDNA
Redjacvirus		Casjensviridae	JX296113	Providencia phage Redjac	dsDNA
Salvovirus		Casjensviridae	LR743524	Xylella phage Bacata	dsDNA
Salvovirus		Casjensviridae	KF626668	Xylella phage Salvo	dsDNA
Sanovirus		Casjensviridae	KF626665	Xylella phage Sano	dsDNA
Seodaemunguvirus		Casjensviridae	MF476925	Klebsiella phage YMC16/01/N133_KPN_BP	dsDNA
Sessunavirus		Casjensviridae	KY249644	Synechococcus virus S-ESS1	dsDNA
Sharonstreetvirus		Casjensviridae	MN317029	Aeromonas phage vB_AhyS-A18P4	dsDNA
Sharonstreetvirus		Casjensviridae	MT952005	Aeromonas phage BUCT551	dsDNA
Yonseivirus		Casjensviridae	MF415410	Klebsiella phage KPN N137	dsDNA
Yonseivirus		Casjensviridae	MH817999	Klebsiella phage Seifer	dsDNA
Zhonglingvirus		Casjensviridae	LC553736	Salmonella phage SAP012	dsDNA
Carltongylesvirus	Cleopatravirinae	Chaseviridae	MN117721	Escherichia phage vB_EcoP_Bp7	dsDNA
Carltongylesvirus	Cleopatravirinae	Chaseviridae	MN122072	Escherichia phage vB_EcoM_Bp10	dsDNA
Faunusvirus	Cleopatravirinae	Chaseviridae	MH191398	Erwinia phage Faunus	dsDNA
Fifivirus	Cleopatravirinae	Chaseviridae	OQ818694	Erwinia phage Aioli	dsDNA
Fifivirus	Cleopatravirinae	Chaseviridae	PQ431420	Erwinia phage EaPF7	dsDNA
Loessnervirus	Cleopatravirinae	Chaseviridae	OQ818698	Erwinia phage Fougasse	dsDNA
Loessnervirus	Cleopatravirinae	Chaseviridae	OQ818704	Erwinia phage Papaline	dsDNA
Myducvirus	Cleopatravirinae	Chaseviridae	MN098326	Proteus phage Myduc	dsDNA
Qiaoyingvirus	Cleopatravirinae	Chaseviridae	PP763568	Aeromonas phage phiA050	dsDNA
Sabourvirus	Cleopatravirinae	Chaseviridae	MN136198	Escherichia phage vB_EcoM-4HA13	dsDNA
Suwonvirus	Cleopatravirinae	Chaseviridae	KF534715	Pectobacterium phage PM1	dsDNA
Suwonvirus	Cleopatravirinae	Chaseviridae	KY087898	Pectobacterium phage PP101	dsDNA
Liaoningvirus	Nefertitivirinae	Chaseviridae	OP056089	Vibrio phage vB_VpaM_VPs20	dsDNA
Longwangvirus	Nefertitivirinae	Chaseviridae	OL770365	Aeromonas phage BUCT696	dsDNA
Longwangvirus	Nefertitivirinae	Chaseviridae	OR795024	Aeromonas phage vB_AhydM-H1	dsDNA
Pahsextavirus	Nefertitivirinae	Chaseviridae	KJ858521	Aeromonas phage pAh6-C	dsDNA
Phayathaivirus	Nefertitivirinae	Chaseviridae	MZ336020	Aeromonas phage pAh6.2TG	dsDNA
Phayathaivirus	Nefertitivirinae	Chaseviridae	MW380983	Aeromonas phage PVN03	dsDNA
Shantouvirus	Nefertitivirinae	Chaseviridae	PV258714	Aeromonas phage LA93P1	dsDNA
Shantouvirus	Nefertitivirinae	Chaseviridae	OM810291	Aeromonas phage ZPAH14	dsDNA
Yushanvirus	Nefertitivirinae	Chaseviridae	KJ002054	Shewanella phage Spp001	dsDNA
Yushanvirus	Nefertitivirinae	Chaseviridae	KY709296	Shewanella phage SppYZU05	dsDNA
Aphroditevirus	Gorgonvirinae	Chimalliviridae	MG720308	Vibrio phage Aphrodite1	dsDNA
Aphroditevirus	Gorgonvirinae	Chimalliviridae	MK368614	Vibrio phage 2 TSL-2019	dsDNA
Tidunavirus	Gorgonvirinae	Chimalliviridae	AP017972	Vibrio phage pTD1	dsDNA
Tidunavirus	Gorgonvirinae	Chimalliviridae	KC131130	Vibrio phage VP4B	dsDNA
Agricanvirus		Chimalliviridae	KU886225	Erwinia phage vB_EamM_Deimos-Minion	dsDNA
Agricanvirus		Chimalliviridae	MG655268	Erwinia phage vB_EamM_Desertfox	dsDNA
Branisovskavirus		Chimalliviridae	MZ348422	Kosakonia phage Kc263	dsDNA
Chaoshanvirus		Chimalliviridae	OM810292	Aeromonas phage ZPAH34	dsDNA
Chiangmaivirus		Chimalliviridae	AP014927	Ralstonia phage RSF1	dsDNA
Chiangmaivirus		Chimalliviridae	AP014693	Ralstonia phage RSL2	dsDNA
Derbicusvirus		Chimalliviridae	MK514282	Erwinia phage Derbicus	dsDNA
Elvirus		Chimalliviridae	AJ697969	Pseudomonas phage EL	dsDNA
Eowynvirus		Chimalliviridae	LR881104	Klebsiella phage vB_KvM-Eowyn	dsDNA
Erskinevirus		Chimalliviridae	KX397364	Erwinia phage vB_EamM_Asesino	dsDNA
Erskinevirus		Chimalliviridae	JX316028	Erwinia phage PhiEaH2	dsDNA
Ferozepurvirus		Chimalliviridae	OL964756	Aeromonas phage pAEv1810	dsDNA
Ferozepurvirus		Chimalliviridae	MN032614	Aeromonas phage PS1	dsDNA
Goslarvirus		Chimalliviridae	MK327938	Escherichia phage vB_EcoM_Goslar	dsDNA
Iapetusvirus		Chimalliviridae	KF623294	Erwinia phage PhiEaH1	dsDNA
Ludhianavirus		Chimalliviridae	MN102098	Aeromonas phage D3	dsDNA
Ludhianavirus		Chimalliviridae	MN131137	Aeromonas phage D6	dsDNA
Maaswegvirus		Chimalliviridae	OZ240615	Klebsiella phage vB_KpM_Centimanus	dsDNA
Maaswegvirus		Chimalliviridae	MW394391	Klebsiella phage vB_KpM_FBKp24	dsDNA
Machinavirus		Chimalliviridae	KX397370	Erwinia phage Machina	dsDNA
Meadowvirus		Chimalliviridae	MZ501267	Erwinia phage AH04	dsDNA
Miamivirus		Chimalliviridae	MT701590	Klebsiella phage Miami	dsDNA
Miltoncavirus		Chimalliviridae	HQ630627	Pseudomonas phage PhiPA3	dsDNA
Moabitevirus		Chimalliviridae	MK994515	Serratia phage Moabite	dsDNA
Moabitevirus		Chimalliviridae	MF285618	Serratia phage vB_SmaM_ 2050HW	dsDNA
Nimduovirus		Chimalliviridae	MN642089	Klebsiella phage N1M2	dsDNA
Noxifervirus		Chimalliviridae	MF063068	Pseudomonas phage Noxifer	dsDNA
Pawinskivirus		Chimalliviridae	MN103543	Pseudomonas phage vB_PaeM_PS119XW	dsDNA
Petsuvirus		Chimalliviridae	MK689364	Edwardsiella phage pEt-SU	dsDNA
Phabiovirus		Chimalliviridae	MF042360	Pseudomonas phage Phabio	dsDNA
Phikzvirus		Chimalliviridae	JX233784	Pseudomonas phage PA7	dsDNA
Phikzvirus		Chimalliviridae	AF399011	Pseudomonas phage phiKZ	dsDNA
Ripduovirus		Chimalliviridae	AP017924	Ralstonia phage RP12	dsDNA
Risingsunvirus		Chimalliviridae	MF459646	Erwinia phage vB_EamM_RisingSun	dsDNA
Seoulvirus		Chimalliviridae	JN641803	Salmonella phage SPN3US	dsDNA
Serwervirus		Chimalliviridae	EU197055	Pseudomonas phage 201phi2-1	dsDNA
Siatvirus		Chimalliviridae	MN871446	Klebsiella phage KpLz-2_45	dsDNA
Tepukevirus		Chimalliviridae	MK552327	Pseudomonas phage Psa21	dsDNA
Wellingtonvirus		Chimalliviridae	MH426724	Erwinia phage Wellington	dsDNA
Lomovskayavirus		Colingsworthviridae	AJ550940	Streptomyces phage phiBT1	dsDNA
Lomovskayavirus		Colingsworthviridae	AJ006589	Streptomyces phage phi-C31	dsDNA
Sebastisaurusvirus		Colingsworthviridae	MK686069	Streptomyces phage Heather	dsDNA
Sebastisaurusvirus		Colingsworthviridae	MK686068	Streptomyces phage RemusLoopin	dsDNA
Shadyvirus		Colingsworthviridae	MT701596	Streptomyces phage Shady	dsDNA
Shaekyvirus		Colingsworthviridae	MT701595	Streptomyces phage Shaeky	dsDNA
Sycamorevirus		Colingsworthviridae	MT701593	Streptomyces phage Sycamore	dsDNA
Tigunavirus		Colingsworthviridae	JX182372	Streptomyces phage TG1	dsDNA
Vashvirus		Colingsworthviridae	MK450426	Streptomyces phage Euratis	dsDNA
Vashvirus		Colingsworthviridae	MK450431	Streptomyces phage Lilbooboo	dsDNA
Firehammervirus		Connertonviridae	MW074125	Campylobacter phage CJLB-12	dsDNA
Firehammervirus		Connertonviridae	MW074126	Campylobacter phage CJLB-14	dsDNA
Fletchervirus		Connertonviridae	MW057933	Campylobacter phage CJLB-7	dsDNA
Fletchervirus		Connertonviridae	MW074124	Campylobacter phage CJLB-10	dsDNA
Cetovirus	Ermolyevavirinae	Demerecviridae	MG649966	Vibrio phage Ceto	dsDNA
Jesfedecavirus	Ermolyevavirinae	Demerecviridae	KY883654	Vibrio phage JSF10	dsDNA
Jesfedecavirus	Ermolyevavirinae	Demerecviridae	KY883655	Vibrio phage JSF12	dsDNA
Thalassavirus	Ermolyevavirinae	Demerecviridae	MK796244	Vibrio phage Achelous	dsDNA
Thalassavirus	Ermolyevavirinae	Demerecviridae	MT460514	Vibrio phage AG74	dsDNA
Vipunavirus	Ermolyevavirinae	Demerecviridae	JQ340389	Vibrio phage pVP-1	dsDNA
Epseptimavirus	Markadamsvirinae	Demerecviridae	KU927497	Salmonella phage 100268_sal2	dsDNA
Epseptimavirus	Markadamsvirinae	Demerecviridae	KX017521	Salmonella phage 118970_sal2	dsDNA
Kononvirus	Markadamsvirinae	Demerecviridae	PP579741	Enterobacter siphophage KKP_3711	dsDNA
Tequintavirus	Markadamsvirinae	Demerecviridae	MW149273	Salmonella phage vB_SalS_ABTNLsp4	dsDNA
Tequintavirus	Markadamsvirinae	Demerecviridae	MW149275	Salmonella phage vB_SalS_ABTNLsp9	dsDNA
Hongcheonvirus	Mccorquodalevirinae	Demerecviridae	MF979564	Pectobacterium phage DU_PP_V	dsDNA
Myunavirus	Mccorquodalevirinae	Demerecviridae	JX195166	Pectobacterium phage My1	dsDNA
Keyvirus		Demerecviridae	MK770119	Pantoea phage vB_PagS_AAS21	dsDNA
Keyvirus		Demerecviridae	MZ616364	Erwinia phage Key	dsDNA
Novosibvirus		Demerecviridae	MG030347	Proteus phage PM135	dsDNA
Novosibvirus		Demerecviridae	MH830339	Proteus phage Stubb	dsDNA
Pogseptimavirus		Demerecviridae	MH645904	Vibrio phage vB_VpS_PG07	dsDNA
Pogseptimavirus		Demerecviridae	MH925094	Vibrio phage VspSw_1	dsDNA
Priunavirus		Demerecviridae	KY363465	Providencia phage vB_PreS_PR1	dsDNA
Priunavirus		Demerecviridae	MW057857	Providencia phage PSTCR5	dsDNA
Shenzhenvirus		Demerecviridae	MG676224	Aeromonas phage AhSzq-1	dsDNA
Shenzhenvirus		Demerecviridae	MG676225	Aeromonas phage AhSzw-1	dsDNA
Sugarlandvirus		Demerecviridae	MN434094	Klebsiella phage AmPh_EK80	dsDNA
Sugarlandvirus		Demerecviridae	LR881109	Klebsiella phage vB_KppS-Anoxic	dsDNA
Augustepiccardvirus	Braunvirinae	Drexlerviridae	MZ501051	Escherichia phage AugustePiccard	dsDNA
Christensenvirus	Braunvirinae	Drexlerviridae	MK372342	Escherichia phage vB_EcoS_IME542	dsDNA
Guelphvirus	Braunvirinae	Drexlerviridae	JN986845	Escherichia phage vB_EcoS_ACG-M12	dsDNA
Guelphvirus	Braunvirinae	Drexlerviridae	ON081052	Escherichia phage vB_EcoS_SCS31	dsDNA
Inhoffenstrassevirus	Braunvirinae	Drexlerviridae	MK373793	Escherichia phage vB_EcoS_MM01	dsDNA
Julespiccardvirus	Braunvirinae	Drexlerviridae	MZ501087	Escherichia phage JulesPiccard	dsDNA
Loudonvirus	Braunvirinae	Drexlerviridae	MG050172	Escherichia phage DTL	dsDNA
Loudonvirus	Braunvirinae	Drexlerviridae	KY398841	Escherichia phage vB_Ecos_CEB_EC3a	dsDNA
Rtpvirus	Braunvirinae	Drexlerviridae	KX130960	Escherichia phage vB_EcoS-IME253	dsDNA
Rtpvirus	Braunvirinae	Drexlerviridae	AM156909	Escherichia phage Rtp	dsDNA
Veterinaerplatzvirus	Braunvirinae	Drexlerviridae	MT682706	Escherichia phage vB_EcoS_FP	dsDNA
Veterinaerplatzvirus	Braunvirinae	Drexlerviridae	MZ501080	Escherichia phage JeanPiccard strain Bas02	dsDNA
Eastlansingvirus	Rogunavirinae	Drexlerviridae	MF158039	Shigella phage Sf12	dsDNA
Lindendrivevirus	Rogunavirinae	Drexlerviridae	JF770475	Escherichia phage phiEB49	dsDNA
Rogunavirus	Rogunavirinae	Drexlerviridae	KF771237	Escherichia phage vB_EcoS_AHP42	dsDNA
Rogunavirus	Rogunavirinae	Drexlerviridae	KF771238	Escherichia phage vB_EcoS_AHS24	dsDNA
Sadiyavirus	Rogunavirinae	Drexlerviridae	OL539467	Escherichia phage vB_EcoD_Sadiya	dsDNA
Wilsonroadvirus	Rogunavirinae	Drexlerviridae	MF158042	Shigella phage Sd1	dsDNA
Baihuvirus	Tempevirinae	Drexlerviridae	MN090155	Escherichia phage vB_EcoS_PHB17	dsDNA
Changchunvirus	Tempevirinae	Drexlerviridae	MZ501099	Escherichia phage PaulSarasin strain Bas09	dsDNA
Changchunvirus	Tempevirinae	Drexlerviridae	MK778457	Escherichia phage vB_EcoS_W011D	dsDNA
Hanrivervirus	Tempevirinae	Drexlerviridae	MN850591	Escherichia phage aalborv	dsDNA
Hanrivervirus	Tempevirinae	Drexlerviridae	MN850572	Escherichia phage aaroes	dsDNA
Henuseptimavirus	Tempevirinae	Drexlerviridae	MN019128	Escherichia phage Henu7	dsDNA
Henuseptimavirus	Tempevirinae	Drexlerviridae	MZ501077	Escherichia phage IsaakIselin	dsDNA
Jahatvirus	Tempevirinae	Drexlerviridae	MK552105	Escherichia phage Jahat_MG145	dsDNA
Peekayseptimavirus	Tempevirinae	Drexlerviridae	OM317910	Klebsiella phage P-K7R	dsDNA
Pocisvirus	Tempevirinae	Drexlerviridae	MW689258	Hafnia phage Pocis76	dsDNA
Tlsvirus	Tempevirinae	Drexlerviridae	OL539462	Citrobacter phage vB_CfrD_BlueShadow	dsDNA
Tlsvirus	Tempevirinae	Drexlerviridae	OL539443	Citrobacter phage vB_CfrD_Brooksby	dsDNA
Warwickvirus	Tempevirinae	Drexlerviridae	MN850620	Escherichia phage atuna	dsDNA
Warwickvirus	Tempevirinae	Drexlerviridae	MN850582	Escherichia phage ityhuna	dsDNA
Badaguanvirus	Tunavirinae	Drexlerviridae	MH051918	Escherichia phage vB_EcoS_IME347	dsDNA
Sertoctavirus	Tunavirinae	Drexlerviridae	MZ501053	Escherichia phage BrunoManser	dsDNA
Sertoctavirus	Tunavirinae	Drexlerviridae	MF996376	Escherichia phage SRT8	dsDNA
Tunavirus	Tunavirinae	Drexlerviridae	JX912252	Escherichia phage ADB-2	dsDNA
Tunavirus	Tunavirinae	Drexlerviridae	MH285980	Escherichia phage Eco_BIFF	dsDNA
Eclunavirus		Drexlerviridae	MG732930	Enterobacter phage Ec_L1	dsDNA
Hicfunavirus		Drexlerviridae	MN545971	Citrobacter phage HCF1	dsDNA
Jhansiroadvirus		Drexlerviridae	MT360682	Vibrio phage VC1	dsDNA
Kyungwonvirus		Drexlerviridae	MH845412	Cronobacter phage CS01	dsDNA
Kyungwonvirus		Drexlerviridae	JF912400	Cronobacter phage ESP2949-1	dsDNA
Nouzillyvirus		Drexlerviridae	KY619305	Escherichia phage vB_EcoS_ESCO41	dsDNA
Sauletekiovirus		Drexlerviridae	MK095606	Pantoea phage vB_PagS_AAS23	dsDNA
Vilniusvirus		Drexlerviridae	KX130668	Escherichia phage vB_EcoS_NBD2	dsDNA
Webervirus		Drexlerviridae	OL865411	Klebsiella phage vB_1086	dsDNA
Webervirus		Drexlerviridae	MW042802	Klebsiella phage 066039	dsDNA
Ingelinevirus		Duneviridae	MT732435	Cellulophaga phage Ingeline_1	dsDNA
Labanvirus		Duneviridae	MN812211	Flavobacterium phage vB_FspS_laban6-1	dsDNA
Unahavirus		Duneviridae	KU599889	Flavobacterium phage 1H	dsDNA
Unahavirus		Duneviridae	KU599888	Flavobacterium phage 23T	dsDNA
Anathvirus		Ehrlichviridae	MG983742	Bacillus phage Anath	dsDNA
Andromedavirus		Ehrlichviridae	KC330684	Bacillus phage Andromeda	dsDNA
Andromedavirus		Ehrlichviridae	KF669648	Bacillus phage Blastoid	dsDNA
Chennaivirus		Ehrlichviridae	OR670591	Staphylococcus phage MVC_VPHSA1	dsDNA
Dazunavirus		Ehrlichviridae	OR338916	Bacillus phage DZ1	dsDNA
Gettysburgvirus		Ehrlichviridae	MN176220	Bacillus phage 019DV002	dsDNA
Gettysburgvirus		Ehrlichviridae	MN176230	Bacillus phage 056SW001B	dsDNA
Nairobivirus		Ehrlichviridae	MH884513	Bacillus phage vB_BpsS-36	dsDNA
Suttonboningtonvirus		Ehrlichviridae	MT700412	Bacillus phage 1_ICo-2020	dsDNA
Chronisvirus	Maevirinae	Felixviridae	MN013086	Klebsiella phage vB_Kpn_Chronis	dsDNA
Certevirus		Felixviridae	OL396571	Pantoea phage PdC23	dsDNA
Nakavirus		Felixviridae	PP934563	Klebsiella phage RothC	dsDNA
Freyavirus		Forsetiviridae	MT732458	Polaribacter phage Danklef_1	dsDNA
Freyavirus		Forsetiviridae	MT732463	Polaribacter phage Freya_1	dsDNA
Jamesmcgillvirus		Fredfastierviridae	DQ163914	Pseudomonas phage 119X	dsDNA
Jamesmcgillvirus		Fredfastierviridae	KU884563	Pseudomonas phage PaMx41	dsDNA
Aquaneticvirus		Grimontviridae	OP491958	Aeromonas phage APT65	dsDNA
Crifsvirus		Grimontviridae	MW343794	Cronobacter phage A24	dsDNA
Crifsvirus		Grimontviridae	JN882286	Cronobacter phage vB_CsaP_GAP52	dsDNA
Dalianvirus		Grimontviridae	MG603697	Vibrio phage Vp_R1	dsDNA
Lahexavirus		Grimontviridae	MK838112	Aeromonas phage LAh_6	dsDNA
Lahexavirus		Grimontviridae	MK838114	Aeromonas phage LAh_8	dsDNA
Libingvirus		Grimontviridae	OL799327	Aeromonas phage BUCT695	dsDNA
Lundtoftevirus		Grimontviridae	OQ829281	IncN phage Lu221	dsDNA
Moazamivirus		Grimontviridae	HM997019	Salmonella phage 7-11	dsDNA
Moazamivirus		Grimontviridae	MG873442	Salmonella phage SE131	dsDNA
Privateervirus		Grimontviridae	MT740244	Proteus phage 3H10_20	dsDNA
Privateervirus		Grimontviridae	MT664722	Proteus phage Vb_PmiP-P59	dsDNA
Capvunavirus	Denniswatsonvirinae	Guelinviridae	HM640230	Clostridium phage CpV1	dsDNA
Gregsiragusavirus	Denniswatsonvirinae	Guelinviridae	MH999279	Clostridium phage CPD2	dsDNA
Gregsiragusavirus	Denniswatsonvirinae	Guelinviridae	OQ737697	Clostridium phage cpp	dsDNA
Brucesealvirus		Guelinviridae	JQ729990	Clostridium phage phiCP7R	dsDNA
Brucesealvirus		Guelinviridae	MZ401005	Clostridium phage CPQ3	dsDNA
Hzauvirus		Guelinviridae	OM638104	Clostridium phage LPCPA6	dsDNA
Susfortunavirus		Guelinviridae	OP256049	Clostridium phage Dcp1	dsDNA
Susfortunavirus		Guelinviridae	OP894055	Clostridium phage vB_CP_gdyz_P5	dsDNA
Leefvirus		Helgolandviridae	MT732473	Polaribacter phage Leef_1	dsDNA
Agatevirus	Bastillevirinae	Herelleviridae	JX238501	Bacillus phage phiAGATE	dsDNA
Agatevirus	Bastillevirinae	Herelleviridae	KM051843	Bacillus phage Bobb	dsDNA
Bastillevirus	Bastillevirinae	Herelleviridae	JF966203	Bacillus phage Bastille	dsDNA
Bastillevirus	Bastillevirinae	Herelleviridae	KJ489397	Bacillus phage CAM003	dsDNA
Bequatrovirus	Bastillevirinae	Herelleviridae	KT307976	Bacillus phage AvesoBmore	dsDNA
Bequatrovirus	Bastillevirinae	Herelleviridae	JN790865	Bacillus phage B4	dsDNA
Caeruleovirus	Bastillevirinae	Herelleviridae	JX094431	Bacillus phage vB_BceM_Bc431v3	dsDNA
Caeruleovirus	Bastillevirinae	Herelleviridae	KJ451625	Bacillus phage Bcp1	dsDNA
Eldridgevirus	Bastillevirinae	Herelleviridae	KU253712	Bacillus phage Eldridge	dsDNA
Goettingenvirus	Bastillevirinae	Herelleviridae	MN043729	Bacillus phage vB_BmeM-Goe8	dsDNA
Grisebachstrassevirus	Bastillevirinae	Herelleviridae	KY368640	Bacillus phage vB_BsuM-Goe3	dsDNA
Jeonjuvirus	Bastillevirinae	Herelleviridae	MH606185	Bacillus phage BSP38	dsDNA
Matervirus	Bastillevirinae	Herelleviridae	KM236245	Bacillus phage Mater	dsDNA
Moonbeamvirus	Bastillevirinae	Herelleviridae	KM236246	Bacillus phage Moonbeam	dsDNA
Nitunavirus	Bastillevirinae	Herelleviridae	KF669652	Bacillus phage Grass	dsDNA
Nitunavirus	Bastillevirinae	Herelleviridae	AP013029	Bacillus phage phiNIT1	dsDNA
Shalavirus	Bastillevirinae	Herelleviridae	KU640380	Bacillus phage Shbh1	dsDNA
Siophivirus	Bastillevirinae	Herelleviridae	KC699836	Bacillus phage SIOphi	dsDNA
Tsarbombavirus	Bastillevirinae	Herelleviridae	JN797797	Bacillus phage BCP78	dsDNA
Tsarbombavirus	Bastillevirinae	Herelleviridae	JN797798	Bacillus phage BCU4	dsDNA
Wphvirus	Bastillevirinae	Herelleviridae	JN654439	Bacillus phage BPS13	dsDNA
Wphvirus	Bastillevirinae	Herelleviridae	KC430106	Bacillus phage BPS10C	dsDNA
Kochikohdavirus	Brockvirinae	Herelleviridae	ON113169	Enterococcus phage vB_OCPT_Bob	dsDNA
Kochikohdavirus	Brockvirinae	Herelleviridae	ON113168	Enterococcus phage vB_OCPT_Car	dsDNA
Schiekvirus	Brockvirinae	Herelleviridae	CAJDKA010000002	Enterococcus phage 163	dsDNA
Schiekvirus	Brockvirinae	Herelleviridae	MT856905	Enterococcus phage vB_EfaM_A2	dsDNA
Pecentumvirus	Jasinskavirinae	Herelleviridae	DQ003638	Listeria phage A511	dsDNA
Pecentumvirus	Jasinskavirinae	Herelleviridae	JQ797329	Listeria phage vB_LmoM_AG20	dsDNA
Okubovirus	Spounavirinae	Herelleviridae	KF669649	Bacillus phage CampHawk	dsDNA
Okubovirus	Spounavirinae	Herelleviridae	FJ230960	Bacillus phage SPO1	dsDNA
Siminovitchvirus	Spounavirinae	Herelleviridae	KF554508	Bacillus phage CP-51	dsDNA
Siminovitchvirus	Spounavirinae	Herelleviridae	KC595512	Bacillus phage JL	dsDNA
Baoshanvirus	Twortvirinae	Herelleviridae	MH078572	Staphylococcus phage phiSA_BS1	dsDNA
Baoshanvirus	Twortvirinae	Herelleviridae	MH028956	Staphylococcus phage phiSA_BS2	dsDNA
Kayvirus	Twortvirinae	Herelleviridae	AY954969	Staphylococcus phage G1	dsDNA
Kayvirus	Twortvirinae	Herelleviridae	JX080302	Staphylococcus phage 676Z	dsDNA
Sciuriunavirus	Twortvirinae	Herelleviridae	KX171212	Staphylococcus phage vB_SscM-1	dsDNA
Sepunavirus	Twortvirinae	Herelleviridae	KP027447	Staphylococcus phage vB_SepM_ phiIPLA-C1C	dsDNA
Sepunavirus	Twortvirinae	Herelleviridae	KF021268	Staphylococcus phage phiIBB-SEP1	dsDNA
Silviavirus	Twortvirinae	Herelleviridae	JX846612	Staphylococcus phage vB_SauM_Remus	dsDNA
Silviavirus	Twortvirinae	Herelleviridae	JX846613	Staphylococcus phage vB_SauM_Romulus	dsDNA
Twortvirus	Twortvirinae	Herelleviridae	AY954970	Staphylococcus phage Twort	dsDNA
Elpedvirus		Herelleviridae	MF787246	Lactobacillus phage LpeD	dsDNA
Harbinvirus		Herelleviridae	MG765277	Lactobacillus phage Bacchae	dsDNA
Harbinvirus		Herelleviridae	MH809531	Lactobacillus phage Bromius	dsDNA
Hopescreekvirus		Herelleviridae	KP054477	Lactobacillus phage LfeInf	dsDNA
Klumppvirus		Herelleviridae	HM242243	Brochothrix phage A9	dsDNA
Mooreparkvirus		Herelleviridae	FJ822135	Lactobacillus phage Lb338-1	dsDNA
Salchichonvirus		Herelleviridae	AY682195	Lactobacillus phage LP65	dsDNA
Tybeckvirus		Herelleviridae	MK504446	Lactobacillus phage SAC12B	dsDNA
Tybeckvirus		Herelleviridae	MK504443	Lactobacillus phage 521B	dsDNA
Watanabevirus		Herelleviridae	MK504444	Lactobacillus phage 3-521	dsDNA
Ankaravirus		Hirszfeldviridae	OR045356	Acinetobacter phage Ab69	dsDNA
Beijingvirus		Hirszfeldviridae	MH853787	Acinetobacter phage vB_AbaM_IME284	dsDNA
Brutusvirus		Hirszfeldviridae	ON036882	Acinetobacter phage Brutus	dsDNA
Burnvirus		Hirszfeldviridae	PV437273	Acinetobacter phage vB_AbaM_A72	dsDNA
Burnvirus		Hirszfeldviridae	PV471308	Acinetobacter phage HN_Aba_01	dsDNA
Cairovirus		Hirszfeldviridae	PV468792	Acinetobacter phage RM_A1	dsDNA
Cairovirus		Hirszfeldviridae	PV536160	Acinetobacter phage RM_A2	dsDNA
Chinavirus		Hirszfeldviridae	MZ593728	Acinetobacter phage BUCT628	dsDNA
Ganjingzivirus		Hirszfeldviridae	OP585104	Acinetobacter phage vB_AbaM_BP10	dsDNA
Guangzhouvirus		Hirszfeldviridae	OR526523	Acinetobacter phage vB_AbaM_AB3P2	dsDNA
Guizhouvirus		Hirszfeldviridae	MZ618622	Acinetobacter phage Abp95	dsDNA
Helsinkivirus		Hirszfeldviridae	PQ516282	Acinetobacter phage vB_AQ1	dsDNA
Helsinkivirus		Hirszfeldviridae	PP171454	Acinetobacter phage vB_AbaM_fThrA	dsDNA
Kenyavirus		Hirszfeldviridae	PP841127	Acinetobacter phage vB_Ab_01_KEN_01	dsDNA
Miklukhovirus		Hirszfeldviridae	OM471864	Acinetobacter phage Cato	dsDNA
Nosocomialisvirus		Hirszfeldviridae	PQ227708	Acinetobacter phage vB_Aba_QH4	dsDNA
Nosocomialisvirus		Hirszfeldviridae	OQ547903	Acinetobacter phage XC1	dsDNA
Obolenskvirus		Hirszfeldviridae	OR180310	Acinetobacter phage A832.1	dsDNA
Obolenskvirus		Hirszfeldviridae	JX976549	Acinetobacter phage vB_AbaM-IME-AB2	dsDNA
Pakistanvirus		Hirszfeldviridae	OR665530	Acinetobacter phage SR	dsDNA
Pittiivirus		Hirszfeldviridae	OR791279	Acinetobacter phage vB_ApiM_IME-Ap7	dsDNA
Polandvirus		Hirszfeldviridae	PV067692	Acinetobacter phage Acba_21	dsDNA
Polandvirus		Hirszfeldviridae	PP355976	Acinetobacter phage vB_AbaM_YNAF	dsDNA
Scipiovirus		Hirszfeldviridae	ON036883	Acinetobacter phage Scipio	dsDNA
Sichuanvirus		Hirszfeldviridae	PP841134	Acinetobacter phage vB_Ab_02_KEN_02	dsDNA
Sichuanvirus		Hirszfeldviridae	MN166083	Acinetobacter phage Abp9	dsDNA
Theraphagusvirus		Hirszfeldviridae	HE806280	Acinetobacter phage AP22	dsDNA
Theraphagusvirus		Hirszfeldviridae	PP977194	Acinetobacter phage vB_AbaM-SPB	dsDNA
Walailakvirus		Hirszfeldviridae	OL743187	Acinetobacter phage vB_AbM_WUPSU	dsDNA
Wenzhouvirus		Hirszfeldviridae	HM368260	Acinetobacter phage AB1	dsDNA
Wenzhouvirus		Hirszfeldviridae	PP717790	Acinetobacter phage VB_AB_Acb75	dsDNA
Kozievirus	Kutznervirinae	Hodgkinviridae	OK040792	Microbacterium phage Kozie	dsDNA
Kozievirus	Kutznervirinae	Hodgkinviridae	OR941552	Microbacterium phage MO526	dsDNA
Margaeryvirus	Kutznervirinae	Hodgkinviridae	MK937606	Microbacterium phage Margaery	dsDNA
Margaeryvirus	Kutznervirinae	Hodgkinviridae	MN813684	Microbacterium phage Terij	dsDNA
Mementomorivirus	Kutznervirinae	Hodgkinviridae	MK937591	Microbacterium phage Cinna	dsDNA
Mementomorivirus	Kutznervirinae	Hodgkinviridae	MK937608	Microbacterium phage Cressida	dsDNA
Fuzzbustervirus		Hodgkinviridae	MN062720	Microbacterium phage FuzzBuster	dsDNA
Meganvirus		Hodgkinviridae	MN586020	Microbacterium phage Megan	dsDNA
Meganvirus		Hodgkinviridae	OR159674	Microbacterium phage Nicole72	dsDNA
Metamorphoovirus		Hodgkinviridae	MN585986	Microbacterium phage Ariadne	dsDNA
Metamorphoovirus		Hodgkinviridae	MK524510	Microbacterium phage Fireman	dsDNA
Quhwahvirus		Hodgkinviridae	MT657336	Microbacterium phage ClearAsMud	dsDNA
Quhwahvirus		Hodgkinviridae	MZ622179	Microbacterium phage Honeyfin	dsDNA
Bajunvirus		Jeanschmidtviridae	ON529858	Brevundimonas phage vB_BpoS-Bajun	dsDNA
Bertelyvirus		Jeanschmidtviridae	MH588546	Caulobacter phage CcrBL9	dsDNA
Bertelyvirus		Jeanschmidtviridae	MH588547	Caulobacter phage CcrSC	dsDNA
Colossusvirus		Jeanschmidtviridae	JX100810	Caulobacter phage CcrColossus	dsDNA
Colossusvirus		Jeanschmidtviridae	MH588545	Caulobacter phage CcrPW	dsDNA
Kikimoravirus		Jeanschmidtviridae	ON529850	Brevundimonas phage vB_BpoS-Gurke	dsDNA
Kikimoravirus		Jeanschmidtviridae	ON529857	Brevundimonas phage vB_BpoS-Kikimora	dsDNA
Marchewkavirus		Jeanschmidtviridae	ON529855	Brevundimonas phage vB_BpoS-Domovoi	dsDNA
Marchewkavirus		Jeanschmidtviridae	ON529852	Brevundimonas phage vB_BpoS-Kabachok	dsDNA
Poindextervirus		Jeanschmidtviridae	MH588544	Caulobacter phage CcrBL10	dsDNA
Poindextervirus		Jeanschmidtviridae	JX100814	Caulobacter phage CcrRogue	dsDNA
Shapirovirus		Jeanschmidtviridae	JX100813	Caulobacter phage phiCbK	dsDNA
Shapirovirus		Jeanschmidtviridae	JX100809	Caulobacter phage CcrSwift	dsDNA
Cuauhnahuacvirus		Kleczkowskaviridae	MN988521	Rhizobium phage RHph_TM30	dsDNA
Cuauhnahuacvirus		Kleczkowskaviridae	MN988525	Rhizobium phage RHph_Y65	dsDNA
Akedovirus		Konodaiviridae	OP072332	Akedovirus sp. isolate 2520_67539	dsDNA
Satomivirus		Konodaiviridae	OP031061	Satomivirus sp. isolate 1827_77749	dsDNA
Shienvirus		Konodaiviridae	OP073416	Shienvirus sp. isolate 0727_113293	dsDNA
Cafassovirus		Kruegerviridae	ON970578	Gordonia phage Aleemily	dsDNA
Cafassovirus		Kruegerviridae	MZ322021	Gordonia phage Cafasso	dsDNA
Vanleevirus		Kruegerviridae	MZ028627	Gordonia phage VanLee	dsDNA
Bcepfunavirus		Lindbergviridae	EF153632	Burkholderia phage BcepF1	dsDNA
Carpasinavirus		Lindbergviridae	MH059633	Xanthomonas phage Carpasina	dsDNA
Carpasinavirus		Lindbergviridae	MT161386	Xanthomonas phage FoX6	dsDNA
Gladiolivirus		Lindbergviridae	MT708549	Burkholderia phage Maja	dsDNA
Irusalimvirus		Lindbergviridae	MW460246	Burkholderia phage BCSR52	dsDNA
Irusalimvirus		Lindbergviridae	PV388296	Burkholderia phage Karil-mokiny-1	dsDNA
Kylevirus		Lindbergviridae	MN038177	Panteoa phage Kyle	dsDNA
Myosmarvirus		Lindbergviridae	MK618717	Serratia phage MTx	dsDNA
Myosmarvirus		Lindbergviridae	MN062189	Serratia phage MyoSmar	dsDNA
Pbunavirus		Lindbergviridae	LN610589	Pseudomonas phage vB_PaeM_C1-14_Ab28	dsDNA
Pbunavirus		Lindbergviridae	MT119374	Pseudomonas phage antinowhere	dsDNA
Plutovirus		Lindbergviridae	ON529861	Luteibacter phage vB_LflM-Pluto	dsDNA
Tabernariusvirus		Lindbergviridae	MG018926	Pseudomonas phage tabernarius	dsDNA
Wifcevirus		Lindbergviridae	OR352958	Escherichia phage AV128	dsDNA
Wifcevirus		Lindbergviridae	ON210137	Escherichia phage EC150	dsDNA
Ludisvirus		Ludisviridae	PP754928	Porphyromonas phage phage005b_ATCC49417	dsDNA
Liaodongvirus		Luriaviridae	MT188223	Acinetobacter phage vB_AbaM_D22	dsDNA
Liaodongvirus		Luriaviridae	OL960030	Acinetobacter phage vB_AbaM_P1	dsDNA
Queenastridvirus		Luriaviridae	KJ473422	Acinetobacter phage vB_AbaM_Acibel004	dsDNA
Saclayvirus		Luriaviridae	PV611675	Acinetobacter phage vB_AbaM_14/CRR8	dsDNA
Saclayvirus		Luriaviridae	MT623546	Acinetobacter phage Ab_121	dsDNA
Wulsvirus		Luriaviridae	PV067693	Acinetobacter phage Acba_22	dsDNA
Wulsvirus		Luriaviridae	OZ038335	Acinetobacter phage vB_AbaM_KissB	dsDNA
Lutzvirus		Lutzviridae	OR420712	Oceanotoga phage vB_OteS-UFV02	dsDNA
Cepunavirus		Madridviridae	Z47794	Streptococcus phage Cp1	dsDNA
Cepunavirus		Madridviridae	LK392619	Streptococcus phage Cp-7	dsDNA
Pelagimarinivirus		Mariniviridae	PQ625738	Pelagibacter virus vSAG-37-F6	dsDNA
Dabrowskivirus		Mazoviaviridae	OQ846916	Alicyclobacillus myophage vB_Aac_IAFB_3916	dsDNA
Abidjanvirus	Bradleyvirinae	Mesyanzhinovviridae	LN610577	Pseudomonas phage vB_PaeS_PAO1_Ab18	dsDNA
Abidjanvirus	Bradleyvirinae	Mesyanzhinovviridae	LN610584	Pseudomonas phage vB_PaeS_PAO1_Ab19	dsDNA
Bosavirus	Bradleyvirinae	Mesyanzhinovviridae	OL674541	Stenotrophomonas phage vB_SmaS-AXL_1	dsDNA
Bosavirus	Bradleyvirinae	Mesyanzhinovviridae	LR743532	Xanthomonas phage Bosa	dsDNA
Cinvestavvirus	Bradleyvirinae	Mesyanzhinovviridae	JQ067093	Pseudomonas phage PaMx74	dsDNA
Docaquintavirus	Bradleyvirinae	Mesyanzhinovviridae	ON932079	Xanthomonas phage vB_Xar_IVIA-DoCa5	dsDNA
Donnerlittchenvirus	Bradleyvirinae	Mesyanzhinovviridae	ON529854	Janthinobacterium phage vB_JliM-Donnerlittchen	dsDNA
Elanorvirus	Bradleyvirinae	Mesyanzhinovviridae	ON189045	Xanthomonas phage Elanor	dsDNA
Epaquintavirus	Bradleyvirinae	Mesyanzhinovviridae	MT108725	Pseudomonas phage Epa5	dsDNA
Ghuizhouvirus	Bradleyvirinae	Mesyanzhinovviridae	ON005621	Stenotrophomonas phage A1432	dsDNA
Mallosvirus	Bradleyvirinae	Mesyanzhinovviridae	ON189047	Xanthomonas phage Mallos	dsDNA
Pamexvirus	Bradleyvirinae	Mesyanzhinovviridae	KU204984	Pseudomonas phage AAT-1	dsDNA
Pamexvirus	Bradleyvirinae	Mesyanzhinovviridae	JQ067089	Pseudomonas phage PaMx28	dsDNA
Xooduovirus	Bradleyvirinae	Mesyanzhinovviridae	ON331942	Stenotrophomonas phage vB_Sm_QDWS359	dsDNA
Xooduovirus	Bradleyvirinae	Mesyanzhinovviridae	KX241618	Xanthomonas phage Xoo-sp2	dsDNA
Vojvodinavirus	Rabinowitzvirinae	Mesyanzhinovviridae	KY000218	Bordetella phage CN1	dsDNA
Vojvodinavirus	Rabinowitzvirinae	Mesyanzhinovviridae	KY000219	Bordetella phage CN2	dsDNA
Yuavirus	Rabinowitzvirinae	Mesyanzhinovviridae	PP661417.1	Pseudomonas phage Bella	dsDNA
Yuavirus	Rabinowitzvirinae	Mesyanzhinovviridae	OQ992553.1	Pseudomonas phage Clover	dsDNA
Keylargovirus		Mesyanzhinovviridae	AY576273	Alphaproteobacteria phage PhiJL001	dsDNA
Mollyvirus		Molycolviridae	MT732450	Maribacter phage Colly_1	dsDNA
Mollyvirus		Molycolviridae	MT732451	Maribacter phage Molly_1	dsDNA
Kuravirus	Gordonclarkvirinae	Mtkvariviridae	MZ234028	Escherichia phage vB_EcoP-CHD5UKE1	dsDNA
Kuravirus	Gordonclarkvirinae	Mtkvariviridae	MN715356	Escherichia phage vB_EcoP_EcoN5	dsDNA
Nieuwekanaalvirus	Gordonclarkvirinae	Mtkvariviridae	MG748548	Escherichia phage EP335	dsDNA
Nieuwekanaalvirus	Gordonclarkvirinae	Mtkvariviridae	KF981730	Escherichia phage KBNP1711	dsDNA
Suseptimavirus	Gordonclarkvirinae	Mtkvariviridae	MZ234017	Escherichia phage vB_EcoP-101114UKE3	dsDNA
Suseptimavirus	Gordonclarkvirinae	Mtkvariviridae	JX415536	Escherichia phage ECBP2	dsDNA
Noahvirus		Naomviridae	MN602266	Bacteriophage DSS3_VP1	dsDNA
Dewhirstvirus		Nixviridae	BK068097	Porphyromonas phage phage016a_WW2866	dsDNA
Dewhirstvirus		Nixviridae	BK068098	Porphyromonas phage phage017a_JCVISC001	dsDNA
Excelsiorvirus		Nixviridae	BK068107	Porphyromonas phage phage026a_KCOM2802	dsDNA
Haasevirus		Nixviridae	BK068106	Porphyromonas phage phage025a_SJD11	dsDNA
Haasevirus		Nixviridae	BK068108	Porphyromonas phage phage027a_F0568	dsDNA
Nixvirus		Nixviridae	BK068113	Porphyromonas phage phage032a_KCOM2801	dsDNA
Schifferlevirus		Nixviridae	BK068101	Porphyromonas phage phage020a_SJD2	dsDNA
Schifferlevirus		Nixviridae	BK068103	Porphyromonas phage phage022a_WW2931	dsDNA
Bonaevitaevirus	Pelczarvirinae	Orlajensenviridae	MH045556	Microbacterium phage BonaeVitae	dsDNA
Efekovirus	Pelczarvirinae	Orlajensenviridae	MH825700	Microbacterium phage Efeko	dsDNA
Paopuvirus	Pelczarvirinae	Orlajensenviridae	MN585990	Microbacterium phage Azizam	dsDNA
Paopuvirus	Pelczarvirinae	Orlajensenviridae	MT521990	Microbacterium phage Bri160	dsDNA
Bacelvirus		Pachyviridae	KC821622	Cellulophaga phage phi46:3	dsDNA
Baltivirus		Pachyviridae	KC821633	Cellulophaga phage phi13:2	dsDNA
Baltivirus		Pachyviridae	KC821620	Cellulophaga phage phi18:3	dsDNA
Gundelvirus		Pachyviridae	MT732474	Tenacibaculum phage Gundel_1	dsDNA
Acarajevirus		Peduoviridae	PP316168	Ralstonia phage AB1	dsDNA
Aptresvirus		Peduoviridae	KP966108	Burkholderia phage AP3	dsDNA
Aptresvirus		Peduoviridae	MT701591	Burkholderia phage Mana	dsDNA
Aresaunavirus		Peduoviridae	AB276040	Ralstonia phage RSA1	dsDNA
Aresaunavirus		Peduoviridae	MG747435	Ralstonia phage RsoM1USA	dsDNA
Arsenicumvirus		Peduoviridae	MZ568829	Shewanella phage vB_SspM_M16-3	dsDNA
Arsyunavirus		Peduoviridae	AB981169	Ralstonia phage RSY1	dsDNA
Baylorvirus		Peduoviridae	KP137436	Mannheimia phage vB_MhM_1127AP1	dsDNA
Baylorvirus		Peduoviridae	DQ426904	Mannheimia phage PHL101	dsDNA
Bielevirus		Peduoviridae	OP484843	Aeromonas phage A051	dsDNA
Bielevirus		Peduoviridae	DQ674738	Aeromonas phage phiO18P	dsDNA
Bracchivirus		Peduoviridae	MF417929	uncultured Caudovirales phage clone 2F_1	dsDNA
Canoevirus		Peduoviridae	MG592573	Vibrio phage 1.202.O._10N.222.45.E8	dsDNA
Catalunyavirus		Peduoviridae	KY045851	Pseudoalteromonas phage C5a	dsDNA
Citexvirus		Peduoviridae	MK511066	Pseudomonas phage vB_Pae_BR319a	dsDNA
Citexvirus		Peduoviridae	MK034952	Pseudomonas phage Dobby	dsDNA
Dagavirus		Peduoviridae	MK422453	Klebsiella phage ST13-OXA48phi12.1	dsDNA
Duodecimduovirus		Peduoviridae	CP000624	Burkholderia phage phiE12-2	dsDNA
Duonihilunusvirus		Peduoviridae	OM046627	Yersinia phage vB_YenM_56.17	dsDNA
Duonihilunusvirus		Peduoviridae	OM046626	Yersinia phage vB_YenM_06.16-2	dsDNA
Eganvirus		Peduoviridae	MZ520833	Salmonella phage BIS20	dsDNA
Eganvirus		Peduoviridae	MF276773	Erwinia phage EtG	dsDNA
Elveevirus		Peduoviridae	KY271398	Klebsiella phage 4LV2017	dsDNA
Elveevirus		Peduoviridae	OV696611	Escherichia phage Cartapus	dsDNA
Entnonagintavirus		Peduoviridae	HQ110084	Erwinia phage ENT90	dsDNA
Evevirus		Peduoviridae	LR597637	Escherichia phage ESSI2_ev239	dsDNA
Felsduovirus		Peduoviridae	AE006468 (2844298.2877981)	Salmonella phage Fels2	dsDNA
Felsduovirus		Peduoviridae	QUVN01000024	Salmonella phage IN60	dsDNA
Finvirus		Peduoviridae	CP038625	Arsenophonus phage FIN13	dsDNA
Firavirus		Peduoviridae	OM046624	Yersinia phage vB_YenM_42.18	dsDNA
Gegavirus		Peduoviridae	MK433578	Klebsiella phage ST15-OXA48phi14.1	dsDNA
Gegevirus		Peduoviridae	MK416011	Klebsiella phage ST437-OXA245phi4.1	dsDNA
Gemsvirus		Peduoviridae	CP025901	Escherichia phage 500465-2	dsDNA
Graikaemvirus		Peduoviridae	OM140653	Yersinia phage vB_YenM_31.17	dsDNA
Hpunavirus		Peduoviridae	U24159	Haemophilus phage HP1	dsDNA
Hpunavirus		Peduoviridae	AY027935	Haemophilus phage HP2	dsDNA
Inibicvirus		Peduoviridae	ON470592	Escherichia phage vB_EcoM-613R3	dsDNA
Irrigatiovirus		Peduoviridae	MK972712	Salmonella phage SI7	dsDNA
Irtavirus		Peduoviridae	OQ025560	Pasteurella phage vB_PmuM_CFP3	dsDNA
Irtavirus		Peduoviridae	DQ114220	Pasteurella phage F108	dsDNA
Kapieceevirus		Peduoviridae	MK422449	Klebsiella phage ST512-KPC3phi13.2	dsDNA
Kayeltresvirus		Peduoviridae	GU911304	Burkholderia phage KL3	dsDNA
Kayeltresvirus		Peduoviridae	OM638610	Burkholderia phage Menos	dsDNA
Kisquattuordecimvirus		Peduoviridae	LC528882	Burkholderia phage FLC5 DNA	dsDNA
Kisquattuordecimvirus		Peduoviridae	LC667452	Burkholderia phage FLC10	dsDNA
Kisquinquevirus		Peduoviridae	ON642070	Burkholderia phage Carl1	dsDNA
Kisquinquevirus		Peduoviridae	GU911303	Burkholderia phage KS5	dsDNA
Longwoodvirus		Peduoviridae	AF125163	Bacteriophage K139	dsDNA
Maltschvirus		Peduoviridae	LR797314	uncultured Caudovirales phage	dsDNA
Mersinvirus		Peduoviridae	JAEILC010000038	Pseudomonas phage YA0848V	dsDNA
Nampongvirus		Peduoviridae	KC462197	Burkholderia phage ST79	dsDNA
Novemvirus		Peduoviridae	MG589387	Enterobacter phage phiT5282H	dsDNA
Peduovirus		Peduoviridae	OM475429	Escherichia phage 11W	dsDNA
Peduovirus		Peduoviridae	OV192280	Escherichia phage AC1	dsDNA
Phitrevirus		Peduoviridae	KT887559	Pseudomonas phage phi3	dsDNA
Piscesmortuivirus		Peduoviridae	OL348188	Aeromonas phage vB_AsaM_LPM4	dsDNA
Playavirus		Peduoviridae	KX774374	Salinivibrio phage SMHB1	dsDNA
Plazymidvirus		Peduoviridae	CP023680	Zymomonas phage ZM36	dsDNA
Plazymidvirus		Peduoviridae	CP023686	Zymomonas phage ZM41	dsDNA
Quadragintavirus		Peduoviridae	LR597649	Escherichia phage ESSI2_ev015	dsDNA
Quadragintavirus		Peduoviridae	LR597638	Escherichia phage ESSI2_ev040	dsDNA
Reginaelenavirus		Peduoviridae	KY271397	Klebsiella phage 3LV2017	dsDNA
Reipivirus		Peduoviridae	MK416015	Klebsiella phage ST16-OXA48phi5.4	dsDNA
Sanguivirus		Peduoviridae	CP014526	Haematospirillum phage H5569V	dsDNA
Senquatrovirus		Peduoviridae	KT630645	Salmonella phage SEN4	dsDNA
Seongnamvirus		Peduoviridae	HQ110083	Cronobacter phage ESSI-2	dsDNA
Simpcentumvirus		Peduoviridae	JQ809663	Stenotrophomonas phage Smp131	dsDNA
Tigrvirus		Peduoviridae	OM304382	Burkholderia phage PhiBP82.2	dsDNA
Tigrvirus		Peduoviridae	CP000623	Burkholderia phage phiE202	dsDNA
Tresduoquattuorvirus		Peduoviridae	OM095401	Yersinia phage vB_YenM_324	dsDNA
Valbvirus		Peduoviridae	MT662115	Vibrio phage ValB1MD-2	dsDNA
Vimunumvirus		Peduoviridae	MK416018	Klebsiella phage ST147-VIM1phi7.1	dsDNA
Vulnificusvirus		Peduoviridae	HG803181	Vibrio phage PV94	dsDNA
Wadgaonvirus		Peduoviridae	CP025900	Escherichia phage 500465-1	dsDNA
Xuanwuvirus		Peduoviridae	KP063541	Escherichia phage P88	dsDNA
Xuanwuvirus		Peduoviridae	LR595891	Escherichia phage P88_4B11	dsDNA
Yongunavirus		Peduoviridae	MN563793	Vibrio phage vB_ValM-yong1	dsDNA
Yulgyerivirus		Peduoviridae	CP052639	Klebsiella phage E16KP0115V	dsDNA
Callevirus		Pervagoviridae	MT732432	Cellulophaga phage Calle_1	dsDNA
Callevirus		Pervagoviridae	KC821614	Cellulophaga phage phi38:1	dsDNA
Corunyavirus		Pituviridae	MK422452	Klebsiella phage ST13-OXA48phi12.2	dsDNA
Keypisivirus		Pituviridae	MK416017	Klebsiella phage ST101-KPC2phi6.3	dsDNA
Oxavirus		Pituviridae	MK422450	Klebsiella phage ST13-OXA48phi12.4	dsDNA
Pituvirus		Pituviridae	PQ351753	Klebsiella phage vB_VIPKPNMC05	dsDNA
Samsivirus		Pituviridae	OK490458	Klebsiella phage Kp4880-2	dsDNA
Vimivirus		Pituviridae	OK490474	Klebsiella phage Kp4887-3	dsDNA
Vimivirus		Pituviridae	MK448232	Klebsiella phage ST147-VIM1phi7.2	dsDNA
Xubiasivirus		Pituviridae	ON470608	Escherichia phage vB_EcoS-733R5	dsDNA
Trinifflemingvirus	Staniewskivirinae	Pootjesviridae	MN988532	Rhizobium phage RHph_I1_9	dsDNA
Trinifflemingvirus	Staniewskivirinae	Pootjesviridae	MN988534	Rhizobium phage RHph_N34	dsDNA
Emnonavirus		Pootjesviridae	KP881232	Sinorhizobium phage phiM9	dsDNA
Heverleevirus		Pootjesviridae	MT234342	Agrobacterium phage OLIVR5	dsDNA
Innesvirus		Pootjesviridae	MT778837	Rhizobium phage AF3	dsDNA
Innesvirus		Pootjesviridae	KM199770	Rhizobium phage vB_RleM_P10VF	dsDNA
Rollinsvirus		Pootjesviridae	MF403007	Agrobacterium phage Atu_ph04	dsDNA
Andhravirus	Rakietenvirinae	Rountreeviridae	KY442063	Staphylococcus phage Andhra	dsDNA
Andhravirus	Rakietenvirinae	Rountreeviridae	MT596500	Staphylococcus phage BESEP3	dsDNA
Rosenblumvirus	Rakietenvirinae	Rountreeviridae	MG766218	Staphylococcus phage vB_SauP_phiAGO1.3	dsDNA
Rosenblumvirus	Rakietenvirinae	Rountreeviridae	KM366100	Staphylococcus phage BP39	dsDNA
Copernicusvirus	Sarlesvirinae	Rountreeviridae	MT757399	Enterococcus phage AE4_17	dsDNA
Copernicusvirus	Sarlesvirinae	Rountreeviridae	MK721188	Enterococcus phage vB_EfaP_Ef6.2	dsDNA
Minhovirus	Sarlesvirinae	Rountreeviridae	KT945995	Enterococcus phage vB_EfaP_IME199	dsDNA
Minhovirus	Sarlesvirinae	Rountreeviridae	MK360025	Enterococcus phage vB_EfaP_Zip	dsDNA
Fischettivirus		Rountreeviridae	AY212251	Streptococcus phage C1	dsDNA
Negarvirus		Rountreeviridae	KJ528544	Lactococcus phage WP-2	dsDNA
Arthrovirus		Saffermanviridae	MT457475	Arthronema virus TR020	dsDNA
Kozyakovvirus		Saffermanviridae	KF356198	Anabaena phage A-4L	dsDNA
Morrisvirus		Saffermanviridae	ON677538	Plectonema phage JingP1	dsDNA
Morrisvirus		Saffermanviridae	OP589309	Leptolyngbya phage LPP-1	dsDNA
Wumpquatrovirus		Saffermanviridae	OM897575	Leptolyngbya phage Lbo240-yong1	dsDNA
Wumpquatrovirus		Saffermanviridae	DQ875742	Phormidium phage Pf-WMP4	dsDNA
Wumptrevirus		Saffermanviridae	OP590147	Leptolyngbya phage LPP-2, strain SPI	dsDNA
Wumptrevirus		Saffermanviridae	KF598865	Cyanophage PP	dsDNA
Claudivirus	Northropvirinae	Salasmaviridae	KX349899	Bacillus phage Aurora	dsDNA
Claudivirus	Northropvirinae	Salasmaviridae	MT777452	Bacillus phage Baseball_field	dsDNA
Hemphillvirus	Northropvirinae	Salasmaviridae	OQ187816	Bacillus phage BC-5	dsDNA
Hemphillvirus	Northropvirinae	Salasmaviridae	MK284526	Bacillus phage DK1	dsDNA
Klosterneuburgvirus	Northropvirinae	Salasmaviridae	KC685370	Bacillus phage MG-B1	dsDNA
Layangcvirus	Northropvirinae	Salasmaviridae	ON366412	Bacillus phage vB_BceP_LY3	dsDNA
Bahkauvirus	Picovirinae	Salasmaviridae	ON042750	Bacillus phage Chedec 11	dsDNA
Beecentumtrevirus	Picovirinae	Salasmaviridae	X99260	Bacillus phage B103	dsDNA
Beecentumtrevirus	Picovirinae	Salasmaviridae	KU831549	Bacillus phage vB_BsuP-Goe1	dsDNA
Salasvirus	Picovirinae	Salasmaviridae	MF407276	Bacillus phage vB_BveP-Goe6	dsDNA
Salasvirus	Picovirinae	Salasmaviridae	MT459794	Bacillus phage Gxv1	dsDNA
Gaunavirus	Tatarstanvirinae	Salasmaviridae	X96987	Bacillus phage GA1	dsDNA
Gaunavirus	Tatarstanvirinae	Salasmaviridae	MN857617	Bacillus phage SRT01hs	dsDNA
Karezivirus	Tatarstanvirinae	Salasmaviridae	MN082625	Bacillus phage Karezi	dsDNA
Bundooravirus		Salasmaviridae	MN524844	Bacillus phage vB_Bpu_PumA1	dsDNA
Bundooravirus		Salasmaviridae	MN524845	Bacillus phage vB_Bpu_PumA2	dsDNA
Harambevirus		Salasmaviridae	KY921761	Bacillus phage BeachBum	dsDNA
Harambevirus		Salasmaviridae	KY821088	Bacillus phage Harambe	dsDNA
Huangshavirus		Salasmaviridae	MW012634	Bacillus phage Dlc1	dsDNA
Mingyongvirus		Salasmaviridae	KT780304	Bacillus phage VMY22	dsDNA
Cornellvirus	Guernseyvirinae	Sarkviridae	ON720976	Salmonella phage GRNsp27	dsDNA
Cornellvirus	Guernseyvirinae	Sarkviridae	MK479295	Salmonella phage vB_SenS_SE1	dsDNA
Jerseyvirus	Guernseyvirinae	Sarkviridae	JX297445	Salmonella phage vB_SenS_AG11	dsDNA
Jerseyvirus	Guernseyvirinae	Sarkviridae	MT074473	Salmonella phage blauehaus	dsDNA
Kagunavirus	Guernseyvirinae	Sarkviridae	KY295895	Escherichia phage G_AB-2017	dsDNA
Kagunavirus	Guernseyvirinae	Sarkviridae	MG099933	Escherichia phage vB_EcoS-Golestan	dsDNA
Otakuvirus		Sarkviridae	ON087563	Serratia phage vB_SmaM-Otaku	dsDNA
Otakuvirus		Sarkviridae	MW082583	Serratia phage Tsm2	dsDNA
Seretavirus		Sarkviridae	KC460990	Serratia phage Eta	dsDNA
Atduovirus	Brisouvirinae	Schitoviridae	PQ656108	Acinetobacter phage At2	dsDNA
Exceevirus	Brisouvirinae	Schitoviridae	MN508356	Acinetobacter phage VB_ApiP_XC38	dsDNA
Nacbunavirus	Brisouvirinae	Schitoviridae	OQ032511	Acinetobacter phage nACB1	dsDNA
Acanvirus	Demetervirinae	Schitoviridae	MW980066	Rhizobium phage RHEph16	dsDNA
Acanvirus	Demetervirinae	Schitoviridae	MW980071	Rhizobium phage RHEph22	dsDNA
Cyamitesvirus	Demetervirinae	Schitoviridae	MN988555	Rhizobium phage RHph_I1_6	dsDNA
Cyamitesvirus	Demetervirinae	Schitoviridae	MN988517	Rhizobium phage RHph_N38	dsDNA
Enquatrovirus	Enquatrovirinae	Schitoviridae	EF056009	Escherichia phage N4	dsDNA
Gamaleyavirus	Enquatrovirinae	Schitoviridae	OZ035810	Escherichia phage AN24P2	dsDNA
Gamaleyavirus	Enquatrovirinae	Schitoviridae	KF192075	Escherichia phage vB_EcoP_PhAPEC5	dsDNA
Kaypoctavirus	Enquatrovirinae	Schitoviridae	PQ741797	Klebsiella phage vB_KoxiM_BaqKoxi	dsDNA
Kaypoctavirus	Enquatrovirinae	Schitoviridae	PV533664	Klebsiella phage vB_KpiP_JZBo1	dsDNA
Moovirus	Enquatrovirinae	Schitoviridae	MZ358387	Shigella virus Moo19	dsDNA
Johnsonvirus	Erskinevirinae	Schitoviridae	KF806588	Erwinia phage Ea9-2	dsDNA
Johnsonvirus	Erskinevirinae	Schitoviridae	KX098389	Erwinia phage vB_EamP_Frozen	dsDNA
Yonginvirus	Erskinevirinae	Schitoviridae	MH160392	Erwinia phage phiEaP8	dsDNA
Matsuvirus	Fuhrmanvirinae	Schitoviridae	JF974296	Pseudoalteromonas phage pYD6-A	dsDNA
Stoningtonvirus	Fuhrmanvirinae	Schitoviridae	OR204649	Vibrio phage PJN101	dsDNA
Stoningtonvirus	Fuhrmanvirinae	Schitoviridae	HQ634194	Vibrio phage VBP47	dsDNA
Pacinivirus	Gaffkyvirinae	Schitoviridae	KP280062	Vibrio phage phi 1	dsDNA
Pacinivirus	Gaffkyvirinae	Schitoviridae	OP313112	Vibrio phage 12VC501	dsDNA
Vicoquintavirus	Gaffkyvirinae	Schitoviridae	KY612839	Vibrio phage pVco-5	dsDNA
Cavevirus	Gebvirinae	Schitoviridae	OM158235	Stenotrophomonas phage C121	dsDNA
Dowsonvirus	Gebvirinae	Schitoviridae	OP562166	Xanthomonas virus PB119	dsDNA
Philippevirus	Gebvirinae	Schitoviridae	MZ326861	Stenotrophomonas phage Philippe	dsDNA
Pokkenvirus	Gebvirinae	Schitoviridae	MZ326856	Stenotrophomonas phage Paxi	dsDNA
Pokkenvirus	Gebvirinae	Schitoviridae	MZ326857	Stenotrophomonas phage Piffle	dsDNA
Riverridervirus	Gebvirinae	Schitoviridae	MG983743	Xanthomonas phage RiverRider	dsDNA
Ithacavirus	Humphriesvirinae	Schitoviridae	PQ785583	Salmonella phage As2	dsDNA
Ithacavirus	Humphriesvirinae	Schitoviridae	OM858838	Shigella phage B2	dsDNA
Pollockvirus	Humphriesvirinae	Schitoviridae	KM236242	Escherichia phage Pollock	dsDNA
Pylasvirus	Humphriesvirinae	Schitoviridae	MN163281	Klebsiella phage KpCHEMY26	dsDNA
Pylasvirus	Humphriesvirinae	Schitoviridae	PP056534	Klebsiella phage MY01	dsDNA
Triduovirus	Humphriesvirinae	Schitoviridae	MW544066	Salmonella phage vB_SalP_TR2	dsDNA
Litunavirus	Migulavirinae	Schitoviridae	HG962375	Pseudomonas phage vB_PaeP_C2-10_Ab09	dsDNA
Litunavirus	Migulavirinae	Schitoviridae	ON857943	Pseudomonas phage vB_PaeP_FBPa1	dsDNA
Luzseptimavirus	Migulavirinae	Schitoviridae	LC064302	Pseudomonas phage KPP21	dsDNA
Luzseptimavirus	Migulavirinae	Schitoviridae	FN422398	Pseudomonas phage LUZ7	dsDNA
Dorisvirus	Pontosvirinae	Schitoviridae	MG592470	Vibrio phage 1.097.O._10N.286.49.B3	dsDNA
Galateavirus	Pontosvirinae	Schitoviridae	KX889068	Vibrio phage vB_VspP_pVa5	dsDNA
Nahantvirus	Pontosvirinae	Schitoviridae	MG592410	Vibrio phage 1.026.O._10N.222.49.C7	dsDNA
Aoqinvirus	Rhodovirinae	Schitoviridae	KU885989	Roseobacter phage RD-1410W1-01	dsDNA
Aorunvirus	Rhodovirinae	Schitoviridae	FJ591094	Sulfitobacter phage EE36phi1	dsDNA
Aorunvirus	Rhodovirinae	Schitoviridae	MH015250	Ruegeria phage vB_RpoP-V12	dsDNA
Axvirus	Rhodovirinae	Schitoviridae	OQ722443	Sulfitobacter phage vB_SupP_AX	dsDNA
Baltimorevirus	Rhodovirinae	Schitoviridae	KJ621082	Dinoroseobacter phage DFL12phi1	dsDNA
Gonggongvirus	Rhodovirinae	Schitoviridae	MZ773648	Dinoroseobacter phage vB_DshP-R7L	dsDNA
Plymouthvirus	Rhodovirinae	Schitoviridae	FR719956	Roseovarius phage vB_RsvN_RPP1; Roseovarius Plymouth podophage 1	dsDNA
Pomeroyivirus	Rhodovirinae	Schitoviridae	MH015256	Ruegeria phage vB_RpoP-V13	dsDNA
Raunefjordenvirus	Rhodovirinae	Schitoviridae	HQ317387	Sulfitobacter phage phiCB2047-B	dsDNA
Sanyabayvirus	Rhodovirinae	Schitoviridae	KU885988	Dinoroseobacter phage DS-1410Ws-06	dsDNA
Dongdastvirus	Rothmandenesvirinae	Schitoviridae	KT321317	Achromobacter phage phiAxp-3	dsDNA
Dongdastvirus	Rothmandenesvirinae	Schitoviridae	MK962626	Achromobacter phage vB_AxyP_19-32_Axy04	dsDNA
Inbricusvirus	Rothmandenesvirinae	Schitoviridae	MG018928	Pseudomonas phage inbricus	dsDNA
Jwalphavirus	Rothmandenesvirinae	Schitoviridae	KF787095	Achromobacter phage JWAlpha	dsDNA
Pourcelvirus	Rothmandenesvirinae	Schitoviridae	MK962629	Achromobacter phage vB_AxyP_19-32_Axy10	dsDNA
Pourcelvirus	Rothmandenesvirinae	Schitoviridae	MK962630	Achromobacter phage vB_AxyP_19-32_Axy11	dsDNA
Cbunavirus	Waldeevirinae	Schitoviridae	KY769270	Pectobacterium phage phiA41	dsDNA
Cbunavirus	Waldeevirinae	Schitoviridae	KY514264	Pectobacterium phage vB_PatP_CB1	dsDNA
Efbeekayvirus	Waldeevirinae	Schitoviridae	OP413831	Klebsiella phage pKP-BM327-1.1	dsDNA
Efbeekayvirus	Waldeevirinae	Schitoviridae	OP413827	Klebsiella phage pKP-BM327-1.2	dsDNA
Ekoctavirus	Waldeevirinae	Schitoviridae	PQ805430	Escherichia phage EK8	dsDNA
Mifoctavirus	Waldeevirinae	Schitoviridae	PP700702	Erwinia phage MIF8	dsDNA
Sabivirus	Waldeevirinae	Schitoviridae	PQ864023	Enterobacter phage vB_Ecl_SABI	dsDNA
Aquintavirus		Schitoviridae	OP481051	Alteromonas phage vB_AemP_PT15-A5	dsDNA
Aracevirus		Schitoviridae	PP179312	Pseudomonas phage Arace01	dsDNA
Dendoorenvirus		Schitoviridae	KM879221	Delftia phage RG-2014	dsDNA
Dongfangvirus		Schitoviridae	OM687511	Burkholderia phage vB_BpP_HN01	dsDNA
Dongfangvirus		Schitoviridae	PP079243	Burkholderia phage vB_BpP_HN02	dsDNA
Eceepunavirus		Schitoviridae	HQ641380	Enterobacter phage EcP1	dsDNA
Electravirus		Schitoviridae	MK301608	Vibrio virus vB_VspP_SBP1	dsDNA
Geeundevigintivirus		Schitoviridae	PV483189	Pantoea phage G19	dsDNA
Huelvavirus		Schitoviridae	MN228696	Sinorhizobium phage ort11	dsDNA
Littlefixvirus		Schitoviridae	MH179480	Pseudomonas phage 98PfluR60PP	dsDNA
Littlefixvirus		Schitoviridae	MG775260	Pseudomonas phage Littlefix	dsDNA
Manannanvirus		Schitoviridae	OZ195695	Vibrio phage D456 g1	dsDNA
Mukerjeevirus		Schitoviridae	MG592591	Vibrio phage 1.224.A._10N.261.48.B1	dsDNA
Mukerjeevirus		Schitoviridae	MG592554	Vibrio phage 1.188.A._10N.286.51.A6	dsDNA
Oliverunavirus		Schitoviridae	MT234338	Agrobacterium phage OLIVR1	dsDNA
Pariacacavirus		Schitoviridae	MG592603	Vibrio phage 1.238.A._10N.261.52.F10	dsDNA
Pariacacavirus		Schitoviridae	MG592610	Vibrio phage 1.245.O._10N.261.54.C7	dsDNA
Pastisvirus		Schitoviridae	OQ818705	Erwinia phage Pastis	dsDNA
Peegeeundecimvirus		Schitoviridae	OP745480	Vibrio phage vB_VhaP_PG11	dsDNA
Penintadodekavirus		Schitoviridae	MN584918	Vibrio phage phi50-12	dsDNA
Petruschkyvirus		Schitoviridae	OK149171	Alcaligenes phage vB_Af_QDWS595	dsDNA
Presleyvirus		Schitoviridae	KF669658	Acinetobacter phage Presley	dsDNA
Roskoffvirus		Schitoviridae	OZ195759	Vibrio phage D500	dsDNA
Shizishanvirus		Schitoviridae	MH382836	Pseudomonas phage phCDa	dsDNA
Varunavirus		Schitoviridae	MZ447858	Vibrio phage BUCT194	dsDNA
Varunavirus		Schitoviridae	OR102882	Vibrio phage vB_VpaP-MS02	dsDNA
Viundeviginityvirus		Schitoviridae	OP751378	Alteromonas phage vB_AmeP_PT11-V19	dsDNA
Waedenswilvirus		Schitoviridae	HQ728266	Erwinia phage vB_EamP-S6	dsDNA
Xoxocotlavirus		Schitoviridae	MW960036	Rhizobium phage RHph_X2_28B	dsDNA
Zicotriavirus		Schitoviridae	KU356690	Pseudomonas phage ZC03	dsDNA
Zicotriavirus		Schitoviridae	KU356691	Pseudomonas phage ZC08	dsDNA
Zurivirus		Schitoviridae	PV565042	Pseudomonas phage Ebordelon	dsDNA
Zurivirus		Schitoviridae	PV565043	Pseudomonas phage Holyagarpour	dsDNA
Clownvirus	Frickvirinae	Stackebrandtviridae	MT771343	Gordonia phage Clown	dsDNA
Riverraidervirus	Frickvirinae	Stackebrandtviridae	PQ184823.1	Gordonia phage RiverRaider	dsDNA
Wizardvirus	Frickvirinae	Stackebrandtviridae	MK864266	Gordonia phage Arri	dsDNA
Wizardvirus	Frickvirinae	Stackebrandtviridae	MK937603	Gordonia phage Bakery	dsDNA
Dexdertvirus	Schenleyvirinae	Stackebrandtviridae	MW314849	Gordonia phage Dexdert	dsDNA
Dexdertvirus	Schenleyvirinae	Stackebrandtviridae	KR053200	Gordonia phage GTE6	dsDNA
Kroosvirus	Schenleyvirinae	Stackebrandtviridae	MH651168	Gordonia phage Ashertheman	dsDNA
Kroosvirus	Schenleyvirinae	Stackebrandtviridae	MH976509	Gordonia phage Bizzy	dsDNA
Leonardvirus	Schenleyvirinae	Stackebrandtviridae	MH669000	Gordonia phage Ali17	dsDNA
Leonardvirus	Schenleyvirinae	Stackebrandtviridae	MN586047	Gordonia phage EMoore	dsDNA
Vividuovirus	Schenleyvirinae	Stackebrandtviridae	MH976507	Gordonia phage Ailee	dsDNA
Vividuovirus	Schenleyvirinae	Stackebrandtviridae	MH651166	Gordonia phage Angelicage	dsDNA
Zitchvirus	Schenleyvirinae	Stackebrandtviridae	ON755186	Gordonia phage APunk	dsDNA
Zitchvirus	Schenleyvirinae	Stackebrandtviridae	ON456337	Gordonia phage Sampson	dsDNA
Lilbeanievirus		Stackebrandtviridae	MW314850	Gordonia phage Lilbeanie	dsDNA
Coruscantvirus	Boydwoodruffvirinae	Stanwilliamsviridae	MT711976	Streptomyces phage Coruscant	dsDNA
Karimacvirus	Boydwoodruffvirinae	Stanwilliamsviridae	MH590599	Streptomyces phage Karimac	dsDNA
Karimacvirus	Boydwoodruffvirinae	Stanwilliamsviridae	MH590597	Streptomyces phage LukeCage	dsDNA
Samistivirus	Boydwoodruffvirinae	Stanwilliamsviridae	MT310865	Streptomyces phage Bmoc	dsDNA
Samistivirus	Boydwoodruffvirinae	Stanwilliamsviridae	MN096371	Streptomyces phage Braelyn	dsDNA
Tomasvirus	Boydwoodruffvirinae	Stanwilliamsviridae	OL829978	Streptomyces phage Tomas	dsDNA
Annadreamyvirus	Loccivirinae	Stanwilliamsviridae	MH536811	Streptomyces phage Annadreamy	dsDNA
Annadreamyvirus	Loccivirinae	Stanwilliamsviridae	MH536814	Streptomyces phage Blueeyedbeauty	dsDNA
Faustvirus	Loccivirinae	Stanwilliamsviridae	MT684598	Streptomyces phage Faust	dsDNA
Faustvirus	Loccivirinae	Stanwilliamsviridae	MW822145	Streptomyces phage TunaTartare	dsDNA
Gilsonvirus	Loccivirinae	Stanwilliamsviridae	MH651172	Streptomyces phage Comrade	dsDNA
Gilsonvirus	Loccivirinae	Stanwilliamsviridae	MK061412	Streptomyces phage Gilson	dsDNA
Wakandavirus	Loccivirinae	Stanwilliamsviridae	MT024872	Streptomyces phage Muntaha	dsDNA
Wakandavirus	Loccivirinae	Stanwilliamsviridae	MT024865	Streptomyces phage Wakanda	dsDNA
Wilnyevirus	Loccivirinae	Stanwilliamsviridae	MG757153	Streptomyces phage BillNye	dsDNA
Totsukavirus		Toyamaviridae	OP074812	Totsukavirus sp. isolate 2698_63430	dsDNA
Ushigomevirus		Toyamaviridae	OP030930	Ushigomevirus sp. isolate 1319_99498	dsDNA
Wadatovirus		Toyamaviridae	OP072217	Wadatovirus sp. isolate 2120_77420	dsDNA
Rivavirus	Polsinellivirinae	Trautnerviridae	MN176219	Bacillus phage 000TH010	dsDNA
Rivavirus	Polsinellivirinae	Trautnerviridae	MN176227	Bacillus phage 049ML001	dsDNA
Splendidredvirus	Polsinellivirinae	Trautnerviridae	MH752385	Bacillus phage Ray17	dsDNA
Splendidredvirus	Polsinellivirinae	Trautnerviridae	MN013088	Bacillus phage vB_BspS_SplendidRed	dsDNA
Prospektnaukivirus		Trautnerviridae	MN604230	Bacillus phage vB_BcM_Sam112	dsDNA
Moriyavirus		Umezonoviridae	OP072523	Moriyavirus sp. isolate 3108_57610	dsDNA
Moriyavirus		Umezonoviridae	OP072636	Moriyavirus sp. isolate 3451_82951	dsDNA
Namikivirus		Umezonoviridae	OP072489	Namikivirus sp. isolate 2995_93294	dsDNA
Namikivirus		Umezonoviridae	OP072486	Namikivirus sp. isolate 2991_115465	dsDNA
Dilongvirus	Gorskivirinae	Vandenendeviridae	OK040171	Pseudomonas phage PHB09	dsDNA
Flaumdravirus	Gorskivirinae	Vandenendeviridae	KU130129	Pseudomonas phage vB_PsyM_KIL4	dsDNA
Flaumdravirus	Gorskivirinae	Vandenendeviridae	KU130126	Pseudomonas phage vB_PsyM_KIL1	dsDNA
Kremarvirus	Gorskivirinae	Vandenendeviridae	OM982620	Pseudomonas phage Kremar	dsDNA
Kremarvirus	Gorskivirinae	Vandenendeviridae	MZ826350	Pseudomonas phage M5.1	dsDNA
Omahavirus	Gorskivirinae	Vandenendeviridae	PP551948	Pseudomonas phage UNO-G1W1	dsDNA
Otagovirus	Gorskivirinae	Vandenendeviridae	MN905160	Pseudomonas phage PE09	dsDNA
Otagovirus	Gorskivirinae	Vandenendeviridae	MW175491	Pseudomonas phage PN09	dsDNA
Shenlongvirus	Gorskivirinae	Vandenendeviridae	MF893340	Pseudomonas phage PPSC2	dsDNA
Tartuvirus	Gorskivirinae	Vandenendeviridae	PP496413	Pseudomonas phage vB_PpuM-Amme-3	dsDNA
Tartuvirus	Gorskivirinae	Vandenendeviridae	PP496414	Pseudomonas phage vB_PpuM-KoPa-4	dsDNA
Torinovirus	Gorskivirinae	Vandenendeviridae	MT740307	Pseudomonas phage phiK7A1	dsDNA
Uavernvirus	Gorskivirinae	Vandenendeviridae	MZ605293	Pseudomonas phage UAVern	dsDNA
Ventosusvirus	Gorskivirinae	Vandenendeviridae	MG018930	Pseudomonas phage ventosus	dsDNA
Weillhallvirus	Gorskivirinae	Vandenendeviridae	OR001909	Pseudomonas phage 16Q	dsDNA
Yunamivirus	Gorskivirinae	Vandenendeviridae	OR500437	Pseudomonas phage vB_PF_Y1-MI	dsDNA
Baldwinvirus	Skurskavirinae	Vandenendeviridae	ON169972	Pseudomonas phage EM	dsDNA
Pakpunavirus	Skurskavirinae	Vandenendeviridae	OQ225162	Pseudomonas phage vB_PaeS_B8	dsDNA
Pakpunavirus	Skurskavirinae	Vandenendeviridae	OQ225163	Pseudomonas phage vB_PaeM_B31	dsDNA
Chemalvirus		Vandenendeviridae	OR575930	Pseudomonas phage PseuGes_254	dsDNA
Nankokuvirus		Vandenendeviridae	LN610573	Pseudomonas phage vB_PaeM_PAO1_Ab03	dsDNA
Nankokuvirus		Vandenendeviridae	KY994101	Pseudomonas phage vB_PaeM_G1	dsDNA
Bromdenvirus	Lclasvirinae	Vilmaviridae	MH576973	Mycobacterium phage Bromden	dsDNA
Bromdenvirus	Lclasvirinae	Vilmaviridae	MN234187	Mycobacterium phage DyoEdafos	dsDNA
Bronvirus	Lclasvirinae	Vilmaviridae	HM152763	Mycobacterium phage LeBron	dsDNA
Bronvirus	Lclasvirinae	Vilmaviridae	MK310144	Mycobacterium phage CicholasNage	dsDNA
Faithunavirus	Lclasvirinae	Vilmaviridae	KT591489	Mycobacterium phage Archie	dsDNA
Faithunavirus	Lclasvirinae	Vilmaviridae	MT758688	Mycobacterium phage CELFI	dsDNA
Lumosvirus	Lclasvirinae	Vilmaviridae	MF140414	Mycobacterium phage Krypton555	dsDNA
Lumosvirus	Lclasvirinae	Vilmaviridae	KT281791	Mycobacterium phage Lolly9	dsDNA
Bongovirus	Mclasvirinae	Vilmaviridae	JN699628	Mycobacterium phage Bongo	dsDNA
Bongovirus	Mclasvirinae	Vilmaviridae	MT658803	Mycobacterium phage Reindeer	dsDNA
Nanosmitevirus	Mclasvirinae	Vilmaviridae	MW578836	Mycobacterium phage Nanosmite	dsDNA
Reyvirus	Mclasvirinae	Vilmaviridae	MT658802	Mycobacterium phage Aziz	dsDNA
Reyvirus	Mclasvirinae	Vilmaviridae	MT657341	Mycobacterium phage Estes	dsDNA
Kumaovirus		Vilmaviridae	MG009575	Mycobacterium phage Kumao	dsDNA
Wildcatvirus		Vilmaviridae	DQ398052	Mycobacterium phage Wildcat	dsDNA
Peternellavirus		Winoviridae	MT732475	Winogradskyella phage Peternella_1	dsDNA
Pippivirus		Winoviridae	MN812203	Flavobacterium phage vB_FspM_lotta8-1	dsDNA
Pippivirus		Winoviridae	MN812205	Flavobacterium phage vB_FspM_pippi8-1	dsDNA
Commandariavirus	Emilbogenvirinae	Zierdtviridae	OQ709208	Gordonia phage Commandaria	dsDNA
Foxborovirus	Emilbogenvirinae	Zierdtviridae	MH779501	Gordonia phage Emianna	dsDNA
Foxborovirus	Emilbogenvirinae	Zierdtviridae	MH727547	Gordonia phage Foxboro	dsDNA
Gruunavirus	Emilbogenvirinae	Zierdtviridae	MG757157	Gordonia phage Flapper	dsDNA
Gruunavirus	Emilbogenvirinae	Zierdtviridae	JF923797	Gordonia phage GRU1	dsDNA
Kablunavirus	Emilbogenvirinae	Zierdtviridae	MH779499	Gordonia phage Buggaboo	dsDNA
Kablunavirus	Emilbogenvirinae	Zierdtviridae	MF919510	Gordonia phage Kabluna	dsDNA
Pleakleyvirus	Emilbogenvirinae	Zierdtviridae	MH576960	Gordonia phage Pleakley	dsDNA
Skysandvirus	Emilbogenvirinae	Zierdtviridae	MK977699	Gordonia Phage Lollipop1437	dsDNA
Skysandvirus	Emilbogenvirinae	Zierdtviridae	MF919542	Gordonia phage Patio	dsDNA
Sukkupivirus	Emilbogenvirinae	Zierdtviridae	MK433272	Gordonia phage IDyn	dsDNA
Sukkupivirus	Emilbogenvirinae	Zierdtviridae	MH669007	Gordonia phage Marietta	dsDNA
Ceetrepovirus	Toshachvirinae	Zierdtviridae	MG198776	Corynebacterium phage C3PO	dsDNA
Ceetrepovirus	Toshachvirinae	Zierdtviridae	MG198777	Corynebacterium phage Darwin	dsDNA
Chunghsingvirus	Toshachvirinae	Zierdtviridae	DQ499600	Corynebacterium phage P1201	dsDNA
Alegriavirus	Jacobvirinae	Zimmerviridae	LR595859	Escherichia phage 2B8	dsDNA
Bievrevirus	Jacobvirinae	Zimmerviridae	LR595864	Escherichia phage 4A7	dsDNA
Glaedevirus	Jacobvirinae	Zimmerviridae	LR595862	Escherichia phage 2H10	dsDNA
Jouyvirus	Jacobvirinae	Zimmerviridae	LR597643	Escherichia phage ev017	dsDNA
Jouyvirus	Jacobvirinae	Zimmerviridae	LR597636	Escherichia phage ev207	dsDNA
Lambdavirus	Jacobvirinae	Zimmerviridae	EU078592	Escherichia phage DE3	dsDNA
Lambdavirus	Jacobvirinae	Zimmerviridae	JQ182735	Escherichia phage HK629	dsDNA
Nesevirus	Jacobvirinae	Zimmerviridae	LR597639	Escherichia phage ev243	dsDNA
Nesevirus	Jacobvirinae	Zimmerviridae	LR595866	Escherichia phage 2G7b	dsDNA
Radostvirus	Jacobvirinae	Zimmerviridae	LR597635	Escherichia phage ev099	dsDNA
Dotonborivirus	Wollmanvirinae	Zimmerviridae	MF807953	Escherichia phage Ayreon	dsDNA
Dotonborivirus	Wollmanvirinae	Zimmerviridae	AB285204	Enterobacteria phage cdtI	dsDNA
Limmatquaivirus	Wollmanvirinae	Zimmerviridae	JQ182728	Enterobacteria phage mEp460	dsDNA
Limmatquaivirus	Wollmanvirinae	Zimmerviridae	LR595868	Escherichia virus mEp460_4F5	dsDNA
Vilvertvirus	Wollmanvirinae	Zimmerviridae	LR597641	Escherichia phage mEp460_ev081	dsDNA
Essonnevirus		Zimmerviridae	NC_010393	Salmonella typhimurium phage Gifsy-1	dsDNA
Schuylkillvirus		Zimmerviridae	NC_010391	Salmonella phage Fels-1	dsDNA
Yvettevirus		Zimmerviridae	NC_010392	Salmonella typhimurium phage Gifsy-1	dsDNA
Siovirus	Cobavirinae	Zobellviridae	AF189021	Roseobacter phage SIO1	dsDNA
Siovirus	Cobavirinae	Zobellviridae	JQ809650	Celeribacter phage P12053L	dsDNA
Veravirus	Cobavirinae	Zobellviridae	MF431616	Lentibacter phage vB_LenP_ICBM2	dsDNA
Citrovirus		Zobellviridae	KP774835	Citrobacter phage CVT22	dsDNA
Icepovirus		Zobellviridae	HQ641345	Vibrio phage ICP2	dsDNA
Melvirus		Zobellviridae	KF302037	Pseudoalteromonas phage HP1	dsDNA
Melvirus		Zobellviridae	KC751414	Pseudoalteromonas phage RIO-1	dsDNA
Paundecimvirus		Zobellviridae	DQ163915	Pseudomonas phage PA11	dsDNA
Salinovirus		Zobellviridae	JQ446452	Salinivibrio phage CW02	dsDNA
Vipivirus		Zobellviridae	AY095314	Vibrio phage VpV262	dsDNA
Mapvirus	Alphabravovirinae		JX901189	Mycobacterium phage FF47	dsDNA
Mapvirus	Alphabravovirinae		KF024728	Mycobacterium phage Muddy	dsDNA
Merionvirus	Alphabravovirinae		ON108645	Mycobacterium phage NoShow	dsDNA
Siouxcentervirus	Alphabravovirinae		MK279840	Mycobacterium phage JacoRen57	dsDNA
Amaduovirus	Alvaradovirinae		MT241607	Achromobacter phage AMA2	dsDNA
Amaduovirus	Alvaradovirinae		KP202970	Achromobacter phage 83-24	dsDNA
Nyaakvirus	Alvaradovirinae		MT241605	Achromobacter phage AMA1	dsDNA
Nyaakvirus	Alvaradovirinae		MH746817.2	Achromobacter phage vB_Ade_ART	dsDNA
Steinhofvirus	Alvaradovirinae		KP202969	Achromobacter phage JWX	dsDNA
Steinhofvirus	Alvaradovirinae		OQ817844	Achromobacter phage SE2	dsDNA
Haetaevirus	Andregratiavirinae		KT070867	Bacillus phage PBC2	dsDNA
Kirovvirus	Andregratiavirinae		MW084976	Bacillus phage Kirov	dsDNA
Denvervirus	Andrewesvirinae		MT939241	Enterococcus phage 9183	dsDNA
Vipetofemvirus	Andrewesvirinae		MT119360	Enterococcus phage nattely	dsDNA
Vipetofemvirus	Andrewesvirinae		MT119361	Enterococus phage vipetofem	dsDNA
Arequatrovirus	Arquatrovirinae		JX262376	Streptomyces phage phiELB20	dsDNA
Arequatrovirus	Arquatrovirinae		MH001460	Streptomyces phage Paedore	dsDNA
Caelumvirus	Arquatrovirinae		MN234208	Streptomyces phage Alvy	dsDNA
Caelumvirus	Arquatrovirinae		MK524524	Streptomyces phage Caelum	dsDNA
Camvirus	Arquatrovirinae		MG298964	Streptomyces phage Alsaber	dsDNA
Camvirus	Arquatrovirinae		KT186228	Streptomyces phage Amela	dsDNA
Celiavirus	Arquatrovirinae		MN062705	Streptomyces phage Celia	dsDNA
Hautrevirus	Arquatrovirinae		JX182369	Streptomyces phage phiHau3	dsDNA
Janusvirus	Arquatrovirinae		MH669004	Streptomyces phage Hank144	dsDNA
Janusvirus	Arquatrovirinae		MK392366	Streptomyces phage Janus	dsDNA
Likavirus	Arquatrovirinae		KT124227	Streptomyces phage Aaronocolus	dsDNA
Likavirus	Arquatrovirinae		KT152029	Streptomyces phage Caliburn	dsDNA
Omarvirus	Arquatrovirinae		MF766044	Streptomyces phage Amethyst	dsDNA
Omarvirus	Arquatrovirinae		MF766046	Streptomyces phage Diane	dsDNA
Salutenavirus	Arquatrovirinae		MT708548	Streptomyces phage Salutena	dsDNA
Sentinelvirus	Arquatrovirinae		MT701597	Streptomyces phage Sentinel	dsDNA
Sentinelvirus	Arquatrovirinae		MT701594	Streptomyces phage Spernnie	dsDNA
Yosifvirus	Arquatrovirinae		MH248947	Streptomyces phage Yosif	dsDNA
Dubowvirus	Azeredovirinae		MK658834	Staphylococcus phage Baq_Sau1	dsDNA
Dubowvirus	Azeredovirinae		AF424781	Staphylococcus phage phi 11	dsDNA
Phietavirus	Azeredovirinae		MK290764	Staphylococcus phage B122	dsDNA
Phietavirus	Azeredovirinae		KP893289	Staphylococcus phage B166	dsDNA
Acadianvirus	Bclasvirinae		JN699007	Mycobacterium phage Acadian	dsDNA
Acadianvirus	Bclasvirinae		KR080199	Mycobacterium phage Baee	dsDNA
Birdsnestvirus	Bclasvirinae		MN813686	Mycobacterium phage BirdsNest	dsDNA
Birdsnestvirus	Bclasvirinae		PQ844485	Mycobacterium phage Hashim76	dsDNA
Coopervirus	Bclasvirinae		KF279411	Mycobacterium phage Adawi	dsDNA
Coopervirus	Bclasvirinae		KF279412	Mycobacterium phage Bane1	dsDNA
Imvubuvirus	Bclasvirinae		MN813693	Mycobacterium phage Imvubu	dsDNA
Julieunavirus	Bclasvirinae		KJ433976	Mycobacterium phage Julie1	dsDNA
Lilmcdreamyvirus	Bclasvirinae		MN284893	Mycobacterium phage LilMcDreamy	dsDNA
Pegunavirus	Bclasvirinae		KR781349	Mycobacterium phage Apizium	dsDNA
Pegunavirus	Bclasvirinae		MH450122	Mycobacterium phage KingTut	dsDNA
Pipefishvirus	Bclasvirinae		JN699003	Mycobacterium phage Athena	dsDNA
Pipefishvirus	Bclasvirinae		KF493879	Mycobacterium phage Bernardo	dsDNA
Quesadillavirus	Bclasvirinae		MK059749	Mycobacterium phage CRB2	dsDNA
Quesadillavirus	Bclasvirinae		MN617843	Mycobacterium phage Quesadilla	dsDNA
Rosebushvirus	Bclasvirinae		KR997932	Mycobacterium phage Godines	dsDNA
Rosebushvirus	Bclasvirinae		KX443696	Mycobacterium phage Laurie	dsDNA
Saguarovirus	Bclasvirinae		MH744423	Mycobacterium phage Saguaro	dsDNA
Thonkovirus	Bclasvirinae		MH632120	Mycobacterium phage Thonko	dsDNA
Bixiavirus	Beaumontvirinae		MN937349	Stenotrophomonas phage vB_SmaS_BUCT548	dsDNA
Bixiavirus	Beaumontvirinae		MZ398241	Stenotrophomonas phage BUCT626	dsDNA
Salvavirus	Beaumontvirinae		MW393850	Stenotrophomonas phage Salva	dsDNA
Siaravirus	Beaumontvirinae		MZ326859	Stenotrophomonas phage Siara	dsDNA
Flowerpowervirus	Beephvirinae		MH155868	Streptomyces phage FlowerPower	dsDNA
Immanueltrevirus	Beephvirinae		MG518520	Streptomyces phage Immanuel3	dsDNA
Manuelvirus	Beephvirinae		MN994275	Streptomyces phage JXY1	dsDNA
Manuelvirus	Beephvirinae		MG518519	Streptomyces phage Manuel	dsDNA
Biseptimavirus	Bronfenbrennervirinae		KF831354	Staphylococcus phage phiBU01	dsDNA
Biseptimavirus	Bronfenbrennervirinae		AY508486	Staphylococcus phage 77	dsDNA
Peeveelvirus	Bronfenbrennervirinae		FJ713816	Staphylococcus phage phiPVL-CN125	dsDNA
Peeveelvirus	Bronfenbrennervirinae		KC342645	Staphylococcus phage JS01	dsDNA
Gotuavirus	Cardingvirinae		FJ008913	Bacteroides phage B40-8	dsDNA
Gotuavirus	Cardingvirinae		HE608841	Bacteroides phage B124-14	dsDNA
Kherlenvirus	Cardingvirinae		OP172666	Bacteroides phage BF486P1	dsDNA
Kherlenvirus	Cardingvirinae		OP172673	Bacteroides phage BF695P2	dsDNA
Bixzunavirus	Ceeclamvirinae		JF704092	Mycobacterium phage Alice	dsDNA
Bixzunavirus	Ceeclamvirinae		KC691257	Mycobacterium phage Astraea	dsDNA
Myrnavirus	Ceeclamvirinae		EU826466	Mycobacterium phage Myrna	dsDNA
Myrnavirus	Ceeclamvirinae		MF668280	Mycobacterium phage Phabba	dsDNA
Aziravirus	Ceeteevirinae		OQ709211	Gordonia phage Azira	dsDNA
Aziravirus	Ceeteevirinae		OR553910	Gordonia phage Fribs8	dsDNA
Emalynvirus	Ceeteevirinae		PP208920	Gordonia phage BillDoor	dsDNA
Emalynvirus	Ceeteevirinae		KU998239	Gordonia phage Cozz	dsDNA
Margaretvirus	Ceeteevirinae		ON970621	Gordonia phage Button	dsDNA
Margaretvirus	Ceeteevirinae		OL455888	Gordonia phage GiKK	dsDNA
Ponsvirus	Ceeteevirinae		MT776810	Gordonia phage BigChungus	dsDNA
Ponsvirus	Ceeteevirinae		MN284906	Gordonia phage CherryonLim	dsDNA
Brujitavirus	Chebruvirinae		JN699001	Mycobacterium phage Babsiella	dsDNA
Brujitavirus	Chebruvirinae		FJ168659	Mycobacterium phage Brujita	dsDNA
Elesarvirus	Daemsvirinae		MK392368	Arthrobacter phage Elesar	dsDNA
Nanditavirus	Daemsvirinae		ON392166	Arthrobacter phage Cole	dsDNA
Nanditavirus	Daemsvirinae		MH834621	Arthrobacter phage Nandita	dsDNA
Hawkeyevirus	Dclasvirinae		KJ194582	Mycobacterium phage Hawkeye	dsDNA
Plotvirus	Dclasvirinae		DQ398051	Mycobacterium phage Plot	dsDNA
Kenoshavirus	Deejayvirinae		MN204501	Gordonia phage Chikenjars	dsDNA
Kenoshavirus	Deejayvirinae		MN585996	Gordonia phage Crocheter	dsDNA
Secretariatvirus	Deejayvirinae		MT310850	Gordonia phage Secretariat	dsDNA
Tanisvirus	Deejayvirinae		MN585971	Gordonia phage Avazak	dsDNA
Tanisvirus	Deejayvirinae		MN284904	Gordonia phage Tanis	dsDNA
Nevillevirus	Deeyouvirinae		MH651182	Gordonia phage Neville	dsDNA
Nevillevirus	Deeyouvirinae		MT658805	Gordonia phage Rabbitrun	dsDNA
Octobienvirus	Deeyouvirinae		OK040786	Gordonia phage Kudefre	dsDNA
Octobienvirus	Deeyouvirinae		MH976515	Gordonia phage Octobien14	dsDNA
Lambovirus	Dovevirinae		OR475261	Gordonia phage BirthdayBoy	dsDNA
Lambovirus	Dovevirinae		OR475273	Gordonia phage Erutan	dsDNA
Xeniaduovirus	Dovevirinae		PP725409	Gordonia phage Xenia2	dsDNA
Hualiencityvirus	Dravavirinae		OK632025	Elizabethkingia phage TCUEAP2	dsDNA
Rodicavirus	Dravavirinae		OR296437	Bacteroides phage C1_85S2P	dsDNA
Rodicavirus	Dravavirinae		OP172815	Parabacteroides phage PD491P1	dsDNA
Tongtianvirus	Dravavirinae		OP172640	Alistipes phage AS73P1	dsDNA
Anclarvirus	Durvirinae		MN908693.1	Gordonia phage AnClar	dsDNA
Anclarvirus	Durvirinae		ON260813.1	Gordonia phage BiggityBass	dsDNA
Duluthvirus	Durvirinae		OP751153.1	Gordonia phage LittleMunchkin	dsDNA
Ligmavirus	Durvirinae		OM105886	Gordonia phage Ligma	dsDNA
Ligmavirus	Durvirinae		MT657335	Gordonia phage Mariokart	dsDNA
Mossrosevirus	Durvirinae		ON108644	Gordonia phage CaiB	dsDNA
Mossrosevirus	Durvirinae		PQ184807	Gordonia phage MakoManhole	dsDNA
Nhagosvirus	Durvirinae		MN369758.1	Gordonia phage Nhagos	dsDNA
Akonivirus	Eekayvirinae		MK757449	Microbacterium phage Akoni	dsDNA
Akonivirus	Eekayvirinae		MT310890	Microbacterium phage Phedro	dsDNA
Tinytimothyvirus	Eekayvirinae		MK894435	Microbacterium phage Alex44	dsDNA
Tinytimothyvirus	Eekayvirinae		MK878904	Microbacterium phage TinyTimothy	dsDNA
Corgivirus	Feeclasvirinae		MH834607	Arthrobacter phage Corgi	dsDNA
Idahovirus	Feeclasvirinae		MK757448	Arthrobacter phage Idaho	dsDNA
Noelyvirus	Feeclasvirinae		MH834622	Arthrobacter phage Noely	dsDNA
Hinxtonvirus	Ferrettivirinae		KT337339	Streptococcus phage phiARI0004	dsDNA
Hinxtonvirus	Ferrettivirinae		KT337340	Streptococcus phage phiARI0031	dsDNA
Norfolkplacevirus	Ferrettivirinae		KT337365	Streptococcus phage phiARI0746	dsDNA
Norfolkplacevirus	Ferrettivirinae		KY065456	Streptococcus phage IPP15	dsDNA
Spinunavirus	Ferrettivirinae		KT337349	Streptococcus phage phiARI0399	dsDNA
Spinunavirus	Ferrettivirinae		KT337341	Streptococcus phage phiARI0131-1	dsDNA
Branvirus	Frobishervirinae		MK977714	Corynebacterium phage Bran	dsDNA
Samwavirus	Frobishervirinae		MK977715	Corynebacterium phage Adelaide	dsDNA
Samwavirus	Frobishervirinae		MK977706	Corynebacterium phage Dina	dsDNA
Antsirabevirus	Gclasvirinae		MN234183	Mycobacterium phage Antsirabe	dsDNA
Avocadovirus	Gclasvirinae		MF141540	Mycobacterium phage Avocado	dsDNA
Avocadovirus	Gclasvirinae		KR080198	Mycobacterium phage Cambiare	dsDNA
Jolieduovirus	Gclasvirinae		KJ410133	Mycobacterium phage Jolie2	dsDNA
Jolieduovirus	Gclasvirinae		MN234185	Mycobacterium phage Lemuria	dsDNA
Liefievirus	Gclasvirinae		MH779505	Mycobacterium phage Grizzly	dsDNA
Liefievirus	Gclasvirinae		DQ398042	Mycobacterium phage Halo	dsDNA
Pinnievirus	Gclasvirinae		KR080202	Mycobacterium phage MOOREtheMARYer	dsDNA
Pinnievirus	Gclasvirinae		MK494105	Mycobacterium phage Pinnie	dsDNA
Dragolirvirus	Gochnauervirinae		MG727697	Paenibacillus phage Dragolir	dsDNA
Harrisonvirus	Gochnauervirinae		KT361651	Paenibacillus phage Harrison	dsDNA
Vegasvirus	Gochnauervirinae		KT361654	Paenibacillus phage Vegas	dsDNA
Wanderervirus	Gochnauervirinae		MH431930	Paenibacillus phage Wanderer	dsDNA
Avanivirus	Gracegardnervirinae		JQ809702	Mycobacterium phage Avani	dsDNA
Avanivirus	Gracegardnervirinae		AY129336	Mycobacterium phage Che9d	dsDNA
Cheoctovirus	Gracegardnervirinae		MH744415	Mycobacterium phage ArcusAngelus	dsDNA
Cheoctovirus	Gracegardnervirinae		GU060500	Mycobacterium phage Ardmore	dsDNA
Cornievirus	Gracegardnervirinae		MN908688	Mycobacterium phage Cornie	dsDNA
Moomoovirus	Gracegardnervirinae		MH001449	Mycobacterium phage MooMoo	dsDNA
Squirtyvirus	Gracegardnervirinae		KM101124	Mycobacterium phage Squirty	dsDNA
Thetabobvirus	Gracegardnervirinae		MH651187	Mycobacterium phage Renaud18	dsDNA
Thetabobvirus	Gracegardnervirinae		MH077585	Mycobacterium phage TChen	dsDNA
Beetrevirus	Guarnerosvirinae		AF232233	Pseudomonas phage B3	dsDNA
Mechnikovvirus	Guarnerosvirinae		MK511059	Pseudomonas phage vB_Pae_CF78a	dsDNA
Mechnikovvirus	Guarnerosvirinae		JX495043	Pseudomonas phage JBD67	dsDNA
Torontovirus	Guarnerosvirinae		MH719189	Pseudomonas phage Fc02	dsDNA
Torontovirus	Guarnerosvirinae		MH719191	Pseudomonas phage Fc22	dsDNA
Carmenvirus	Gutmannvirinae		MG784342	Bacillus phage Carmen17	dsDNA
Carmenvirus	Gutmannvirinae		MH598512	Bacillus phage Wes44	dsDNA
Layangavirus	Gutmannvirinae		ON366410	Bacillus phage vB_BceS_LY1	dsDNA
Layangbvirus	Gutmannvirinae		OP646176	Bacillus phage vB_BceS_LY5	dsDNA
Pebcunavirus	Gutmannvirinae		JQ619704	Bacillus phage PBC1	dsDNA
Kenyattavirus	Heleneionescovirinae		MH884508	Bacillus phage vB_BcoS-136	dsDNA
Zhangjivirus	Heleneionescovirinae		OM236516	Bacillus phage FADO	dsDNA
Zhangjivirus	Heleneionescovirinae		OM634653	Bacillus phage vB_BsuS_PJN02	dsDNA
Byrnievirus	Hendrixvirinae		AF069529	Escherichia phage HK97	dsDNA
Cuauhtlivirus	Hendrixvirinae		JQ182727	Escherichia phage mEpX1	dsDNA
Kwaitsingvirus	Hendrixvirinae		JQ086372	Escherichia phage HK446	dsDNA
Kwaitsingvirus	Hendrixvirinae		JQ086374	Escherichia phage HK544	dsDNA
Nochtlivirus	Hendrixvirinae		JQ182731	Enterobacteria phage mEp235	dsDNA
Saikungvirus	Hendrixvirinae		HM173637	Escherichia phage HK75	dsDNA
Saikungvirus	Hendrixvirinae		JQ086377	Escherichia phage HK633	dsDNA
Shamshuipovirus	Hendrixvirinae		AF069308	Escherichia phage HK022	dsDNA
Shamshuipovirus	Hendrixvirinae		JQ182726	Escherichia phage mEpX2	dsDNA
Wanchaivirus	Hendrixvirinae		JQ086369	Escherichia phage HK106	dsDNA
Wanchaivirus	Hendrixvirinae		JQ182732	Escherichia phage mEp234	dsDNA
Wongtaivirus	Hendrixvirinae		KY979108	Escherichia phage ECP1	dsDNA
Wongtaivirus	Hendrixvirinae		JQ086373	Escherichia phage HK542	dsDNA
Yautsimvirus	Hendrixvirinae		JQ086370	Enterobacteria phage HK140	dsDNA
Aryavirus	Iiscvirinae		KX231828	Enterobacter phage Arya	dsDNA
Jilinvirus	Iiscvirinae		GU903191	Escherichia phage vB_EcoM_ECO1230-10	dsDNA
Jilinvirus	Iiscvirinae		KY705409	Escherichia phage vB_EcoM_ECOO78	dsDNA
Bimevirus	Jameshumphriesvirinae		MG197810	Klebsiella phage 1611E-K2-1	dsDNA
Bimevirus	Jameshumphriesvirinae		MK685667	Klebsiella phage vB_KpnM_IME346	dsDNA
Chaoyangvirus	Jameshumphriesvirinae		MZ374361	Klebsiella phage BUCT_49532	dsDNA
Geezettvirus	Jameshumphriesvirinae		MZ504995	Klebsiella phage Geezett	dsDNA
Jedunavirus	Jameshumphriesvirinae		JX866719	Klebsiella phage JD001	dsDNA
Mascletvirus	Jameshumphriesvirinae		ON602758	Klebsiella phage VLCpiM12a	dsDNA
Parissaclayvirus	Jameshumphriesvirinae		MN689778	Klebsiella phage vB_KpnM_15-38_KLPPOU148	dsDNA
Peatvirus	Jameshumphriesvirinae		MG432137	Pectinobacterium phage PEAT2	dsDNA
Ringroadvirus	Jameshumphriesvirinae		MZ398021	Klebsiella phage BUCT_47333	dsDNA
Sircambvirus	Jameshumphriesvirinae		MK521906	Klebsiella phage vB_KpnM_FZ14	dsDNA
Sircambvirus	Jameshumphriesvirinae		OK499978	Klebsiella phage vB_KpnM_JustaPhage	dsDNA
Zewailvirus	Jameshumphriesvirinae		OP114730	Klebsiella phage SBP	dsDNA
Zewailvirus	Jameshumphriesvirinae		ON086804	Escherichia phage ZCEC13	dsDNA
Caojiangvirus	Jianjiangvirinae		OP172643	Bacteroides phage BC422P2	dsDNA
Caojiangvirus	Jianjiangvirinae		OP172681	Bacteroides phage BK687P1	dsDNA
Luojiangvirus	Jianjiangvirinae		OP172644	Bacteroides phage BC669P1	dsDNA
Luojiangvirus	Jianjiangvirinae		OP172645	Bacteroides phage BC669P2	dsDNA
Natevirus	Joanripponvirinae		OK499992	Bacillus phage vB_BanS_Nate	dsDNA
Sophritavirus	Joanripponvirinae		MK288021	Bacillus phage pW2	dsDNA
Sophritavirus	Joanripponvirinae		OK499991	Bacillus phage vB_BanS_Sophrita	dsDNA
Tsamsavirus	Joanripponvirinae		OK499972	Bacillus phage vB_BanS_Chewbecca	dsDNA
Tsamsavirus	Joanripponvirinae		MT254578	Bacillus phage Izhevsk	dsDNA
Eidolonvirus	Johnpaulvirinae		MN734437	Sphingomonas phage Eidolon	dsDNA
Kharnvirus	Johnpaulvirinae		MN734439	Sphingomonas phage Kharn	dsDNA
Kharnvirus	Johnpaulvirinae		MN734438	Sphingomonas phage Lucius	dsDNA
Kilunavirus	Jondennisvirinae		JF939047	Burkholderia phage vB_BceS_KL1	dsDNA
Kipunavirus	Jondennisvirinae		MK574078	Pseudomonas phage KP1	dsDNA
Septimatrevirus	Jondennisvirinae		HG962376	Pseudomonas phage vB_PaeS_SCH_Ab26	dsDNA
Septimatrevirus	Jondennisvirinae		MG897800	Pseudomonas phage vB_PaeS_C1	dsDNA
Getalongvirus	Langleyhallvirinae		MK376961	Gordonia phage Asapag	dsDNA
Getalongvirus	Langleyhallvirinae		MG099939	Gordonia phage BENtherdunthat	dsDNA
Horusvirus	Langleyhallvirinae		MH651176	Gordonia phage Horus	dsDNA
Phistoryvirus	Langleyhallvirinae		MH651185	Gordonia phage Phistory	dsDNA
Limdunavirus	Mccleskeyvirinae		KX555527	Leuconostoc phage LDG	dsDNA
Limdunavirus	Mccleskeyvirinae		JQ659259	Leuconostoc phage Lmd1	dsDNA
Unaquatrovirus	Mccleskeyvirinae		KX578042	Leuconostoc phage Ln-7	dsDNA
Unaquatrovirus	Mccleskeyvirinae		KM262192	Leuconostoc phage Ln-9	dsDNA
Adrianbuildvirus	Mcshanvirinae		KT337370	Streptococcus phage phiARI0923	dsDNA
Adrianbuildvirus	Mcshanvirinae		KY065449	Streptococcus phage IPP5	dsDNA
Medawarvirus	Mcshanvirinae		KT337342	Streptococcus phage phiARI0131-2	dsDNA
Medawarvirus	Mcshanvirinae		KY065453	Streptococcus phage IPP11	dsDNA
Phadecavirus	Mcshanvirinae		OL774868	Streptococcus phage OlisA1	dsDNA
Phadecavirus	Mcshanvirinae		FN391954	Streptococcus phage PH10	dsDNA
Aceathervirus	Munstervirinae		MT980841	Ruminococcus phage phiRM10	dsDNA
Adovirus	Munstervirinae		MT980838	Ruminococcus phage phiRg519T2	dsDNA
Adovirus	Munstervirinae		MT980840	Ruminococcus phage phiRgIBDN1	dsDNA
Ahaonvirus	Munstervirinae		MT980836	Ruminococcus phage phiRg507T2_2	dsDNA
Ahaonvirus	Munstervirinae		MT980837	Ruminococcus phage phiRg507T2_3	dsDNA
Atrivirus	Munstervirinae		MT980839	Ruminococcus phage phiRgPS6	dsDNA
Charlievirus	Nclasvirinae		MH697576	Mycobacterium phage Aggie	dsDNA
Charlievirus	Nclasvirinae		MG099936	Mycobacterium phage Andies	dsDNA
Baxterfoxvirus	Nymbaxtervirinae		KU963263	Gordonia phage BaxterFox	dsDNA
Baxterfoxvirus	Nymbaxtervirinae		MT639650	Gordonia phage Ohgeesy	dsDNA
Nymphadoravirus	Nymbaxtervirinae		MZ274304	Gordonia phage Agueybana	dsDNA
Nymphadoravirus	Nymbaxtervirinae		MT952844	Gordonia phage Bosnia	dsDNA
Bignuzvirus	Pclasvirinae		JN412591	Mycobacterium phage BigNuz	dsDNA
Fishburnevirus	Pclasvirinae		MF919492	Mycobacterium phage Arib1	dsDNA
Fishburnevirus	Pclasvirinae		MN585977	Mycobacterium phage Atcoo	dsDNA
Phayoncevirus	Pclasvirinae		KR080195	Mycobacterium phage Phayonce	dsDNA
Phayoncevirus	Pclasvirinae		MN234172	Mycobacterium phage ThulaThula	dsDNA
Purkyvirus	Pclasvirinae		MN096355	Mycobacterium phage Purky	dsDNA
Tortellinivirus	Pclasvirinae		KX648391	Mycobacterium phage Tortellini	dsDNA
Xaviavirus	Pclasvirinae		MH230879	Mycobacterium phage Xavia	dsDNA
Dongjiangvirus	Pearlrivervirinae		OP172657.1	OM05-12 phage BD166P1	dsDNA
Dongjiangvirus	Pearlrivervirinae		OP172652.1	Phocaeicola phage BD26P1	dsDNA
Xijiangvirus	Pearlrivervirinae		OP172694.1	Phocaeicola phage BM127P1	dsDNA
Amoyvirus	Queuovirinae		MT345684	Alteromonas phage vB_AcoS-R7M	dsDNA
Iggyvirus	Queuovirinae		MN029011	Pseudomonas phage Iggy	dsDNA
Iggyvirus	Queuovirinae		MK816297	Pseudomonas virus PBPA162	dsDNA
Micathvirus	Queuovirinae		OP882271	Pseudomonas phage MiCath	dsDNA
Nipunavirus	Queuovirinae		ON911540	Xanthomonas phage vB_Xar_IVIA-DoCa3	dsDNA
Nipunavirus	Queuovirinae		KX898400	Pseudomonas phage JG054	dsDNA
Nonagvirus	Queuovirinae		KP719134	Enterobacteria phage JenK1	dsDNA
Nonagvirus	Queuovirinae		KP719132	Enterobacteria phage JenP1	dsDNA
Seuratvirus	Queuovirinae		KP064094	Escherichia phage CAjan	dsDNA
Seuratvirus	Queuovirinae		KM236243	Escherichia phage Seurat	dsDNA
Shangdongvirus	Queuovirinae		PP992516	Pseudomonas phage Baskent_P4_1	dsDNA
Shangdongvirus	Queuovirinae		OR797041	Stenotrophomonas phage vB_SmaS_Bhz54	dsDNA
Torvergatavirus	Queuovirinae		MN820898	Sphingomonas phage vB_StuS_MMDA13	dsDNA
Catfishvirus	Ruthgordonvirinae		MH697580	Gordonia phage Catfish	dsDNA
Dardanusvirus	Ruthgordonvirinae		MN010758	Gordonia phage Dardanus	dsDNA
Gesputvirus	Ruthgordonvirinae		KP790011	Gordonia phage Gsput1	dsDNA
Schmidtvirus	Ruthgordonvirinae		MH651189	Gordonia phage Schmidt	dsDNA
Tinalinvirus	Ruthgordonvirinae		MW132713	Gordonia phage TinaLin	dsDNA
Vendettavirus	Ruthgordonvirinae		MT553344	Gordonia phage TZGordon	dsDNA
Vendettavirus	Ruthgordonvirinae		KU998237	Gordonia phage Vendetta	dsDNA
Cyranovirus	Santaclaravirinae		CP054387	Escherichia phage CMS-2020a	dsDNA
Cyranovirus	Santaclaravirinae		CP053388	Escherichia phage CMS-2020b	dsDNA
Suquintavirus	Santaclaravirinae		JQ965645	Salmonella phage SSU5	dsDNA
Westmeadvirus	Santaclaravirinae		MZ779062	Klebsiella phage pJN2-26	dsDNA
Westmeadvirus	Santaclaravirinae		MH153810	Gordonia phage Sour	dsDNA
Basiliskvirus	Sejongvirinae		MG967618	Bacillus phage v_B-Bak10	dsDNA
Basiliskvirus	Sejongvirinae		KC595511	Bacillus phage Basilisk	dsDNA
Yihwangvirus	Sejongvirinae		MW392802	Bacillus phage BCPST	dsDNA
Yihwangvirus	Sejongvirinae		KT070866	Bacillus phage PBC4	dsDNA
Diegovirus	Sepvirinae		KF766125	Shigella phage 75/02 Stx	dsDNA
Diegovirus	Sepvirinae		KJ603229	Shigella phage POCJ13	dsDNA
Oslovirus	Sepvirinae		KY914478	Escherichia phage ArgO145	dsDNA
Oslovirus	Sepvirinae		MN067333	Escherichia phage Lyz12581Vzw	dsDNA
Traversvirus	Sepvirinae		KU977419	Stx1 converting phage AU5Stx1	dsDNA
Traversvirus	Sepvirinae		KU977420	Stx1 converting phage AU6Stx1	dsDNA
Bembunaquatrovirus	Skryabinvirinae		KX190833	Bacillus phage vB_BtS_BMBtp14	dsDNA
Pushchinovirus	Skryabinvirinae		MK759918	Bacillus phage vB_BtS_B83	dsDNA
Shirevirus	Stanbaylleyvirinae		ON189042	Xanthomonas phage Langgrundblatt1	dsDNA
Shirevirus	Stanbaylleyvirinae		ON189043	Xanthomonas phage Langgrundblatt2	dsDNA
Subavirus	Stanbaylleyvirinae		LR743530	Xanthomonas phage Suba	dsDNA
Justusliebigvirus	Stephanstirmvirinae		MN850632	Escherichia phage alia	dsDNA
Justusliebigvirus	Stephanstirmvirinae		PQ567651	Escherichia phage Cardinal	dsDNA
Phapecoctavirus	Stephanstirmvirinae		MN850648	Escherichia phage anhysbys	dsDNA
Phapecoctavirus	Stephanstirmvirinae		KX664695	Escherichia phage ESCO5	dsDNA
Jelitavirus	Trabyvirinae		DQ003639	Listreria phage B025	dsDNA
Slepowronvirus	Trabyvirinae		KJ094023	Listeria phage LP-101	dsDNA
Slepowronvirus	Trabyvirinae		MT500540	Listeria phage LP-HM00113468	dsDNA
Douglaswolinvirus	Tybeckvirinae		JX486088	Lactobacillus phage ATCC 8014-B2	dsDNA
Lenusvirus	Tybeckvirinae		MG252693	Lactobacillus phage Lenus	dsDNA
Lenusvirus	Tybeckvirinae		MG765276	Lactobacillus phage Nyseid	dsDNA
Lidleunavirus	Tybeckvirinae		KM514685	Lactobacillus phage Ldl1	dsDNA
Lidleunavirus	Tybeckvirinae		CP031026	Lactobacillus phage ViSo-2018a	dsDNA
Maenadvirus	Tybeckvirinae		MG765274	Lactobacillus phage Maenad	dsDNA
Maenadvirus	Tybeckvirinae		KX223815	Lactobacillus phage P1	dsDNA
Avunavirus	Vequintavirinae		KM190144	Escherichia phage Av-05	dsDNA
Certrevirus	Vequintavirinae		JQ691612	Cronobacter phage CR3	dsDNA
Certrevirus	Vequintavirinae		KC954774	Cronobacter phage CR8	dsDNA
Henunavirus	Vequintavirinae		MN732867	Erwinia phage Hena1	dsDNA
Henunavirus	Vequintavirinae		MN184887	Erwinia phage pEp_SNUABM_01	dsDNA
Mydovirus	Vequintavirinae		KY652726	Klebsiella phage vB_KpnM_BIS47	dsDNA
Mydovirus	Vequintavirinae		KT934943	Klebsiella phage vB_KpnM_KB57	dsDNA
Septuagintavirus	Vequintavirinae		OP778609	Escherichia phage A73	dsDNA
Septuagintavirus	Vequintavirinae		OP744025	Escherichia phage 5_4	dsDNA
Seunavirus	Vequintavirinae		KF550303	Escherichia phage 4MG	dsDNA
Seunavirus	Vequintavirinae		JN882284	Cronobacter phage vB_CsaM_GAP31	dsDNA
Vequintavirus	Vequintavirinae		ON286973	Escherichia phage A51.2	dsDNA
Vequintavirus	Vequintavirinae		MZ501048	Escherichia phage AlexBoehm	dsDNA
Lentusvirus	Wallmarkvirinae		MW218148	Staphylococcus phage vB_StaM_SA1	dsDNA
Machiasvirus	Wallmarkvirinae		OR455461	Staphylococcus phage AH12	dsDNA
Machiasvirus	Wallmarkvirinae		MW349128	Staphylococcus phage Machias	dsDNA
Madawaskavirus	Wallmarkvirinae		MZ779063	Staphylococcus phage vB_SauM-UFV_DC4	dsDNA
Madawaskavirus	Wallmarkvirinae		OR836606	Staphylococcus phage LY01	dsDNA
Amginevirus	Weiservirinae		MF324915	Mycobacterium phage Amgine	dsDNA
Amginevirus	Weiservirinae		MF140398	Mycobacterium phage Amohnition	dsDNA
Aminayvirus	Weiservirinae		MH509442	Mycobacterium phage Aminay	dsDNA
Anayavirus	Weiservirinae		JF704105	Mycobacterium phage Adephagia	dsDNA
Anayavirus	Weiservirinae		MH001453	Mycobacterium phage Adonis	dsDNA
Fionnbharthvirus	Weiservirinae		MN945904	Mycobacterium phage Eponine	dsDNA
Fionnbharthvirus	Weiservirinae		JN831653	Mycobacterium phage Fionnbharth	dsDNA
Keshuvirus	Weiservirinae		MF373841	Mycobacterium phage Hurricane	dsDNA
Keshuvirus	Weiservirinae		KP027199	Mycobacterium phage Keshu	dsDNA
Kratiovirus	Weiservirinae		MH651171	Mycobacterium phage Collard	dsDNA
Kratiovirus	Weiservirinae		KX636165	Mycobacterium phage Gengar	dsDNA
Timquatrovirus	Weiservirinae		MF140411	Mycobacterium phage Findley	dsDNA
Timquatrovirus	Weiservirinae		KT591490	Mycobacterium phage Mufasa	dsDNA
Unicornvirus	Weiservirinae		MN369762	Mycobacterium phage Bryler	dsDNA
Unicornvirus	Weiservirinae		MF324914	Mycobacterium phage Krueger	dsDNA
Abaiavirus			KX669658	Ochrobactrum phage POA1180	dsDNA
Abbeymikolonvirus			MG593800	Streptomyces phage AbbeyMikolon	dsDNA
Abouovirus			KC595517	Brevibacillus phage Abouo	dsDNA
Abouovirus			KC595518	Brevibacillus phage Davies	dsDNA
Adaiavirus			MH834594	Arthrobacter phage Adaia	dsDNA
Agmunavirus			MN023176	Brevibacterium phage AGM1	dsDNA
Aguilavirus			JQ182734	Enterobacteria phage mEp043 c-1	dsDNA
Aguilavirus			JQ182733	Enterobacterial phage mEp213	dsDNA
Ahotrevirus			MZ501266	Erwinia phage AH03	dsDNA
Akiravirus			MK599416	Salmonella phage Akira	dsDNA
Alachuavirus			AY986977	Xanthomonas phage Xp15	dsDNA
Alcyoneusvirus			AB897757	Klebsiella phage K64-1	dsDNA
Alcyoneusvirus			JQ513383	Klebsiella phage vB_KleM_RaK2	dsDNA
Alexandravirus			MH460463	Dickeya phage vB_DsoM_AD1	dsDNA
Alexandravirus			MH248138	Erwinia phage vB_EamM_Alexandra	dsDNA
Amherstvirus			ON724010	Microbacterium phage PineapplePizza	dsDNA
Amigovirus			KU160638	Arthrobacter phage Amigo	dsDNA
Amigovirus			MF185731	Arthrobacter phage Molivia	dsDNA
Amiranvirus			MW672041	Enterococcus phage vb_GEC_Ef_S_9	dsDNA
Anamdongvirus			GU967410	Lactobacillus phage LBR48	dsDNA
Anatolevirus			KX620748	Propionibacterium phage Anatole	dsDNA
Anatolevirus			KX620749	Propionibacterium phage B3	dsDNA
Andrewvirus			MH834595	Arthrobacter phage Andrew	dsDNA
Anjalivirus			MK016490	Arthobacter phage Anjali	dsDNA
Anjalivirus			MK016500	Arthobacter phage Mendel	dsDNA
Anthonyvirus			MN234188	Mycobacterium phage Anthony	dsDNA
Aokuangvirus			MG450654	Synechococcus phage S-CBWM1	dsDNA
Appavirus			MH153799	Microbacterium phage Appa	dsDNA
Aquingentivirus			DQ003637	Listeria phage A500	dsDNA
Aquingentivirus			KP399678	Listeria phage vB_LmoS_293	dsDNA
Aramisvirus			LR990833	Enterococcus phage Aramis	dsDNA
Aramisvirus			LR991625	Enterococcus phage dArtagnan	dsDNA
Arawnvirus			MN882550	Butyrivibrio phage Arawn	dsDNA
Archimedesvirus			MT771339	Gordonia phage Archimedes	dsDNA
Armstrongvirus			MH834596	Microbacterium phage Armstrong	dsDNA
Arvduovirus			KF692088	Arthrobacter phage vB_ArS-ArV2	dsDNA
Ashduovirus			AJ251789	Lactobacillus phage A2	dsDNA
Aspduovirus			AY576796	Actinoplanes phage phiAsp2	dsDNA
Asteriusvirus			KM507819	Escherichia phage 121Q	dsDNA
Asteriusvirus			KC295538	Escherichia phage PBECO4	dsDNA
Astrithrvirus			MT074429	Salmonella phage astrithr	dsDNA
Athenavirus			OK500002	Bacillus phage vB_BanS_Athena	dsDNA
Atraxavirus			MH834597	Arthrobacter phage Atraxa	dsDNA
Attisvirus			KU963247	Gordonia phage Attis	dsDNA
Attisvirus			MG099941	Gordonia phage Bjanes7	dsDNA
Attoomivirus			MG593801	Streptomyces phage Attoomi	dsDNA
Audreyjarvisvirus			KY554768	Lactococcus phage AM1	dsDNA
Audreyjarvisvirus			KY554771	Lactococcus phage AM4	dsDNA
Aurunvirus			JQ245707	Cyanophage S-TIM5	dsDNA
Aussievirus			OR786373	Sinorhizobium phage Aussie	dsDNA
Aussievirus			OR786374	Sinorhizobium phage StopSmel	dsDNA
Austintatiousvirus			MK305888	Streptomyces phage Austintatious	dsDNA
Austintatiousvirus			KY092479	Streptomyces phage Ididsumtinwong	dsDNA
Axeltriavirus			MT536174	Stenotrophomonas phage vB_SmaS-AXL_3	dsDNA
Backyardiganvirus			JX307702	Mycobacterium phage Arturo	dsDNA
Backyardiganvirus			JF704093	Mycobacterium phage Backyardigan	dsDNA
Badaztecvirus			MT006240	Bifidobacterium phage BadAargau2	dsDNA
Badaztecvirus			MT006233	Bifidobacterium phage BadAztec1	dsDNA
Baikalvirus			KF147891	Pseudomonas phage PaBG	dsDNA
Bantamvirus			KX557272	Gordonia phage Bantam	dsDNA
Barbavirus			MK719729	Rheinheimera phage Barba18A	dsDNA
Barbavirus			MK719730	Rheinheimera phage Barba19A	dsDNA
Barnyardvirus			AY129339	Mycobacterium phage Barnyard	dsDNA
Barnyardvirus			MK279909	Mycobacterium phage DrLupo	dsDNA
Bauervirus			OP580516	Arthrobacter phage Bauer	dsDNA
Baybaevirus			OQ079154.1	Vibrio phage Baybae	dsDNA
Bcepmuvirus			AY539836	Burkholderia phage BcepMu	dsDNA
Bcepmuvirus			CP000622	Burkholderia phage phiE255	dsDNA
Beceayunavirus			HE614282	Bacillus phage BceA1	dsDNA
Becedseptimavirus			JN712910	Bacillus phage BCD7	dsDNA
Beenievirus			MG845393	Gordonia phage Beenie	dsDNA
Beenievirus			MK801729	Gordonia phage Clark	dsDNA
Behunavirus			MH983004	Lactobacillus phage BH1	dsDNA
Bendigovirus			KR063280	Gordonia phage GMA6	dsDNA
Benedictvirus			MG099938	Mycobacterium phage Archetta	dsDNA
Benedictvirus			JN083852	Mycobacterium phage Benedict	dsDNA
Bernalvirus			KJ510413	Mycobacterium phage Bernal13	dsDNA
Bernalvirus			MG925349	Mycobacterium phage Mendokysei	dsDNA
Betterkatzvirus			KU963261	Gordonia phage BetterKatz	dsDNA
Bglawtbvirus			OQ735257	Burkholderia phage vB_BglM_WTB	dsDNA
Bigmanorsvirus			OK665842	Burkholderia phage BgManors32	dsDNA
Bingvirus			MG757154	Streptomyces phage Bing	dsDNA
Bippervirus			KU728633	Mycobacterium phage Bipper	dsDNA
Bismarckvirus			OP297545	Arthrobacter phage Shambre1	dsDNA
Bjornvirus			MG775259	Pseudomonas phage Bjorn	dsDNA
Bluefeathervirus			MT024867	Arthrobacter phage BlueFeather	dsDNA
Bocovirus			MK796797	Shewanella phage X14	dsDNA
Bonzeevirus			MW021763	Serratia phage vB_SmaS_Bigdog	dsDNA
Bonzeevirus			OM135608	Serratia phage vB_SmaS_Bonzee	dsDNA
Borockvirus			KX925554	Streptomyces phage BRock	dsDNA
Bowservirus			KU998235	Gordonia phage Bowser	dsDNA
Bridgettevirus			MH834603	Arthrobacter phage Bridgette	dsDNA
Bridgettevirus			MH834605	Arthrobacter phage Constance	dsDNA
Brigitvirus			MG711465	Faecalibacterium phage FP_Brigit	dsDNA
Britbratvirus			KU998233	Gordonia phage BritBrat	dsDNA
Brunovirus			KT630649	Salmonella phage SEN34	dsDNA
Bruynoghevirus			LN610578	Pseudomonas phage vB_PaeP_C2-10_Ab22	dsDNA
Bruynoghevirus			KP233880	Pseudomonas phage PhiCHU	dsDNA
Buchananvirus			MH023293	Escherichia phage vB_EcoS Sa179lw	dsDNA
Bugaksanvirus			KT968831	Pseudomonas phage YMC11/02/R656	dsDNA
Bunatrivirus			OP066531	Bacillus phage B13	dsDNA
Burrovirus			MN062711	Microbacterium phage Araxxi	dsDNA
Burrovirus			MT024863	Microbacterium phage Arete	dsDNA
Busanvirus			KY979132	Acidovorax phage ACP17	dsDNA
Caminolopintovirus			MW477799	Salmonella phage vB_Se_STGO-35-1	dsDNA
Camtrevirus			JN191664	Bacillus phage BtCS33	dsDNA
Camtrevirus			KF296718	Bacillus phage phiCM3	dsDNA
Cantarevirus			MK016493	Brevibacterium phage Cantare	dsDNA
Capnelvirus			JQ066768	Rhodobacter phage RcapNL	dsDNA
Carnodivirus			MZ398135	Carnobacterium phage cd2	dsDNA
Carnodivirus			MZ399596	Carnobacterium phage cd4	dsDNA
Carvajevirus			OL604152	Klebsiella phage vB_KpnS-Carvaje	dsDNA
Casadabanvirus			LN610590	Pseudomonas phage vB_PaeS_PAO1_Ab30	dsDNA
Casadabanvirus			MW390886	Pseudomonas phage AIIMS-Pa-B1	dsDNA
Cbastvirus			HQ634192	Cellulophaga phage phiST	dsDNA
Cecivirus			GU229986	Bacillus phage 250	dsDNA
Cecivirus			EU874396	Bacillus phage IEBH	dsDNA
Cedarrivervirus			MF158038	Shigella phage Sf11 SMD-2017	dsDNA
Ceduovirus			MH779519	Lactococcus phage vB_LLc_bIBB14	dsDNA
Ceduovirus			MH779522	Lactococcus phage vB_Llc_bIBBA3	dsDNA
Cequinquevirus			EU340421	Lactobacillus phage c5	dsDNA
Cequinquevirus			KJ564038	Lactobacillus phage Ld3	dsDNA
Chakrabartyvirus			KU873925	Pseudomonas phage pf16	dsDNA
Chenonavirus			AY129333	Mycobacterium phage Che9c	dsDNA
Chenonavirus			KP027201	Mycobacterium phage Sbash	dsDNA
Chertseyvirus			KT339177	Lactococcus phage GE1	dsDNA
Chewyvirus			KX557288	Rhodococcus phage ChewyVIII	dsDNA
Chidieberevirus			MN586022	Gordonia phage Chidiebere	dsDNA
Chidieberevirus			MZ820089	Gordonia phage ChisanaKitsune	dsDNA
Chopinvirus			DQ535032	Lactococcus phage KSY1	dsDNA
Chymeravirus			KU958700	Streptomyces phage Chymera	dsDNA
Cimandefvirus			MT740730	Ralstonia phage Cimandef	dsDNA
Cimandefvirus			MT740736	Ralstonia phage Eline	dsDNA
Cimpunavirus			GQ241246	Clavibacter phage CMP1	dsDNA
Cinunavirus			KF669650	Clavibbacter phage CN1A	dsDNA
Clawzvirus			MT498058	Gordonia phage Clawz	dsDNA
Coatlandelriovirus			MH252365	Ralstonia phage phiRSP	dsDNA
Cobrasixvirus			OK499971	Enterobacter phage vB_EclS_CobraSix	dsDNA
Coetzeevirus			JX486087	Lactobacillus phage ATCC 8014-B1	dsDNA
Coetzeevirus			JN051154	Pediococcus phage cIP1	dsDNA
Coeurvirus			MK801723	Gordonia phage Coeur	dsDNA
Colneyvirus			EU719189	Clostridioides phage phiCD27	dsDNA
Colneyvirus			LN681539	Clostridium phage phiCD505	dsDNA
Colunavirus			KR905066	Lactobacillus phage CL1	dsDNA
Colunavirus			KR905067	Lactobacillus phage CL2	dsDNA
Comeauvirus			JQ177061	Vibrio phage CP-T1	dsDNA
Comeauvirus			JQ177064	Vibrio phage vB_VchM-138	dsDNA
Coralvirus			MH834606	Arthrobacter phage Coral	dsDNA
Coralvirus			MH834616	Arthrobacter phage Kepler	dsDNA
Corndogvirus			KF017002	Mycobacterium phage Catdawg	dsDNA
Corndogvirus			AY129335	Mycobacterium phage Corndog	dsDNA
Coventryvirus			MF428481	Staphylococcus phage SN8	dsDNA
Coventryvirus			AP019560	Staphylococcus phage SP120	dsDNA
Craquatrovirus			MW057856	Providencia phage PSTCR4	dsDNA
Craquatrovirus			MW057861	Providencia phage PSTCR7	dsDNA
Cratervirus			KU998253	Gordonia phage Orchid	dsDNA
Cronusvirus			KR935217	Rhodobacter phage RcCronus	dsDNA
Cukevirus			MG757156	Mycobacterium phage Cuke	dsDNA
Daredevilvirus			MH590603	Gordonia phage DareDevil	dsDNA
Decurrovirus			KT355471	Arthrobacter phage Decurro	dsDNA
Delepquintavirus			MG189906	Stenotrophomonas phage vB_SmaS_DLP_5	dsDNA
Delfunavirus			LC513943	Enterococcus phage vB_EfaS-DELF1	dsDNA
Delfunavirus			CAJDKB010000002	Enterococcus phage vB_EhiS_268	dsDNA
Delislevirus			AF246223	Mycoplasma phage P1	dsDNA
Demosthenesvirus			KU998242	Gordonia phage Demosthenes	dsDNA
Demosthenesvirus			KU963258	Gordonia phage Katyusha	dsDNA
Denisevirus			MN428053	Gordonia phage Denise	dsDNA
Deseoctovirus			MH717097	Escherichia phage C1	dsDNA
Deseoctovirus			MK759854	Shigella phage DS8	dsDNA
Detrevirus			AF165214	Pseudomonas phage D3	dsDNA
Detrevirus			HQ711985	Pseudomonas phage PMG1	dsDNA
Deurplevirus			MF176161	Bacillus phage Deep-Purple	dsDNA
Dhillonvirus			MG581355	Escherichia phage B2	dsDNA
Dhillonvirus			MW822006	Escherichia phage BF9	dsDNA
Dibbivirus			MK798143	Pantoea phage vB_PagM_AAM37	dsDNA
Dibbivirus			JN022534	Xanthomonas phage vB_XveM_DIBBI	dsDNA
Dinavirus			MT740734	Ralstonia phage Dina	dsDNA
Dismasvirus			MG670586	Microbacterium phage Dismas	dsDNA
Docdeeseptimavirus			GU580940.1	Rhodococcus phage ReqiDocB7	dsDNA
Dolmabahcevirus			MW291017	Streptomyces phage TurkishDelight	dsDNA
Donellivirus			JN638751	Bacillus phage G	dsDNA
Doucettevirus			KX620750	Propionibacterium phage B22	dsDNA
Doucettevirus			KX620751	Propionibacterium phage Doucette	dsDNA
Dubuvirus			MK937595	Streptomyces phage Dubu	dsDNA
Dybvigvirus			DQ123818	Actinomyces phage Av-1	dsDNA
Eagleeyevirus			KF861510	Mycobacterium phage EagleEye	dsDNA
Edenvirus			MH509447	Microbacterium phage Eden	dsDNA
Edwardsroadvirus			JN116822	Rhodococcus phage RRH1	dsDNA
Eetrevirus			HM114277.1	Rhodococcus phage E3	dsDNA
Efemquintavirus			KT588072	Enterococcus phage IME-EFm5	dsDNA
Efemunavirus			KJ010489	Enterococcus phage IME-EFm1	dsDNA
Efemunavirus			OP018674	Enterococcus phage vB_Efm_LG62	dsDNA
Efquatrovirus			MH203384	Enterococcus phage vB_EfaS_AL2	dsDNA
Efquatrovirus			MH203383	Enterococcus phage vB_EfaS_AL3	dsDNA
Efunavirus			MF001358	Entercoccus phage EF1	dsDNA
Efunavirus			OP534061	Entercoccus phage H1	dsDNA
Eiauvirus			KF772233	Edwardsiella phage eiAU	dsDNA
Eisenstarkvirus			EU717894	Xanthomonas phage phiL7	dsDNA
Elemovirus			MT497017	Flavobacterium phage vB_FspP_elemoA_7-9A	dsDNA
Elemovirus			MT497068	Flavobacterium phage vB_FspP_elemoB_14-3B	dsDNA
Elerivirus			MG839027	Microbacterium phage Eleri	dsDNA
Elmenteitavirus			MH884509	Bacillus phage vB_BboS-125	dsDNA
Emdodecavirus			KR052480	Sinorhizobium phage phiM7	dsDNA
Emdodecavirus			KF381361	Sinorhizobium phage phiM12	dsDNA
Emirosevirus			MN586033	Corynebacterium phage EmiRose	dsDNA
Emperorvirus			MH271296	Gordonia phage Emperor	dsDNA
Emperorvirus			MG812496	Gordonia phage SallySpecial	dsDNA
Eneladusvirus			KY630187	Serratia phage BF	dsDNA
Eneladusvirus			LT960551	Yersinia phage fHe-Yen9-04	dsDNA
Enfavirus			MN812722	Vibrio phage NF	dsDNA
Enhodamvirus			JF712866	Vibrio phage phiVC8	dsDNA
Enhodamvirus			AY505112	Vibrio phage VP2	dsDNA
Eponavirus			MG711462	Faecalibacterium phage FP_Epona	dsDNA
Ericdabvirus			MK660712	Gordonia phage EricDab	dsDNA
Eurybiavirus			HQ634174	Cyanophage MED4-213	dsDNA
Eurybiavirus			GU071101	Prochlorococcus phage P-HM1	dsDNA
Evaavirus			OP434461	Gordonia phage Evaa	dsDNA
Eyrevirus			KX557277	Gordonia phage Eyre	dsDNA
Fairfaxidumvirus			MK814757	Gordonia phage Fairfaxidum	dsDNA
Fairfaxidumvirus			MN234161	Gordonia phage Toast	dsDNA
Fajavirus			MH834612	Arthrobacter phage Faja	dsDNA
Farahnazvirus			KJ173786	Microbacterium phage vB_MoxS-ISF9	dsDNA
Fattrevirus			AY605066	Lactobacillus phage PhiAT3	dsDNA
Fenglinvirus			KP063902	Bacillus phage BalMu-1	dsDNA
Feofaniavirus			MH443100	Erwinia phage vB_EhrS_49	dsDNA
Feofaniavirus			MH443101	Erwinia phage vB_EhrS_59	dsDNA
Fernvirus			MG727695	Paenibacillus phage PN12	dsDNA
Fernvirus			KP296791	Paenibacillus phage Diva	dsDNA
Fibralongavirus			AY954954	Staphylococcus phage 2638A	dsDNA
Fibralongavirus			MK450538	Staphylococcus phage vB_SpsS_QT1	dsDNA
Ficleduovirus			KM873719	Flavobacterium phage FCL-2	dsDNA
Ficleduovirus			KY979235	Flavobacterium phage FCV-1	dsDNA
Finchvirus			MG962366	Rhodococcus phage Finch	dsDNA
Finkelvirus			ON456347	Gordonia phage Finkle	dsDNA
Fipvunavirus			KU599877	Flavobacterium phage Fpv1	dsDNA
Fipvunavirus			KT876724	Flavobacterium phage Fpv4	dsDNA
Firingavirus			MT740737	Ralstonia phage Firinga	dsDNA
Firingavirus			AB863625	Ralstonia phage RSK1	dsDNA
Footloosevirus			MZ150789	Microbacterium phage Footloose	dsDNA
Forzavirus			MK814760	Gordonia phage Forza	dsDNA
Fowlmouthvirus			MH834613	Mycobacterium phage Fowlmouth	dsDNA
Foxquatrovirus			MT161385	Xanthomonas phage FoX4	dsDNA
Foxunavirus			MT161381	Xanthomonas phage FoX1	dsDNA
Foxunavirus			MT161382	Xanthomonas phage FoX2	dsDNA
Franklinbayvirus			HQ317390	Colwellia phage 9A	dsDNA
Frederiksbergvirus			PQ008971	Pectobacterium phage Amona	dsDNA
Frederiksbergvirus			PQ008972	Pectobacterium phage Koroua	dsDNA
Fremauxvirus			MK779875	Lactococcus phage CHPC971	dsDNA
Fremauxvirus			EU081845	Lactococcus phage 1706	dsDNA
Fromanvirus			JN699005	Mycobacterium phage Alma	dsDNA
Fromanvirus			JX015524	Mycobacterium phage Astro	dsDNA
Fukuivirus			AB231700	Microcystis phage LMM01	dsDNA
Fukuivirus			KF356199	Microcystis phage MaMV-DC	dsDNA
Fuzanglongvirus			GQ919031	Streptomyces phage ZL12	dsDNA
Gaiavirus			KJ567043	Mycobacterium phage Gaia	dsDNA
Galaxyvirus			MF140397	Arthrobacter phage Abidatro	dsDNA
Galaxyvirus			KU160644	Arthrobacter phage Galaxy	dsDNA
Galunavirus			KR053194	Gordonia phage GAL1	dsDNA
Gamtrevirus			KR063279	Gordonia phage GMA3	dsDNA
Gervaisevirus			MT740731	Ralstonia phage Claudette	dsDNA
Gervaisevirus			MT740740	Ralstonia phage Gervaise	dsDNA
Getseptimavirus			KR063278	Gordonia phage GMA7	dsDNA
Getseptimavirus			JN035618	Gordonia phage GTE7	dsDNA
Ghobesvirus			KX557278	Gordonia phage Ghobes	dsDNA
Gilesvirus			EU203571	Mycobacterium phage Giles	dsDNA
Gilesvirus			PQ821648	Mycobacterium phage ZM2	dsDNA
Gilgameshvirus			MN234216	Streptomyces phage Gilgamesh	dsDNA
Gillianvirus			MH727556	Microbacterium phage OneinaGillian	dsDNA
Gimaduovirus			KR063281	Gordonia phage GMA2	dsDNA
Gladiatorvirus			MN586039	Mycobacterium phage Blinn1	dsDNA
Gladiatorvirus			KF560332	Mycobacterium phage CloudWang3	dsDNA
Godonkavirus			MK620899	Gordonia phage GodonK	dsDNA
Godonkavirus			MN096369	Gordonia phage Phendrix	dsDNA
Gofduovirus			MH898687	Edwardsiella phage Edno5	dsDNA
Gofduovirus			AP014629	Edwardsiella phage GF-2	dsDNA
Goodmanvirus			MK016495	Microbacterium phage Goodman	dsDNA
Gordonvirus			MH450115	Arthrobacter phage Breylor17	dsDNA
Gordonvirus			KU160641	Arthrobacter phage CaptnMurica	dsDNA
Gordtnkvirus			KP790008	Gordonia phage GordTnk2	dsDNA
Gorganvirus			KY742649	Proteus phage vB_PmiS-Isfahan	dsDNA
Gorjumvirus			KX557281	Gordonia phage Jumbo	dsDNA
Grutrevirus			KR053198	Gordonia phage GMA5	dsDNA
Grutrevirus			KR053197	Gordonia phage GRU3	dsDNA
Gustavvirus			MG198784	Gordonia phage Gustav	dsDNA
Gustavvirus			MG198783	Gordonia phage Mahdia	dsDNA
Hafyongvirus			MT135176	Hafnia phage yong1	dsDNA
Haihevirus			OM141125	Pseudomonas phage PP9W2	dsDNA
Halcyonevirus			MH431938	Paenibacillus phage C7Cdelta	dsDNA
Halcyonevirus			MH460827	Paenibacillus phage Halcyone	dsDNA
Halfdanvirus			MH362766	Escherichia phage Halfdan	dsDNA
Hapunavirus			EU399241	Halomonas phage phiHAP-1	dsDNA
Hapunavirus			EF057797	Vibrio phage VP882	dsDNA
Harrisonburgvirus			MT613935	Pseudomonas phage Persinger	dsDNA
Hattifnattvirus			MN812207	Flavobacterium phage vB_FspS_hattifnatt9-1	dsDNA
Hedwigvirus			KX557279	Gordonia phage Hedwig	dsDNA
Heilongjiangvirus			MG020111	Lactobacillus phage Lb	dsDNA
Helsingorvirus			KC821613	Cellulophaga phage phi12:1	dsDNA
Helsingorvirus			KC821617	Cellulophaga phage phi17:1	dsDNA
Hestiavirus			MH910036	Arthrobacter phage Hestia	dsDNA
Hiroshimavirus			AB775548	Pseudomonas phage PPpW-3	dsDNA
Hiyaavirus			MK279841	Streptomyces phage Hiyaa	dsDNA
Hnatkovirus			JN698994	Mycobacterium phage DS6A	dsDNA
Hollowayvirus			MF490237	Pseudomonas phage vB_PaeP_E220	dsDNA
Hollowayvirus			MT118301	Pseudomonas phage Epa33	dsDNA
Holosalinivirus			MF580955	Salinibacter phage M1EM-1	dsDNA
Holosalinivirus			MF580957	Salinibacter phage M8CR30-2	dsDNA
Homburgvirus			KJ094020	Listeria phage LP-026	dsDNA
Homburgvirus			JX126920	Listeria phage LP-037	dsDNA
Howevirus			KU252585	Gordonia phage Howe	dsDNA
Howevirus			MN428055	Gordonia phage Mcklovin	dsDNA
Huairouvirus			MW582532	Nocardia phage P3.1	dsDNA
Hubeivirus			KT725776	Bacillus phage vB_BceS-MY192	dsDNA
Hubeivirus			KX227757	Bacillus phage PfEFR-4	dsDNA
Hulijingvirus			ON778007	Pseudomonas phage vB_Pae_LC3I3	dsDNA
Hungariovirus			MH363708	Escherichia phage C130_2	dsDNA
Iaduovirus			KR905068	Lactobacillus phage iA2	dsDNA
Ibantikvirus			MH155870	Streptomyces phage Ibantik	dsDNA
Identitycrisisvirus			MN234184	Mycobacterium phage IdentityCrisis	dsDNA
Ignaciovirus			ON392164	Streptomyces phage AxeJC	dsDNA
Ignaciovirus			MT451982	Streptomyces phage Cumberbatch	dsDNA
Ikedavirus			MG324353	Corynebacterium phage phi673	dsDNA
Ikedavirus			MG324354	Corynebacterium phage phi674	dsDNA
Illiduovirus			PP496443	Pseudomonas phage vB_PpuM-Lauda	dsDNA
Illiduovirus			PP496444	Pseudomonas phage vB_PpuM-Peetri	dsDNA
Ilzatvirus			MG839019	Microbacterium phage Hamlet	dsDNA
Ilzatvirus			MG839029	Microbacterium phage Ilzat	dsDNA
Immutovirus			MW353175	Flavobacterium phage vB_FspM_immuto_2-6A	dsDNA
Incheonvirus			KR136259	Polaribacter phage P12002L	dsDNA
Incheonvirus			KR136260	Polaribacter phage P12002S	dsDNA
Indlulamithivirus			MN585993	Mycobacterium phage Indlulamithi	dsDNA
Inhavirus			JQ823123	Nonlabens phage P12024L	dsDNA
Inhavirus			JQ823122	Nonlabens phage P12024S	dsDNA
Iodovirus			EU876853	Iodobacter phage PhiPLPE	dsDNA
Ionavirus			GQ357915	Delftia phage PhiW-14	dsDNA
Isoldevirus			MH910037	Arthrobacter phage Isolde	dsDNA
Ittyvirus			MW460249	Pseudomonas phage Itty13	dsDNA
Jacevirus			MH153804	Gordonia phage Jace	dsDNA
Jarrellvirus			AY616446	Bacillus phage BCASJ1c	dsDNA
Jasminevirus			MF668266	Arthrobacter phage Adat	dsDNA
Jasminevirus			KU160650	Arthrobacter phage Jasmine	dsDNA
Jenstvirus			KT151955	Brevibacillus phage Jenst	dsDNA
Jimmervirus			KC595514	Brevibacillus phage Jimmer2	dsDNA
Jimmervirus			KT151956	Brevibacillus phage Osiris	dsDNA
Juiceboxvirus			MH727550	Corynebacterium phage Juicebox	dsDNA
Jujuvirus			MT723935	Gordonia phage Azula	dsDNA
Jujuvirus			MW291016	Gordonia phage Blino	dsDNA
Junavirus			KC171646	Lactobacillus phage J-1	dsDNA
Junavirus			MF999224	Lactobacillus phage LJ	dsDNA
Kafunavirus			AB757800	Edwardsiella phage KF-1	dsDNA
Kairosalinivirus			MF580961	Salinibacter phage M31CR41-2	dsDNA
Kairosalinivirus			MF629150	Salinibacter phage SRUTV-1	dsDNA
Kamchatkavirus			KX965989	Aeribacillus phage AP45	dsDNA
Kampevirus			MH536812	Gordonia phage Apricot	dsDNA
Kelleziovirus			KU647626	Arthrobacter phage KellEzio	dsDNA
Kelleziovirus			KU647627	Arthrobacter phage Kitkat	dsDNA
Kelquatrovirus			MH128984	Burkholderia phage vB_BmuP_KL4	dsDNA
Kimonavirus			MF472895	Mycobacterium phage Kimona	dsDNA
Klausavirus			KM879463	Arthrobacter phage vB_ArtM-ArV1	dsDNA
Klausavirus			MF185718	Arthrobacter phage Colucci	dsDNA
Kleczkowskavirus			JX483876	Rhizobium phage RHEph04	dsDNA
Klementvirus			AB720063	Xanthomonas phage CP1	dsDNA
Klepvirus			OM654376	Paracoccus phage vB_PmaP_KLEP18-1	dsDNA
Knuthellervirus			MG596800	Pseudomonas phage PMBT14	dsDNA
Kochitakasuvirus			AB910393	Pseudomonas phage KPP25	dsDNA
Kochitakasuvirus			LC102729	Pseudomonas phage PhiR18	dsDNA
Kojivirus			MG925343	Microbacterium phage Golden	dsDNA
Kojivirus			MG925345	Microbacterium phage Koji	dsDNA
Konstantinevirus			FJ174691	Mycobacterium phage Konstantine	dsDNA
Korravirus			KU160640	Arthrobacter phage Bennie	dsDNA
Korravirus			MK112529	Arthrobacter phage BigMack	dsDNA
Kostyavirus			JF937091	Mycobacterium phage Bask21	dsDNA
Kostyavirus			AY129331	Mycobacterium phage CJW1	dsDNA
Krampusvirus			MH271301	Microbacterium phage Krampus	dsDNA
Krompvirus			MH744420	Streptomyces phage Kromp	dsDNA
Kronosvirus			OQ330850	Caulobacter phage TMCBR4	dsDNA
Kronosvirus			MH884648	Caulobacter phage Kronos	dsDNA
Krylovvirus			HE611333	Pseudomonas phage tf	dsDNA
Kryptosalinivirus			MF580956	Salinibacter phage M8CC-19	dsDNA
Kryptosalinivirus			MF580959	Salinibacter phage M8CRM-1	dsDNA
Kuleanavirus			MN484600	Arthrobacter phage Kuleana	dsDNA
Kumottavirus			MK977703	Arthrobacter phage Kumotta	dsDNA
Kumottavirus			MH450123	Arthrobacter phage MargaretKali	dsDNA
Kungbxnavirus			LC168164	Tenacibaculum phage pT24	dsDNA
Kunmingvirus			MK804891	Aeromonas phage 2_D05	dsDNA
Kunmingvirus			MK804892	Aeromonas phage 4_D05	dsDNA
Lacfervirus			OR048821	Lactobacillus virus LFP01	dsDNA
Lacnuvirus			AY131267	Lactobacillus phage Lc-Nu	dsDNA
Lacusarxvirus			KY629563	Sphingobium phage Lacusarx	dsDNA
Lafunavirus			HQ141410	Lactobacillus phage LF1	dsDNA
Lagaffevirus			MG711461	Faecalibacterium phage FP_Lagaffe	dsDNA
Lanavirus			MK473373	Pseudomonas phage Lana	dsDNA
Larmunavirus			EU246945	Lactobacillus phage Lrm1	dsDNA
Laroyevirus			KU160654	Arthrobacter phage Laroye	dsDNA
Laroyevirus			MF140418	Arthrobacter phage LiSara	dsDNA
Lastavirus			MT251347	Klebsiella phage LASTA	dsDNA
Lastavirus			MF612073	Klebsiella phage SopranoGao	dsDNA
Latrobevirus			MK554696	Fusobacterium phage FNU1	dsDNA
Lederbergvirus			LT714109	Salmonella phage BTP1	dsDNA
Lederbergvirus			AF335538	Enterobacteria phage HK620	dsDNA
Leicestervirus			LN681535	Clostridium phage phiCD111	dsDNA
Leicestervirus			LN681536	Clostridium phage phiCD146	dsDNA
Lentavirus			MH626557	Eggerthella phage PMBT5	dsDNA
Lessievirus			AY349011	Burkholderia phage Bcep22	dsDNA
Lessievirus			FJ937737	Burkholderia phage BcepIL02	dsDNA
Lietduovirus			MK388689	Pantoea phage vB_PagM_LIET2	dsDNA
Lightbulbvirus			KC821632	Cellulophaga phage phi4:1	dsDNA
Lightbulbvirus			KC821609	Cellulophaga phage phi17:2	dsDNA
Lillamyvirus			MN812208	Flavobacterium phage vB_FspS_hemulen6-1	dsDNA
Lillamyvirus			MN812212	Flavobacterium phage vB_FspS_lillamy9-1	dsDNA
Lilspottyvirus			MK977707	Mycobacterium phage LilSpotty	dsDNA
Lilyvirus			KP296792	Bacteriophage Lily	dsDNA
Lingdingyangvirus			MT074134	Bacteroides phage ARB14	dsDNA
Lingdingyangvirus			OP172713	Bacteroides phage BT401P3	dsDNA
Lishizhenvirus			MW748993	Pseudomonas phage BUCT566	dsDNA
Llyrvirus			HQ633071	Synechococcus phage S-SKS1	dsDNA
Lokivirus			KF811200	Acinetobacter phage IMEAB3	dsDNA
Lokivirus			LN890663	Acinetobacter phage Loki	dsDNA
Loughboroughvirus			MK673511	Salmonella phage ZCSE2	dsDNA
Lowersilesiavirus			OQ101248	Acinetobacter phage Acba_3	dsDNA
Lowersilesiavirus			OQ101249	Acinetobacter phage Acba_4	dsDNA
Lubbockvirus			AY855346	Clostridium phage phi CD119	dsDNA
Lubbockvirus			LK985322	Clostridium phage phiCDHM19	dsDNA
Luchadorvirus			MT522004	Mycobacterium phage Gail	dsDNA
Luchadorvirus			MN310541	Mycobacterium phage Jeeves	dsDNA
Luckybarnesvirus			MF668275	Brevibacterium phage LuckyBarnes	dsDNA
Luckytenvirus			KU963256	Gordonia phage Lucky10	dsDNA
Lughvirus			MG711464	Faecalibacterium phage FP_Lugh	dsDNA
Luojiashanvirus			OR797046	Stenotrophomonas phage vB_SmaS_Bhz63	dsDNA
Luojiashanvirus			MT872956	Stenotrophomonas phage phiSHP3	dsDNA
Lwoffvirus			JX887877	Bacillus phage vB_BtS_BMBtp2	dsDNA
Lwoffvirus			EU887664	Bacillus phage TP21-L	dsDNA
Macdonaldcampvirus			MK947460	Salmonella phage vB_SenS_SB28	dsDNA
Macdonaldcampvirus			AM491472	Salmonella phage Vi II-E1	dsDNA
Magadivirus			KU665491	Bacillus phage Mgbh1	dsDNA
Magiavirus			MT701587	Burkholderia phage Magia	dsDNA
Majavirus			MK279899	Arthrobacter phage Maja	dsDNA
Malagasyrosevirus			MN234170	Mycobacterium phage MalagasyRose	dsDNA
Malkevirus			KT337347	Streptococcus phage phiARI0285-3	dsDNA
Malkevirus			KY065485	Streptococcus phage IPP45	dsDNA
Manovirus			MT708550	Achromobacter phage Mano	dsDNA
Marchandvirus			JQ177065	Pectobacterium phage ZF40	dsDNA
Mardecavirus			JX556418	Vibrio phage vB_VpaS_ MAR10	dsDNA
Mardecavirus			JQ692107	Vibrio phage SSP002	dsDNA
Mareflavirus			MK203850	Alteromonas phage ZP6	dsDNA
Marfavirus			MG746602	Klebsiella phage vB_Kpn_F48	dsDNA
Marfavirus			MN044033	Klebsiella phage Marfa	dsDNA
Mariborvirus			MT635598	Bacteroides phage Bacuni_F1	dsDNA
Marienburgvirus			AJ556162	Enterobacteria phage BP-4795	dsDNA
Marienburgvirus			JQ347801	Escherichia phage JLK-2012	dsDNA
Marvinvirus			JF704100	Mycobacterium phage Marvin	dsDNA
Marvinvirus			KJ538721	Mycobacterium phage MosMoris	dsDNA
Maxrubnervirus			MG596799	Pseudomonas phage PMBT3	dsDNA
Mboduovirus			ON191531	Rhodococcus phage Mbo2	dsDNA
Mboquatrovirus			ON191532	Rhodococcus phage Mbo4	dsDNA
Mcgonagallvirus			KU998255	Gordonia phage McGonagall	dsDNA
Medeavirus			MW862109	Pseudomonas phage Medea1	dsDNA
Melbournevirus			JN116823	Rhodococcus phage REQ2	dsDNA
Menderavirus			KR560069	Stenotrophomonas phage IME-SM1	dsDNA
Menderavirus			MN098328	Stenotrophomonas phage Mendera	dsDNA
Metrivirus			KU935715	Acinetobacter phage vB_AbaM_ME3	dsDNA
Micavirus			MT701586	Burkholderia phage Mica	dsDNA
Microwolfvirus			AY129332	Mycobacterium phage Bxz2	dsDNA
Microwolfvirus			JF704098	Mycobacterium phage JHC117	dsDNA
Midgardsormrvirus			MN602881	Erwinia phage Midgardsormr38	dsDNA
Miecznikowavirus			KU708004	Pseudomonas phage phiAH14a	dsDNA
Mieseafarmvirus			AB366653	Ralstonia phage phiRSL1	dsDNA
Mimasvirus			KU574722	Pectinobbacterium phage vB_PcaM_CBB	dsDNA
Mimasvirus			JN882285	Cronobacter phage vB_CsaM_GAP32	dsDNA
Minunavirus			EF579802	Microbacterium phage Min1	dsDNA
Minyavirus			OR599646	Pectobacterium phage PcaP2EGY	dsDNA
Miyazakivirus			OP429095	Nocardia phage NS-I	dsDNA
Mohonavirus			HQ641347	Vibrio phage ICP1	dsDNA
Mollymurvirus			MK977705	Gordonia phage Mollymur	dsDNA
Montyvirus			MG757152	Gordonia phage Adgers	dsDNA
Montyvirus			MK967390	Gordonia phage Beaver	dsDNA
Motookavirus			PV796108	Bacillus phage Edson	dsDNA
Motookavirus			LC597490	Bacillus phage vB_BceM_WH1	dsDNA
Moturavirus			MN094788	Achromobacter phage Motura	dsDNA
Mudcatvirus			MF189170	Arthrobacter phage Arcadia	dsDNA
Mudcatvirus			MF324906	Arthrobacter phage Cheesy	dsDNA
Mufasoctovirus			MN586027	Arthrobacter phage Mufasa8	dsDNA
Muldoonvirus			MN095771	Serratia phage Muldoon	dsDNA
Muldoonvirus			KJ025957	Serratia phage PS2	dsDNA
Muminvirus			MN812206	Flavobacterium phage vB_FspS_filifjonk9-1	dsDNA
Muminvirus			MN812224	Flavobacterium phage vB_FspS_mumin9-1	dsDNA
Murrayvirus			KF591601	Enterobacteria phage IME_EC2	dsDNA
Murrayvirus			MK125141	Salmonella phage Lumpael	dsDNA
Mushuvirus			MG711460	Faecalibacterium phage FP_Mushu	dsDNA
Muvirus			AF083977	Escherichia phage Mu	dsDNA
Muvirus			KP010268	Shigella phage SfMu	dsDNA
Mweyongvirus			MZ436628	Microcystis phage Mwe-Yong1112-1	dsDNA
Mycoabscvirus			MW353181	Mycobacterium phage phiT46-1	dsDNA
Myoalterovirus			MN877442	Alteromonas phage vB_AmeM_PT11-V22	dsDNA
Myradeevirus			MF141539	Mycobacterium phage MyraDee	dsDNA
Myxoctovirus			AF396866	Myxococcus phage Mx8	dsDNA
Namazuvirus			KY417925	Ochrobactrum phage POI1126	dsDNA
Nanchangvirus			MW452562	Nocardia phage NC1	dsDNA
Nanhaivirus			KY606587	Dinoroseobacter phage vB_DshS-R5C	dsDNA
Neferthenavirus			MH697589	Microbacterium phage Neferthena	dsDNA
Nevevirus			KJ489010	Lactococcus phage P078	dsDNA
Nevevirus			KJ489011	Lactococcus phage P092	dsDNA
Nickievirus			MG018927	Pseudomonas phage nickie	dsDNA
Nitrunavirus			MF477236	Nocardia phage NTR1	dsDNA
Nonanavirus			KJ802832	Salmonella phage 9NA	dsDNA
Nonanavirus			KC139649	Salmonella phage SP069	dsDNA
Northamptonvirus			MH001450	Mycobacterium phage Jeon	dsDNA
Northamptonvirus			KY130461	Mycobacterium phage Taptic	dsDNA
Nubrunavirus			MW654182	Nocardia phage KYD2	dsDNA
Nubrunavirus			JN116828	Nocardia phage NBR1	dsDNA
Nyceiraevirus			KX557282	Gordonia phage Nyceirae	dsDNA
Nylescharonvirus			MF974396	Leptospira phage LE3	dsDNA
Nylescharonvirus			MF974397	Leptospira phage LE4	dsDNA
Odravirus			PV067699	Acinetobacter phage Acjo_20	dsDNA
Oengusvirus			MG711463	Faecalibacterium phage FP_Oengus	dsDNA
Omegavirus			JF937090	Mycobacterium phage Baka	dsDNA
Omegavirus			JN698997	Mycobacterium phage Courthouse	dsDNA
Oneupvirus			MK524501	Gordonia phage BrutonGaster	dsDNA
Oneupvirus			KU998245	Gordonia phage OneUp	dsDNA
Onyinyevirus			MN813687	Mycobacterium phage Onyinye	dsDNA
Oonoonbavirus			JX556417	Vibrio phage vB_VpaM_MAR	dsDNA
Oonoonbavirus			AY133112	Vibrio phage VHML	dsDNA
Oscarsovirus			OP434449	Microbacterium phage OscarSo	dsDNA
Oshimavirus			EU100883	Thermus phage P23-45	dsDNA
Oshimavirus			EU100884	Thermus phage P74-26	dsDNA
Paclarkvirus			KT337358	Streptococcus phage phiARI0468-4	dsDNA
Paclarkvirus			HF563658	Streptococcus phage phiBHN167	dsDNA
Pagevirus			KF669655	Bacillus phage Page	dsDNA
Pagevirus			KP411017	Bacillus phage Palmer	dsDNA
Pahexavirus			JX262225	Propionibacterium phage ATCC29399B_C	dsDNA
Pahexavirus			JX262224	Propionibacterium phage ATCC29399B_T	dsDNA
Pankowvirus			FJ188381	Stx2-converting phage 1717	dsDNA
Pankowvirus			FM180578	Enterobacteria phage 2851	dsDNA
Papyrusvirus			KF416342	Mycobacterium phage Papyrus	dsDNA
Papyrusvirus			JF704112	Mycobacterium phage Send513	dsDNA
Parlovirus			MK618715	Serratia phage Parlo	dsDNA
Patiencevirus			JN412589	Mycobacterium phage Patience	dsDNA
Pavtokvirus			MH426726	Erwinia phage Pavtok	dsDNA
Pavtokvirus			JN585957	Erwinia phage PEp14	dsDNA
Peebenunavirus			MK291441	Paracoccus phage vB_PbeS_Pben1	dsDNA
Peekonunavirus			MK291442	Paracoccus phage vB_PkoS_Pkon1	dsDNA
Peesulunavirus			MK291443	Paracoccus phage vB_PsuS_Psul1	dsDNA
Peethiunavirus			MK291444	Paracoccus phage vB_PthS_Pthi1	dsDNA
Peetremavirus			PV089522	Mycobacterium phage P3MA	dsDNA
Peetremavirus			MW314853.1	Mycobacterium phage phiGD34-2	dsDNA
Peeyeiunavirus			MK291445	Paracoccus phage vB_PyeM_Pyei1	dsDNA
Pemunavirus			AB711120	Bacillus phage PM1	dsDNA
Pepyhexavirus			GU580941	Rhodococcus phage ReqiPepy6	dsDNA
Pepyhexavirus			GU580942	Rhodococcus phage ReqiPoco6	dsDNA
Perisivirus			JN939332	Brucella phage Pr	dsDNA
Perisivirus			JN939331	Brucella phage Tb	dsDNA
Persistencevirus			MW712719	Arthrobacter phage Persistence	dsDNA
Phabquatrovirus			MF663786	Bordetella phage vB_BbrM_PHB04	dsDNA
Pharaohvirus			MK524530	Mycobacterium phage Pharaoh	dsDNA
Pharaohvirus			MH513984	Mycobacterium phage Steamy	dsDNA
Phifelvirus			GQ478081	Enterococcus phage phiFL1A	dsDNA
Phifelvirus			GQ478084	Enterococcus phage phiFL2A	dsDNA
Phleivirus			KT206225	Mycobacterium phage Phlei	dsDNA
Phrappuccinovirus			MK937592	Mycobacterium phage Phrappuccino	dsDNA
Picardvirus			KY092480	Streptomyces phage Picard	dsDNA
Pikminvirus			MG944218	Microbacterium phage Pikmin	dsDNA
Piorkowskivirus			KX879641	Streptococcus phage CHPC577	dsDNA
Piorkowskivirus			KX879642	Streptococcus phage CHPC926	dsDNA
Plaisancevirus			KU862660	Pseudomonas phage phiPMW	dsDNA
Plateaulakevirus			MK804893	Aeromonas phage 2L372D	dsDNA
Plateaulakevirus			MK813938	Aeromonas phage 2L372X	dsDNA
Pleeduovirus			KU848187	Lactobacillus phage PLE2	dsDNA
Pleetrevirus			KR905069	Lactobacillus phage iLp84	dsDNA
Pleetrevirus			KU848186	Lactobacillus phage PLE3	dsDNA
Polybotosvirus			MF403008	Agrobacterium phage Atu_ph07	dsDNA
Popoffvirus			JQ177063	Aeromonas phage vB_AsaM-56	dsDNA
Porunavirus			KT716399	Pseudomonas phage POR1	dsDNA
Poushouvirus			MF197383	Corynebacterium phage Poushou	dsDNA
Powerballvirus			MN234218	Gordonia phage Powerball	dsDNA
Predatorvirus			EU770222	Mycobacterium phage Predator	dsDNA
Psavirus			JX120799	Listeria phage LP-030-2	dsDNA
Psavirus			AJ312240	Listeria phage PSA	dsDNA
Pukovnikvirus			KU568494	Mycobacterium phage Bactobuster	dsDNA
Pukovnikvirus			MK279857	Mycobacterium phage IronMan	dsDNA
Pulverervirus			KU984979	Propionibacterium phage PFR1	dsDNA
Pumpernickelvirus			OK040790	Microbacterium phage Pumpernickel	dsDNA
Punavirus			AF234172	Escherichia phage P1	dsDNA
Punavirus			FO818745	Escherichia phage RCS47	dsDNA
Puppervirus			MK977695	Gordonia phage Pupper	dsDNA
Purivirus			OM418631	Pseudomonas phage UFJF_PfDIW6	dsDNA
Qingdaovirus			MF370964	Pseudoalteromonas phage J2-1	dsDNA
Questintvirus			DQ490056	Lactococcus phage Q54	dsDNA
Quivirus			MN183282	Arthrobacter phage Qui	dsDNA
Rahariannevirus			MT740745	Ralstonia phage Raharianne	dsDNA
Raleighvirus			MH825699	Streptomyces phage Darolandstone	dsDNA
Raleighvirus			KY092484	Streptomyces phage Raleigh	dsDNA
Rauchvirus			AY029185	Bordetella phage BPP-1	dsDNA
Ravarandavirus			MK605242	Nodularia phage vB_NspS-kac65v151	dsDNA
Ravarandavirus			MK605245	Nodularia phage vB_NspS-kac68v161	dsDNA
Ravinvirus			AF064539	Escherichia phage N15	dsDNA
Rcapmuvirus			JN190960.1	Rhodobacter phage RcapMu	dsDNA
Rcapmuvirus			MW677528.1	Rhodobacter phage RcWaterboi	dsDNA
Readingvirus			MT104475	Pseudomonas phage MR15	dsDNA
Readingvirus			KJ507100	Pseudomonas phage phiPSA1	dsDNA
Refugevirus			KX657793	Mycobacterium phage DarthPhader	dsDNA
Refugevirus			MK494113	Mycobacterium phage Refuge	dsDNA
Reqipinevirus			GU580943	Rhodococcus phage ReqiPine5	dsDNA
Rerduovirus			MF324898	Rhodococcus phage Hiro	dsDNA
Rerduovirus			MW291027	Rhodococcus phage PhailMary	dsDNA
Reynauldvirus			OR159659	Rhodococcus phage Reynauld	dsDNA
Ribunavirus			JF974315.1	Rhizobium phage RR1-B	dsDNA
Richievirus			MH834598	Arthrobacter phage Auxilium	dsDNA
Richievirus			MH834625	Arthrobacter phage Richie	dsDNA
Ricunavirus			JF974308.1	Rhodobacter phage RC1	dsDNA
Rigallicvirus			KF977490	Rhizobium phage vB_RglS_P106B	dsDNA
Rimavirus			MF467948	Streptomyces phage DrGrey	dsDNA
Rimavirus			KX670790	Streptomyces phage Rima	dsDNA
Rivsvirus			MW366843	Erwinia phage pEa_SNUABM_5	dsDNA
Rockefellervirus			DQ831957	Staphylococcus phage CNPH82	dsDNA
Rockefellervirus			KU598975	Staphylococcus phage CNPx	dsDNA
Rockvillevirus			KT970645	Bacillus phage phi4J1	dsDNA
Rogerhendrixvirus			MH183162	Microbacterium phage Hendrix	dsDNA
Ronaldovirus			MH479913	Gordonia phage Fryberger	dsDNA
Ronaldovirus			MH479925	Gordonia phage Ronaldo	dsDNA
Rosariovirus			MN103533	Mycobacterium phage Weirdo19	dsDNA
Rosemountvirus			MT074439	Salmonella phage birk	dsDNA
Rosemountvirus			KM366099	Salmonella phage BP63	dsDNA
Roslyckyvirus			MF403009	Agrobacterium phage Atu_ph08	dsDNA
Roufvirus			JF974294	Aeromonas phage pIS4-A	dsDNA
Rovertvirus			MW021761	Serratia phage vB_SmaS_Rovert	dsDNA
Rowavirus			MG593803	Streptomyces phage Rowa	dsDNA
Ruthyvirus			MT024859	Gordonia phage DumpsterDude	dsDNA
Ruthyvirus			MH536826	Gordonia phage Ruthy	dsDNA
Ryyoungvirus			AY605181	Burkholderia phage BcepC6B	dsDNA
Sagamiharavirus			AP018486	Mycobacterium phage PP	dsDNA
Saintgironsvirus			BX571876	Leptospira phage LE1	dsDNA
Salmondvirus			MH389777	Dickeya phage vB_DsoM_JA11	dsDNA
Salmondvirus			MH460461	Dickeya phage vB_DsoM_JA29	dsDNA
Saltrevirus			KX017520	Salmonella phage 64795_sal3	dsDNA
Samaravirus			MN604698	Bacillus phage vB_BcM_Sam46	dsDNA
Samunavirus			KU245542	Pseudomonas phage SM1	dsDNA
Sandinevirus			AJ245616	Lactococcus phage BK5-T	dsDNA
Sansavirus			KT001913	Caulobacter phage Sansa	dsDNA
Santafevirus			KJ192196	Mycobacterium phage 40AC	dsDNA
Santhisvirus			MZ209302	Gordonia phage Jojo24	dsDNA
Santhisvirus			MK814759	Gordonia phage Reyja	dsDNA
Saphexavirus			AB712291	Enterococcus phage BC611	dsDNA
Saphexavirus			KF192053	Enterococcus phage IME-EF1	dsDNA
Sargevirus			OK040780	Arthrobacter phage Sarge	dsDNA
Sarumanvirus			MK552140	Burkholderia phage BcepSaruman	dsDNA
Sarumanvirus			MK552141	Burkholderia phage BcepSauron	dsDNA
Sasdunavirus			GQ379227	Streptomyces phage phiSASD1	dsDNA
Sashavirus			KX987158	Salmonella phage vB_SenS_Sasha	dsDNA
Sasquatchvirus			KY984068	Erwinia phage vB_EamM_Y3	dsDNA
Sasvirus			AJ278322	Corynebacterium phage BFK20	dsDNA
Saundersvirus			KY565347	Geobacillus phage TP-84	dsDNA
Sawaravirus			AP012537	Stx2-converting phage Stx2a_WGPS2	dsDNA
Scappvirus			MH553517	Serratia phage Scapp	dsDNA
Scapunavirus			MF975637	Streptomyces phage Scap1	dsDNA
Schmidvirus			AB647160	Helicobacter phage KHP30	dsDNA
Schmidvirus			AB731695	Helicobacter phage KHP40	dsDNA
Schmittlotzvirus			JQ312117	Agrobacterium phage 7-7-1	dsDNA
Schnabeltiervirus			KU963252	Gordonia phage Schnabeltier	dsDNA
Schubertvirus			MK308637	Microbacterium phage Schubert	dsDNA
Seahorsevirus			MN512538	Vibrio phage Seahorse	dsDNA
Seamegvirus			MH910041	Arthrobacter phage Seahorse	dsDNA
Segzyvirus			MN737551	Salmonella phage LPSTLL	dsDNA
Segzyvirus			MH791402	Salmonella phage Segz_1	dsDNA
Sendosyvirus			AF157835	Hamiltonella phage APSE-1	dsDNA
Sendosyvirus			EU794049	Bacteriophage APSE-2	dsDNA
Seongbukvirus			HM596271	Leuconostoc phage phiMH1	dsDNA
Sepahanvirus			LC779065	Yersinia phage vB_Yru_GN1	dsDNA
Sepahanvirus			MW570730	Yersinia phage YerA41	dsDNA
Serbinvirus			OL539452	Serratia phage vB_SmaS_Opt-155	dsDNA
Serbinvirus			MK608336	Serratia phage Serbin	dsDNA
Seussvirus			KT001914	Caulobacter phage Seuss	dsDNA
Sextaecvirus			KF929199	Staphylococcus phage vB_SepS_SEP9	dsDNA
Sextaecvirus			KJ804259	Staphylococcus phage 6ec	dsDNA
Sfunavirus			KT221033	Streptomyces phage SF1	dsDNA
Shandongvirus			KR534323	Pseudoalteromonas phage H101	dsDNA
Sheenvirus			KP273225	Mycobacterium phage Sheen	dsDNA
Sherbrookevirus			LN681540	Clostridium phage phiCD506	dsDNA
Sherbrookevirus			LN681538	Clostridium phage phiCD481-1	dsDNA
Shirahamavirus			AP019524	Tenacibaculum phage PTm1	dsDNA
Shockervirus			MW507126	Microbacterium phage Shocker	dsDNA
Shoyavirus			MN908684	Arthrobacter phage Shoya	dsDNA
Shuimuvirus			KX523699	Salmonella phage IME207	dsDNA
Sidiousvirus			MK967384	Gordonia phage Sidious	dsDNA
Siftrevirus			KT221034	Streptomyces phage SF3	dsDNA
Silentrexvirus			MW862992	Arthrobacter phage SilentRX	dsDNA
Sixamavirus			MN484601	Gordonia phage Sixama	dsDNA
Skarprettervirus			MK105855	Escherichia phage Skarpretter	dsDNA
Skatevirus			MN692673	Salmonella phage VB_StyS_BS5	dsDNA
Skatevirus			MK112901	Salmonella virus KFS-SE2	dsDNA
Skogvirus			MN908687	Gordonia phage Skog	dsDNA
Skulduggeryvirus			MF042361	Pseudomonas phage Skulduggery	dsDNA
Skunavirus			KP793102	Lactococcus phage 936 group phage PhiA.16	dsDNA
Skunavirus			JQ740787	Lactococcus phage ASCC191	dsDNA
Slashvirus			KF669661	Bacillus phage Slash	dsDNA
Slashvirus			KP696447	Bacillus phage Stahl	dsDNA
Sleepyheadvirus			MK967380	Rhodococcus phage Sleepyhead	dsDNA
Smoothievirus			KU998247	Gordonia phage Bachita	dsDNA
Smoothievirus			KU998246	Gordonia phage ClubL	dsDNA
Snuvirus			MZ475896	Erwinia phage pEa_SNUABM_7	dsDNA
Solivirus			JX560521	Acinetobacter phage phiAC-1	dsDNA
Sonalivirus			MK411746	Arthrobacter phage Sonali	dsDNA
Sortsnevirus			MF614100	Klebsiella phage vB_KpnS_IME279	dsDNA
Sortsnevirus			MK651787	Escherichia phage Sortsne	dsDNA
Soupsvirus			KU998249	Gordonia phage Soups	dsDNA
Soupsvirus			KX557284	Gordonia phage Strosahl	dsDNA
Sozzivirus			KF183314	Oenococcus phage phiS11	dsDNA
Sozzivirus			KF183315	Oenococcus phage phiS13	dsDNA
Sparkyvirus			KM083128	Mycobacterium phage Sparky	dsDNA
Spartoivirus			MK061416	Rothia phage Spartoi	dsDNA
Spbetavirus			AF020713	Bacillus phage SPBc2	dsDNA
Spizizenvirus			HM072038	Bacillus phage phi105	dsDNA
Squashvirus			MH153803	Microbacterium phage Hyperion	dsDNA
Squashvirus			MH153813	Microbacterium phage Squash	dsDNA
Stanholtvirus			AF447491	Burkholderia phage phiE125	dsDNA
Stanholtvirus			CP000625	Burkholderia phage phi644-2	dsDNA
Stonewallvirus			KT388093	Streptococcus phage A25	dsDNA
Stormageddonvirus			MN586040	Gordonia phage Stormageddon	dsDNA
Strymvirus			KY658673.3	Vibrio phage H2 PGK-2017	dsDNA
Strymvirus			KX581099.3	Vibrio phage Strym	dsDNA
Successvirus			OP751148	Streptomyces phage Success	dsDNA
Sukhumvitvirus			AP018361	Lactobacillus phage T25	dsDNA
Svunavirus			DQ340064	Geobacillus phage GBSV1	dsDNA
Svunavirus			DQ840344	Bacillus phage 1	dsDNA
Swiduovirus			MT768060	Escherichia phage vB_EcoS_swi2	dsDNA
Syrbvirus			MW073100	Microbacterium phage vB_MoxS-R1	dsDNA
Tabiovirus			OQ622092.1	Xanthomonas phage 10KY502B	dsDNA
Tabiovirus			AB720064.1	Xanthomonas citri phage Cp2	dsDNA
Takahashivirus			MF360957	Bacillus phage PBS1	dsDNA
Tandoganvirus			MG969427	Anoxybacillus phage A403	dsDNA
Tankvirus			KU160669	Arthrobacter phage Tank	dsDNA
Tantvirus			MN812239	Flavobacterium phage vB_FspS_tant8-1	dsDNA
Taranisvirus			MG711467	Faecalibacterium phage FP_Taranis	dsDNA
Terapinvirus			MH271313	Gordonia phage Suzy	dsDNA
Terapinvirus			KX557285	Gordonia phage Terapin	dsDNA
Teubervirus			KY554766	Lactococcus phage AM6	dsDNA
Teubervirus			KY554762	Lactococcus phage LW31	dsDNA
Theosmithvirus			OQ317942	Bacillus phage 0105phi7-2	dsDNA
Thiercelinvirus			MT939242	Enterococcus phage 9184	dsDNA
Thornevirus			KT624200	Bacillus phage SP-15	dsDNA
Tieomvirus			MW009675	Vibrio phage vB_VpP_BT-1011	dsDNA
Tijeunavirus			HQ225832	Tetrasphaera phage TJE1	dsDNA
Timshelvirus			MT553337	Mycobacterium phage DroogsArmy	dsDNA
Timshelvirus			KC661275	Mycobacterium phage HINdeR	dsDNA
Tinduovirus			KR011062	Tsukamurella phage TIN2	dsDNA
Tinduovirus			KR011063	Tsukamurella phage TIN3	dsDNA
Titanvirus			KR935215	Rhodobacter phage RcSpartan	dsDNA
Titanvirus			KR935213	Rhodobacter phage RcTitan	dsDNA
Toutatisvirus			MG711466	Faecalibacterium phage FP_Toutatis	dsDNA
Triavirus			MK348510	Staphylococcus phage vB_SauS_fPfSau02	dsDNA
Triavirus			EU861005	Staphylococcus phage phiSauS-IPLA35	dsDNA
Trigintaduovirus			KJ028219	Mycobacterium phage 32HC	dsDNA
Trigintaduovirus			MG770216	Mycobacterium phage Rem711	dsDNA
Trinavirus			MF668286	Rhodococcus phage Trina	dsDNA
Trinevirus			MH271318	Gordonia phage Trine	dsDNA
Triplejayvirus			MN234178	Arthrobacter phage TripleJ	dsDNA
Trogglehumpervirus			OQ709222	Rhodococcus phage Trogglehumper	dsDNA
Turbidovirus			MF919490	Mycobacterium phage Anselm	dsDNA
Turbidovirus			MK919472	Mycobacterium phage Benvolio	dsDNA
Typhavirus			MK494099	Mycobacterium phage Typha	dsDNA
Uetakevirus			AY150271	Salmonella phage Epsilon15	dsDNA
Uetakevirus			OQ921333	Escherichia phage vB_EcoP_PAS61	dsDNA
Uwajimavirus			KY888143	Lactococcus phage PLgW-1	dsDNA
Valentinivirus			MH825712	Microbacterium phage ValentiniPuff	dsDNA
Vedamuthuvirus			JX567312	Lactococcus phage BM13	dsDNA
Vedamuthuvirus			MN552144	Lactococcus phage P1045	dsDNA
Veewebvirus			AY320035	Streptomyces phage VWB	dsDNA
Veracruzvirus			KX683423	Mycobacterium phage BabyRay	dsDNA
Veracruzvirus			KC172839	Mycobacterium phage BTCU-1	dsDNA
Vespunovirus			MZ333456	Enterococcus phage VEsP-1	dsDNA
Vhulanivirus			KR072689	Paracoccus phage Shpa	dsDNA
Vicosavirus			MG845684	Pseudomonas phage NV1	dsDNA
Vicosavirus			JX863101	Pseudomonas phage UFV-P2	dsDNA
Vidquintavirus			MG948468	Pantoea phage vB_PagS_Vid5	dsDNA
Waukeshavirus			KJ024807	Bacillus phage vB_BtS_BMBtp3	dsDNA
Waukeshavirus			KJ920400	Bacillus phage Waukesha92	dsDNA
Wbetavirus			MK085976	Bacillus phage AP631	dsDNA
Wbetavirus			OK499999	Bacillus phage vB_BanS_Booya	dsDNA
Weaselvirus			KX774321	Rhodococcus phage Weasels2	dsDNA
Whackvirus			MK967393	Rhodococcus phage Whack	dsDNA
Whiteheadvirus			GQ403788	Lactococcus phage 1358	dsDNA
Whytuvirus			MT024870	Arthrobacter phage Whytu	dsDNA
Whytuvirus			MT889364	Arthrobacter phage Yavru	dsDNA
Wodongavirus			JN116824	Rhodococcus phage REQ3	dsDNA
Woesvirus			KU998240	Gordonia phage Woes	dsDNA
Wollypogvirus			MW055913	Arthrobacter phage Wollypog	dsDNA
Wolominvirus			MT028492	Ochrobactrum phage vB_OspP_OH	dsDNA
Woodruffvirus			KP876466	Streptomyces phage TP1604	dsDNA
Woodruffvirus			KP876465	Streptomyces phage YDN12	dsDNA
Xajduovirus			KU197014	Xanthomonas phage XAJ2	dsDNA
Xiamenvirus			HM151342	Roseobacter phage RDJL Phi 1	dsDNA
Xiamenvirus			KT266805	Roseobacter phage RDJL Phi 2	dsDNA
Xipdecavirus			AP008979	Xanthomonas phage OP1	dsDNA
Xipdecavirus			DQ777876	Xanthomonas phage Xop411	dsDNA
Xuquatrovirus			MK373772	Escherichia phage PTXU04	dsDNA
Yanchengvirus			OL964755	Aeromonas phage pAEv1818	dsDNA
Yeceytrevirus			MN585979	Mycobacterium phage Yecey3	dsDNA
Yokohamavirus			AB767244	Edwardsiella phage MSW-3	dsDNA
Yokohamavirus			AP013057	Edwardsiella phage PEi21	dsDNA
Yoloswagvirus			KY448244	Erwinia phage vB_EamM_Yoloswag	dsDNA
Yongloolinvirus			DQ466086	Clostridioides phage phiC2	dsDNA
Yongloolinvirus			HG531805	Clostridium phage CDMH1	dsDNA
Yvonnevirus			KU963248	Gordonia phage Yvonnetastic	dsDNA
Zhangqianvirus			KY653126	Staphylococcus virus IME1354_01	dsDNA
Zhuquevirus			KP162168	Paracoccus phage vB_PmaS-R3	dsDNA
Zizhuyuanvirus			PP438411.1	Leptolyngbya phage Lsp-JY19	dsDNA
Zukovirus			MW822144	Streptomyces phage KimJongPhill	dsDNA
Zukovirus			MN204493	Streptomyces phage Zuko	dsDNA
Abaestuovirus		Inoviridae	MH617292	Inoviridae sp. isolate ctbh8	ssDNA(+)
Aclydivirus		Inoviridae	MH617507	Inoviridae sp. isolate ctce6	ssDNA(+)
Acontivirus		Inoviridae	MH617060	Inoviridae sp. isolate ctcg21	ssDNA(+)
Actovirus		Inoviridae	MH616641	Inoviridae sp. isolate ctbh41	ssDNA(+)
Actovirus		Inoviridae	MH617617	Inoviridae sp. isolate ctcf45	ssDNA(+)
Adiligaturavirus		Inoviridae	MH617675	Inoviridae sp. isolate ctbf24	ssDNA(+)
Affertcholeramvirus		Inoviridae	HQ224500	Vibrio phage CTXphi	ssDNA(+/-)
Affertcholeramvirus		Inoviridae	KP972568	Vibrio phage pre-CTX Uzbekistan	ssDNA(+/-)
Amentovirus		Inoviridae	MH593836	Inoviridae sp. isolate ctbh10	ssDNA(+)
Amentovirus		Inoviridae	MH617090	Inoviridae sp. isolate ctda39	ssDNA(+)
Anademivirus		Inoviridae	MT975991	Alteromonas phage phiAFP1	ssDNA(+)
Antiavirus		Inoviridae	MH617306	Inoviridae sp. isolate ctcj20	ssDNA(+)
Aspidivirus		Inoviridae	MH617742	Inoviridae sp. isolate ctbf14	ssDNA(+)
Aspidivirus		Inoviridae	MH617224	Inoviridae sp. isolate ctfi19	ssDNA(+)
Capistrivirus		Inoviridae	AY714348	Vibrio phage KSF1	ssDNA(+)
Catenatiovirus		Inoviridae	MN582099	Inoviridae sp. ctBZ32	ssDNA(+)
Circumitovirus		Inoviridae	MH617564	Inoviridae sp. isolate ctbi48	ssDNA(+)
Coriovirus		Inoviridae	M57538	Xanthomonas phage Cf1c	ssDNA(+/-)
Coriovirus		Inoviridae	AB910602	Xanthomonas phage XacF1	ssDNA(+/-)
Fasceasvirus		Inoviridae	MH616765	Inoviridae sp. isolate ctcf1	ssDNA(+)
Fasceasvirus		Inoviridae	MH617190	Inoviridae sp. isolate ctjd25	ssDNA(+)
Femenvirus		Inoviridae	MH617673	Inoviridae sp. isolate ctca11	ssDNA(+)
Femenvirus		Inoviridae	MH617363	Inoviridae sp. isolate ctcg13	ssDNA(+)
Fibrovirus		Inoviridae	D89074	Vibrio phage fs1	ssDNA(+)
Fibrovirus		Inoviridae	AB572858	Vibrio phage ND1-fs1	ssDNA(+/-)
Galbavirus		Inoviridae	MH617467	Inoviridae sp. isolate ctba17	ssDNA(+)
Habenivirus		Inoviridae	KX179905	Ralstonia phage Rs551	ssDNA(+/-)
Habenivirus		Inoviridae	MF716957	Ralstonia phage RSIBR3	ssDNA(+/-)
Infulavirus		Inoviridae	U02303	Escherichia phage If1	ssDNA(+)
Inovirus		Inoviridae	V00604	Escherichia phage M13; Enterobacteria phage M13; bacteriophage M13	ssDNA(+)
Inovirus		Inoviridae	JF719734	Enterobacteria phage f1	ssDNA(+)
Itinerivirus		Inoviridae	MH617343	Inoviridae sp. isolate ctda12	ssDNA(+)
Lineavirus		Inoviridae	X14336	Escherichia phage I22	ssDNA(+)
Lineavirus		Inoviridae	X02139	Salmonella phage IKe	ssDNA(+)
Lophivirus		Inoviridae	MK512531	Xanthomonas phage Cf2	ssDNA(+/-)
Lophivirus		Inoviridae	MH218848	Xanthomonas phage phi Lf2	ssDNA(+/-)
Meandervirus		Inoviridae	MH617768	Inoviridae sp. isolate ctcj40	ssDNA(+)
Meandervirus		Inoviridae	MH617219	Inoviridae sp. isolate cted44	ssDNA(+)
Nigolovirus		Inoviridae	MZ474489	Phage blackswan219-1	ssDNA(+)
Parhipatevirus		Inoviridae	HM064452	Ralstonia phage PE226	ssDNA(+)
Phargevirus		Inoviridae	MZ474491	Phage silverpheasant213	ssDNA(+)
Pilosavirus		Inoviridae	OR047306	Pseudomonas phage PMBT54	ssDNA(+)
Plantarivirus		Inoviridae	MH649151	Inoviridae sp. isolate ctcb147	ssDNA(+)
Porrectionivirus		Inoviridae	AY374414	Ralstonia phage p12J	ssDNA(+)
Primolicivirus		Inoviridae	X52107	Pseudomonas phage Pf1	ssDNA(+)
Primolicivirus		Inoviridae	MN710383	Pseudomonas phage pf8_ST274-AUS411	ssDNA(+/-)
Prolivirus		Inoviridae	MH617622	Inoviridae sp. isolate ctbd37	ssDNA(+)
Propagovirus		Inoviridae	MH649021	Inoviridae sp. isolate ctii000	ssDNA(+)
Psecadovirus		Inoviridae	EF489910	Stenotrophomonas phage PSH1	ssDNA(+/-)
Pubesvirus		Inoviridae	MH616818	Inoviridae sp. isolate ctba29	ssDNA(+)
Pythonevirus		Inoviridae	OQ354711	Pseudomonas phage WX_Y	ssDNA(+)
Ramphavirus		Inoviridae	MZ474490	Phage toucan80	ssDNA(+)
Restivirus		Inoviridae	MT495635	Ralstonia phage RSBg	ssDNA(+/-)
Restivirus		Inoviridae	AB259124	Ralstonia phage RSS1	ssDNA(+)
Reticulivirus		Inoviridae	MH617645	Inoviridae sp. isolate ctcb11	ssDNA(+)
Saetivirus		Inoviridae	AB002632	Vibrio phage fs2	ssDNA(+)
Saetivirus		Inoviridae	KC357596	Vibrio phage VFJ	ssDNA(+/-)
Sarmentivirus		Inoviridae	MH616843	Inoviridae sp. isolate ctbd25	ssDNA(+)
Scuticavirus		Inoviridae	HG315669	Stenotrophomonas phage SMA6	ssDNA(+/-)
Scytalavirus		Inoviridae	MH617040	Inoviridae sp. isolate ctce6	ssDNA(+)
Semitavirus		Inoviridae	MH617492	Inoviridae sp. isolate ctda43	ssDNA(+)
Senectutivirus		Inoviridae	MH649005	Inoviridae sp. isolate ctcf138	ssDNA(+)
Serpentivirus		Inoviridae	OP867012	Shewanella phage Dolos	ssDNA(+)
Siphunculivirus		Inoviridae	HM150760	Stenotrophomonas phage phi SHP2	ssDNA(+/-)
Staminivirus		Inoviridae	MH552488	Inoviridae sp. isolate ctda6	ssDNA(+)
Staminivirus		Inoviridae	AM040673	Stenotrophomonas phage SMA9	ssDNA(+/-)
Strophivirus		Inoviridae	MH616838	Inoviridae sp. isolate ctbh31	ssDNA(+)
Strophivirus		Inoviridae	MH617618	Inoviridae sp. isolate ctch32	ssDNA(+)
Subteminivirus		Inoviridae	HG007973	Stenotrophomonas phage SMA7	ssDNA(+/-)
Tertilicivirus		Inoviridae	M11912	Pseudomonas phage Pf3	ssDNA(+)
Tertilicivirus		Inoviridae	M19377	Pseudomonas phage Pf3	ssDNA(+)
Vasivirus		Inoviridae	MN200778	Vibrio phage VAI1	ssDNA(+/-)
Versovirus		Inoviridae	MN719123	Vibrio phage VALG_phi6	ssDNA(+/-)
Versovirus		Inoviridae	AB043678	Vibrio phage VfO3K6	ssDNA(+/-)
Vicialiavirus		Inoviridae	JN848801	Vibrio phage VCY	ssDNA(+/-)
Villovirus		Inoviridae	OP628074	Vibrio phage vB_VpI_FR1	ssDNA(+/-)
Villovirus		Inoviridae	OL512807	Vibrio phage V5	ssDNA(+)
Viscerivirus		Inoviridae	MH616815	Inoviridae sp. isolate ctbf 525	ssDNA(+)
Vittavirus		Inoviridae	OP297622	Vibrio phage Vaf1	ssDNA(+)
Xiphivirus		Inoviridae	MH617445	Inoviridae sp. isolate ctcf2	ssDNA(+)
Xylivirus		Inoviridae	MN335248	Vibrio phage XacF13	ssDNA(+/-)
Xylivirus		Inoviridae	KX181651	Xanthomonas phage Xf109	ssDNA(+/-)
Bifilivirus		Paulinoviridae	AF428260	Propionibacterium phage B5	ssDNA(+)
Bifilivirus		Paulinoviridae	PP693361	Propionibacterium phage Philemon	ssDNA(+)
Thomixvirus		Paulinoviridae	LC035386	Thermus phage OH3	ssDNA(+)
Thomixvirus		Paulinoviridae	PP554188	Thermus phage Zuza8	ssDNA(+)
Plectrovirus		Plectroviridae	X58839	Acholeplasma phage MV-L51	ssDNA(+)
Suturavirus		Plectroviridae	AF133242	Spiroplasma phage SVTS2	ssDNA(+)
Vespertiliovirus		Plectroviridae	U28974	Spiroplasma phage 1-C74	ssDNA(+)
Vespertiliovirus		Plectroviridae	X51344	Spiroplasma phage 1-R8A2B	ssDNA(+)
Virgulavirus		Plectroviridae	AJ969242	Spiroplama phage SVGII3	ssDNA(+)
Hukuchivirus		Matsushitaviridae	AB063393	Thermus phage IN93	dsDNA
Hukuchivirus		Matsushitaviridae	GQ403789	Thermus phage P23-77	dsDNA
Finnlakevirus		Finnlakeviridae	MF361639	Flavobacterium phage FLiP	ssDNA
Elsinorevirus		Asemoviridae	MH730557	Vibrio phage fNo16	dsDNA
Rumoivirus		Asemoviridae	OM867525	Vibrio phage vB_VruC_PG21	dsDNA
Ameliavirus		Autolykiviridae	MG592394	Vibrio phage 1.008.O._10N.286.54.E5	dsDNA
Livvievirus		Autolykiviridae	MG592615	Vibrio phage 1.249.A._10N.261.55.B9	dsDNA
Oliviavirus		Autolykiviridae	MG592402	Vibrio phage 1.020.O._10N.222.48.A2	dsDNA
Paulavirus		Autolykiviridae	MG592427	Vibrio phage 1.044.O._10N.261.51.B8	dsDNA
Paulavirus		Autolykiviridae	MG592455	Vibrio phage 1.080.O._10N.286.48.A4	dsDNA
Merivirus		Corticoviridae	MG966533	Pseudoalteromonas phage Cr39582	dsDNA
Merivirus		Corticoviridae	AF155037	Pseudoalteromonas phage PM2	dsDNA
Anticleavirus		Mestraviridae	OP588643	Rhodobacter phage Jorvik	dsDNA
Polymedevirus		Mestraviridae	MH105080	Marinomonas phage YY	dsDNA
Corycianvirus		Parnassusviridae	MW618650	Marinomonas phage MfV	dsDNA
Alphatectivirus		Tectiviridae	AY848686	Enterobacteria phage PR4	dsDNA
Alphatectivirus		Tectiviridae	AY848689	Enterobacteria phage PRD1	dsDNA
Betatectivirus		Tectiviridae	EU408779	Bacillus phage AP50	dsDNA
Betatectivirus		Tectiviridae	AY257527	Bacillus phage Bam35c	dsDNA
Deltatectivirus		Tectiviridae	MK620900	Streptomyces phage Forthebois	dsDNA
Deltatectivirus		Tectiviridae	MK305890	Streptomyces phage WheeHeim	dsDNA
Epsilontectivirus		Tectiviridae	KY817360	Rhodococcus phage Toil	dsDNA
Gammatectivirus		Tectiviridae	MG159787	Gluconobacter phage GC1	dsDNA
Algophervirus		Lilleviridae	MK765557	Tortoise microvirus 7 7_SP_42	ssDNA(+)
Alnafnavirus		Lilleviridae	MG945680	Microviridae sp. 1023-1801virus	ssDNA(+)
Alnifnivirus		Lilleviridae	MG945509	Microviridae sp. 1761-1801virus	ssDNA(+)
Alcanfavirus		Litenviridae	MG945253	Microviridae sp. 2449-1602virus	ssDNA(+)
Alcanivirus		Litenviridae	MG945572	Microviridae sp. 3523-1602virus	ssDNA(+)
Algomorvirus		Litenviridae	MK765608	Tortoise microvirus 56 56_SP_86	ssDNA(+)
Algopmovirus		Litenviridae	MK765590	Tortoise microvirus 40 40_SP_83	ssDNA(+)
Alimacvirus		Litenviridae	MH617173	Microviridae sp. ctbb20 virus	ssDNA(+)
Almumusvirus		Litenviridae	MH552557	Microviridae sp. ctbd329 virus	ssDNA(+)
Alnoufnouvirus		Litenviridae	MG945831	Microviridae sp. 9359-1602 virus	ssDNA(+)
Alpecorivirus		Litenviridae	MG945638	Microviridae sp. 7092-1602 virus	ssDNA(+)
Alcafavirus		Litilviridae	MG945515	Microviridae sp. 1931-1706 virus	ssDNA(+)
Alciorovirus		Litilviridae	MH572526	Microviridae sp. SD_HF_66 virus	ssDNA(+)
Alcryvirus		Litilviridae	MN311493	Antarctic microvirus TYR_006_V_SP_13	ssDNA(+)
Alhyhydvirus		Litilviridae	MK496694	Capybara microvirus Cap1_SP_81	ssDNA(+)
Alpaglavirus		Litilviridae	MG945641	Microviridae sp. 8656-1612 virus	ssDNA(+)
Alepusivirus		Pieniviridae	MG641188	Lepus americanus faeces associated microvirus SHP1 6472	ssDNA(+)
Almusivirus		Pieniviridae	MH552492	Microviridae sp. ctbc205 virus	ssDNA(+)
Alpecusivirus		Pieniviridae	MG945493	Microviridae sp. 1308-1602 virus	ssDNA(+)
Alydrochavirus		Pieniviridae	MK496690	Capybara microvirus Cap1_SP_66	ssDNA(+)
Alcapybaravirus		Pikkuviridae	MK496680	Capybara microvirus Cap1_SP_45	ssDNA(+)
Almacaqusvirus		Pikkuviridae	MH617318	Microviridae sp. ctcd27 virus	ssDNA(+)
Almaoniuvirus		Pikkuviridae	MG945791	Microviridae sp. 4383-1711 virus	ssDNA(+)
Almiluvirus		Pikkuviridae	MG945750	Microviridae sp. 2981-1602 virus	ssDNA(+)
Alpacinvirus		Pikkuviridae	KX513871	Human gut microviridae SH-CHD8 virus	ssDNA(+)
Alzhudosvirus		Pikkuviridae	MG945356	Microviridae sp. 2769-1801 virus	ssDNA(+)
Alzhuvirus		Pikkuviridae	MG945352	Microviridae sp. 2654-1801 virus	ssDNA(+)
Largivirus		Liberviridae	CP045566	Liberibacter phage CLasMV1	ssDNA(+)
Aminivirus		Mazaviridae	MF101922	Ruegeria phage DSS3-P22	ssDNA(+)
Avacavirus		Mazaviridae	MH617327	Microviridae sp. ctih52 virus	ssDNA(+)
Minimarinivirus		Mazaviridae	MG214764	Citromicrobium phage vB_Cib_ssDNA_P1	ssDNA(+)
Piticivirus		Mazaviridae	MN988485	Rhizobium phage RHph_Y67	ssDNA(+)
Sonoravirus		Mazaviridae	MK765605	Tortoise microvirus 53 53_SP_177	ssDNA(+)
Alphatrevirus		Eubullaviridae	X60322	Escherichia phage alpha3	ssDNA(+)
Alphatrevirus		Eubullaviridae	DQ079870	Escherichia phage ID21	ssDNA(+)
Gequatrovirus		Eubullaviridae	V00657	Escherichia phage G4	ssDNA(+)
Gequatrovirus		Eubullaviridae	DQ079877	Escherichia phage ID52	ssDNA(+)
Sinsheimervirus		Eubullaviridae	J02482	Escherichia phage phiX174	ssDNA(+)
Vimicrovirus		Eubullaviridae	OK338687	Vibrio phage vB_VpP_WS1	ssDNA(+)
Pseudophixvirus		Pequenoviridae	KP087950	Eel River basin pequenovirus c17592	ssDNA(+)
Paraphixvirus		Piccoloviridae	KP087951	Eel River basin pequenovirus c18953	ssDNA(+)
Periphixvirus		Piticuviridae	MH649026	Microviridae sp. ctea001 virus	ssDNA(+)
Gokucipiengivirus		Alphagokushoviridae	KR704914	Chimpanzee faeces associated microphage 2 CPNG_29299	ssDNA(+)
Gokugallopavovirus		Alphagokushoviridae	HQ264138	Microvirus CA82	ssDNA(+)
Gokumacromysvirus		Alphagokushoviridae	MK496788	Capybara microvirus Cap3_SP_433	ssDNA(+)
Gokumagnusmusvirus		Alphagokushoviridae	MK496798	Capybara microvirus Cap3_SP_457	ssDNA(+)
Huficovirus		Alphagokushoviridae	KT264798	Gokushovirus WZ-2015a 50Chd433	ssDNA(+)
Khonivirus		Alphagokushoviridae	MG945447	Microviridae sp. 5964-1801 virus	ssDNA(+)
Spiromicrovirus		Alphagokushoviridae	M17988	Spiroplasma phage 4	ssDNA(+)
Bdellomicrovirus		Betagokushoviridae	AF306496	Bdellovibrio phage phiMH2K	ssDNA(+)
Chlamydiaduovirus		Betagokushoviridae	AJ270057	Chlamydia phage 2	ssDNA(+)
Chlamydiaduovirus		Betagokushoviridae	AE002163	Chlamydia phage phiCPAR39	ssDNA(+)
Chlamydiaunovirus		Betagokushoviridae	D00624	Chlamydia phage Chp1	ssDNA(+)
Cionrobuvirus		Betagokushoviridae	MH572434	Microviridae sp. SD_MC_49 virus	ssDNA(+)
Crownevirus		Betagokushoviridae	KT264811	Gokushovirus WZ-2015a 63CrownNew1	ssDNA(+)
Cypriminnovirus		Betagokushoviridae	MH617083	Microviridae sp. ctca675 virus	ssDNA(+)
Eelrivirus		Betagokushoviridae	KP087945	Eel River basin pequenovirus c15138	ssDNA(+)
Enterogokushovirus		Betagokushoviridae	MT185428	Escherichia phage EC6098	ssDNA(+)
Hulichivirus		Betagokushoviridae	KT264825	Gokushovirus WZ-2015a 77Fx5	ssDNA(+)
Leuciminnovirus		Betagokushoviridae	MH617516	Microviridae sp. cthd705 virus	ssDNA(+)
Mellcarnivirus		Betagokushoviridae	MH992155	Apis mellifera associated microvirus 60 BeeCFH_SP_3639	ssDNA(+)
Melllinguisvirus		Betagokushoviridae	MH992218	Apis mellifera associated microvirus 22 INH_SP_293	ssDNA(+)
Minnosuevirus		Betagokushoviridae	MH616976	Microviridae sp. ctbd724 virus	ssDNA(+)
Minnowtisvirus		Betagokushoviridae	MH616867	Microviridae sp. ctbg686 virus	ssDNA(+)
Minsuevirus		Betagokushoviridae	MH617722	Microviridae sp. ctdc175 virus	ssDNA(+)
Paruchinvirus		Betagokushoviridae	MG945835	Microviridae sp. 1873-1502 virus	ssDNA(+)
Renleivirus		Betagokushoviridae	KT264818	Gokushovirus WZ-2015a 70Chd477	ssDNA(+)
Saanivirus		Betagokushoviridae	KC131022	marine gokushovirus SI1	ssDNA(+)
Sahondenvirus		Betagokushoviridae	KM589502	Gokushovirinae Bog8989_22 virus	ssDNA(+)
Sontinvirus		Betagokushoviridae	KM589508	Gokushovirinae Fen672_31 virus	ssDNA(+)
Sphagnuvirus		Betagokushoviridae	KM589498	Gokushovirinae Bog1183_53 virus	ssDNA(+)
Storgivirus		Betagokushoviridae	KC131024	marine gokushovirus SOG1	ssDNA(+)
Wastmicvirus		Betagokushoviridae	KX259466	Uncultured virus wastewater_microviridae_FL12	ssDNA(+)
Wiyavirus		Betagokushoviridae	KP087939		ssDNA(+)
Mohgevirus		Groupodiviridae	MK765653	Tortoise microvirus 100 100_SP_14	ssDNA(+)
Sehtuvirus		Groupodiviridae	KP087956	Eel River basin pequenovirus c22108	ssDNA(+)
Tramlacvirus		Groupodiviridae	JX185431	Dragonfly-associated microphage 1 FL1-NZ54-2010	ssDNA(+)
Pacdirvirus		Pichoviridae	KM589515	Parabacteroides phage YZ-2015a	ssDNA(+)
Piapivirus		Pichoviridae	MH992186	Apis mellifera associated microvirus 58 INH_SP_180	ssDNA(+)
Picaglacivirus		Pichoviridae	MN311489	Antarctic microvirus CAA_003_V_9	ssDNA(+)
Picionavirus		Pichoviridae	MH572367	Microviridae sp. SD_SC_13 virus	ssDNA(+)
Piciorovirus		Pichoviridae	MH572522	Microviridae sp. SD_HF_42 virus	ssDNA(+)
Picominovirus		Pichoviridae	MH617110	Microviridae sp. ctdb208 virus	ssDNA(+)
Picryovirus		Pichoviridae	MN311487	Antarctic microvirus CAA_003_V_1	ssDNA(+)
Piglaglavirus		Pichoviridae	MN311488	Antarctic microvirus CAA_003_V_4	ssDNA(+)
Pigophevirus		Pichoviridae	MK765643	Tortoise microvirus 90 90_SP_126	ssDNA(+)
Pimethasivirus		Pichoviridae	KP087937	Eel River basin pequenovirus c905	ssDNA(+)
Sahondevirus		Pichoviridae	KM589500	Microviridae Bog5275_51 virus	ssDNA(+)
Sbenevirus		Pichoviridae	KM589505	Microviridae Fen418_41 virus	ssDNA(+)
Shuntenvirus		Pichoviridae	KM589509	Microviridae Fen685_11 virus	ssDNA(+)
Sphegnavirus		Pichoviridae	KM589507	Microviridae Fen51_42 virus	ssDNA(+)
Sphignavirus		Pichoviridae	KM589503	Microviridae Bog9017_22 virus	ssDNA(+)
Sphinavirus		Pichoviridae	KM589506	Microviridae Fen4707_41 virus	ssDNA(+)
Subabevirus		Sukshmaviridae	MG945316	Microviridae sp. 1527-1801 virus	ssDNA(+)
Subethovenvirus		Sukshmaviridae	MG945562	Microviridae sp. 3317-1602 virus	ssDNA(+)
Sucapyvirus		Sukshmaviridae	MK496748	Capybara microvirus Cap1_SP_216	ssDNA(+)
Sutorvirus		Sukshmaviridae	MK765576	Tortoise microvirus 26 26_SP_114	ssDNA(+)
Suydrochavirus		Sukshmaviridae	MK496708	Capybara microvirus Cap1_SP_108	ssDNA(+)
Nanosedivirus		Osikeviridae	BK061430	Microviridae sp. reeSedAu virus	ssDNA(+)
Vastaquavirus		Osikeviridae	BK061429	Microviridae sp. reeWastUs1 virus	ssDNA(+)
Vastumavirus		Osikeviridae	BK061428	Microviridae sp. reeWastUs4 virus	ssDNA(+)
Rofluviavirus		Kidogoviridae	BK061423	Microviridae sp. rooFreshIt virus	ssDNA(+)
Romarinivirus		Kidogoviridae	BK061422	Microviridae sp. rooOceanUs1 virus	ssDNA(+)
Rominovirus		Kidogoviridae	MH617313	Microviridae sp. ctda012 virus	ssDNA(+)
Roporiferavirus		Kidogoviridae	BK061421	Microviridae sp. rooSpongAu virus	ssDNA(+)
Rosaltivirus		Kidogoviridae	BK061419	Microviridae sp. rooSaltUs3 virus	ssDNA(+)
Chaparrovirus		Chicoviridae	MN988464	Rhizobium phage RHph_TM24	ssDNA(+)
Chaparrovirus		Chicoviridae	MN988477	Rhizobium phage RHph_TM32	ssDNA(+)
Cumcionavirus		Chicoviridae	MH572519	Microviridae sp. SD_HF_63 virus	ssDNA(+)
Faseolivirus		Chicoviridae	MW960035	Rhizobium phage RHph_X92	ssDNA(+)
Faseolivirus		Chicoviridae	MN988460	Rhizobium phage RHph_TM23	ssDNA(+)
Microsonovirus		Chicoviridae	MK765623	Tortoise microvirus 70 70_SP_7	ssDNA(+)
Oceanivirus		Chicoviridae	PP558219	Roseobacter phage CRPss-251	ssDNA(+)
Petitsonovirus		Chicoviridae	MK765628	Tortoise microvirus 75 75_SP_48	ssDNA(+)
Planktonivirus		Chicoviridae	PP558217	Roseobacter phage CRPss-154	ssDNA(+)
Seavirus		Chicoviridae	PP558214	Roseobacter phage CRPss-151	ssDNA(+)
Micisonovirus		Occultatumviridae	MK765588	Tortoise microvirus 38 38_SP_76	ssDNA(+)
Ascunsovirus		Tainaviridae	OM782324	Ascunsovirus oldenburgi ICBM5	ssDNA(+)
Circularivirus		Tainaviridae	MH617319	Microviridae sp. ctbc9 virus	ssDNA(+)
Pentonivirus		Tainaviridae	PP754850	Rhodobacter phage Ebor	ssDNA(+)
Bartonegtaviriform		Bartogtaviriformidae	BX897699 (1602076.1680868)	Bartonella gene transfer agent	dsDNA
Brachyspigtaviriform		Brachygtaviriformidae	CP001357 (2121760.2137438)	Brachyspira hyodysenteriae gene transfer agent	dsDNA
Cebaduodecimvirus		Obscuriviridae	KC821623	Cellulophaga phage phi12a:1	ssDNA
Cebaduodecimvirus		Obscuriviridae	KC821606	Cellulophaga phage phi12:2	ssDNA
Omtjevirus		Obscuriviridae	MT732445	Cellulophaga phage Omtje_1	ssDNA
Plasmavirus		Plasmaviridae	L13696	Acholeplasma phage L2	dsDNA
Dinogtaviriform		Rhodogtaviriformidae	CP000830 (1649803.2306161)	Dinoroseobacter shibae gene transfer agent	dsDNA
Rhodobactegtaviriform		Rhodogtaviriformidae	CP001312 (203033.2020660)	Rhodobacter capsulatus gene transfer agent	dsDNA
Rhodovulugtaviriform		Rhodogtaviriformidae	CP015418 (181175.2664887)	Rhodovulum sulfidophilum gene transfer agent	dsDNA
Ruegerigtaviriform		Rhodogtaviriformidae	CP000031 (2001541.2913924)	Ruegeria pomeroyi gene transfer agent	dsDNA
