Genus	Subfamily	Family	Accession	Phage	Genome	Genome size
Ceskevirus	Gujervirinae	Autonotataviridae	PP079415	Xanthomonas phage SB4	dsDNA	44323
Maltophvirus	Gujervirinae	Autonotataviridae	MW960043	Stenotrophomonas phage BUCT609	dsDNA	43145
Pazvirus	Gujervirinae	Autonotataviridae	MT951568	Xanthomonas phage Xaa_vB_phi31	dsDNA	42825
Pazvirus	Gujervirinae	Autonotataviridae	KF626666	Xylella phage Paz	dsDNA	43869
Ponderosavirus	Gujervirinae	Autonotataviridae	MZ326858	Stenotrophomonas phage Pepon	dsDNA	42532
Ponderosavirus	Gujervirinae	Autonotataviridae	MK903280	Stenotrophomonas phage Ponderosa	dsDNA	42612
Pradovirus	Gujervirinae	Autonotataviridae	OP583591	Xanthomonas phage F5	dsDNA	44616
Pradovirus	Gujervirinae	Autonotataviridae	KU595432	Xanthomonas phage f20-Xaj	dsDNA	43851
Smasvirus	Gujervirinae	Autonotataviridae	MW831865	Stenotrophomonas phage BUCT598	dsDNA	43581
Smasvirus	Gujervirinae	Autonotataviridae	OM735686	Stenotrophomonas phage vB_SmeS_BUCT700	dsDNA	43214
Aghbyvirus	Melnykvirinae	Autonotataviridae	KT184661	Yersinia phage vB_YenP_ISAO8	dsDNA	41449
Ahphunavirus	Melnykvirinae	Autonotataviridae	PP226938	Aeromonas phage phiA014L	dsDNA	41536
Ahphunavirus	Melnykvirinae	Autonotataviridae	KT949345	Aeromonas phage Ahp1	dsDNA	42167
Atoyacvirus	Melnykvirinae	Autonotataviridae	MT682386	Aeromonas phage Atoyac1	dsDNA	41721
Atoyacvirus	Melnykvirinae	Autonotataviridae	MT682390	Aeromonas phage Atoyac15	dsDNA	42010
Cronosvirus	Melnykvirinae	Autonotataviridae	LN878149	Cronobacter phage Dev-CD-23823	dsDNA	41620
Cronosvirus	Melnykvirinae	Autonotataviridae	MW882933	Cronobacter phage EspYZU05	dsDNA	41723
Cullenvirus	Melnykvirinae	Autonotataviridae	OL362270	Klebsiella phage 6937	dsDNA	43359
Cullenvirus	Melnykvirinae	Autonotataviridae	OY757063	Klebsiella phage vB_Kpl_K59PH2	dsDNA	43207
Daeravirus	Melnykvirinae	Autonotataviridae	MN509793	Pectobacterium phage MA13	dsDNA	42464
Jimeivirus	Melnykvirinae	Autonotataviridae	PP453689	Escherichia phage vB_EcoP_LHP	dsDNA	42132
Panjvirus	Melnykvirinae	Autonotataviridae	MG878892	Salmonella phage vB_SpuP_Spp16	dsDNA	41832
Pienvirus	Melnykvirinae	Autonotataviridae	HE956707	Yersinia phage phiR8-01	dsDNA	42085
Pokrovskaiavirus	Melnykvirinae	Autonotataviridae	KY318515	Yersinia phage fHe-Yen3-01	dsDNA	42771
Pokrovskaiavirus	Melnykvirinae	Autonotataviridae	HE956710	Yersinia phage phi80-18	dsDNA	42406
Wanjuvirus	Melnykvirinae	Autonotataviridae	MK053931	Pectobacterium phage Arno160	dsDNA	41823
Wanjuvirus	Melnykvirinae	Autonotataviridae	KX756572	Pectobacterium phage PP2	dsDNA	41841
Higashivirus	Okabevirinae	Autonotataviridae	OP087422	Ralstonia phage BHDT_So9	dsDNA	41296
Higashivirus	Okabevirinae	Autonotataviridae	AB451219	Ralstonia phage RSB1	dsDNA	43079
Hongshanvirus	Okabevirinae	Autonotataviridae	MW965453	Ralstonia phage vB_RsoP_BMB50	dsDNA	43665
Aerosvirus		Autonotataviridae	JN651747	Aeromonas phage phiAS7	dsDNA	41572
Aerosvirus		Autonotataviridae	MH179473	Aeromonas phage_ZPAH7	dsDNA	42696
Ampunavirus		Autonotataviridae	HG793132	Burkholderia phage Bp-AMP1	dsDNA	42409
Ampunavirus		Autonotataviridae	KY464836	Ralstonia phage RS-PI-1	dsDNA	43211
Anchaingvirus		Autonotataviridae	MT740728	Ralstonia phage Anchaing	dsDNA	43597
Aqualcavirus		Autonotataviridae	KX660669	Aquamicrobium phage P14	dsDNA	40551
Bifseptvirus		Autonotataviridae	KX458241	Pseudomonas phage Andromeda	dsDNA	40008
Bifseptvirus		Autonotataviridae	JN991020	Pseudomonas phage Bf7	dsDNA	40058
Conareevirus		Autonotataviridae	ON529868	Brevundimonas phage vB_BpoS-Babayka	dsDNA	42321
Conareevirus		Autonotataviridae	GU393987	Caulobacter phage Cd1	dsDNA	41581
Cotavirus		Autonotataviridae	LR778216	Xylella phage Cota	dsDNA	42307
Dcimvirus		Autonotataviridae	OQ137559	Caulobacter phage DCM	dsDNA	44310
Ermolevavirus		Autonotataviridae	MG201401	Escherichia phage PGT2	dsDNA	42686
Ermolevavirus		Autonotataviridae	JN882298	Escherichia phage phiKT	dsDNA	42608
Euvesivirus		Autonotataviridae	PP079414	Xanthomonas phage SB3	dsDNA	43093
Jeruvirus		Autonotataviridae	MW145136	Providencia phage PSTNGR1	dsDNA	41033
Kalppathivirus		Autonotataviridae	KY981272	Curvibacter phage P26059B	dsDNA	41344
Lullwatervirus		Autonotataviridae	MF621978	Caulobacter phage Lullwater	dsDNA	44638
Lullwatervirus		Autonotataviridae	OR260090	Caulobacter phage Quill_5.2	dsDNA	44641
Mguuvirus		Autonotataviridae	KC853746	Burkholderia phage JG068	dsDNA	41604
Napahaivirus		Autonotataviridae	KX066068	Pseudomonas phage VSW-3	dsDNA	40556
Pakuvirus		Autonotataviridae	MZ326863	Burkholderia phage Paku	dsDNA	42727
Paternavirus		Autonotataviridae	ON932081	Xanthomonas phage vB_Xar_IVIA-DoCa7	dsDNA	42881
Percyvirus		Autonotataviridae	OQ135102	Caulobacter phage BL198	dsDNA	44961
Percyvirus		Autonotataviridae	OQ137560	Caulobacter phage ERS	dsDNA	44702
Pollyceevirus		Autonotataviridae	OL581612	Pseudomonas phage Eisa9	dsDNA	40730
Pollyceevirus		Autonotataviridae	MG775261	Pseudomonas phage PollyC	dsDNA	41651
Risjevirus		Autonotataviridae	AB920995	Ralstonia phage RSJ2	dsDNA	44360
Risjevirus		Autonotataviridae	AB983711	Ralstonia phage RSJ5	dsDNA	43745
Scottvirus		Autonotataviridae	MH684921	Sphingomonas phage_Scott	dsDNA	43077
Sukuvirus		Autonotataviridae	KY316062	Ralstonia phage RS-PII-1	dsDNA	42042
Aristophanesvirus	Beijerinckvirinae	Autoscriptoviridae	MT783706	Acinetobacter phage Aristophanes	dsDNA	43505
Daemvirus	Beijerinckvirinae	Autoscriptoviridae	KJ473423	Acinetobacter phage vB_AbaP_Acibel007	dsDNA	42654
Friunavirus	Beijerinckvirinae	Autoscriptoviridae	PP841128	Acinetobacter phage vB_Ab_02_KEN_01	dsDNA	41229
Friunavirus	Beijerinckvirinae	Autoscriptoviridae	PP841130	Acinetobacter phage vB_Ab_1137_KEN_02	dsDNA	39867
Pettyvirus	Beijerinckvirinae	Autoscriptoviridae	KF669656	Acinetobacter phage Petty	dsDNA	40739
Actinidiaevirus	Corkvirinae	Autoscriptoviridae	LC776701	Pseudomonas phage Ep4	dsDNA	44614
Kantovirus	Corkvirinae	Autoscriptoviridae	KU310944	Pseudomonas phage YMC11/06/C171_PPU_BP	dsDNA	45417
Kotilavirus	Corkvirinae	Autoscriptoviridae	MN270887	Pectobacterium phage CX5	dsDNA	43885
Kotilavirus	Corkvirinae	Autoscriptoviridae	MN271656	Pectobacterium phage MA2	dsDNA	41857
Phimunavirus	Corkvirinae	Autoscriptoviridae	KY953156	Pectobacterium phage vB_PatP_CB5	dsDNA	44549
Phimunavirus	Corkvirinae	Autoscriptoviridae	MK095193	Pectobacterium phage Clickz	dsDNA	43310
Stompvirus	Corkvirinae	Autoscriptoviridae	KT240186	Dickeya phage BF25/12	dsDNA	43872
Kirikabuvirus	Krylovirinae	Autoscriptoviridae	MG845683	Pseudomonas phage phiNV3	dsDNA	43184
Mojovirus	Krylovirinae	Autoscriptoviridae	MT104468	Pseudomonas phage MR5	dsDNA	41270
Phikmvvirus	Krylovirinae	Autoscriptoviridae	LN610580	Pseudomonas phage vB_PaeP_PAO1_1-15pyo	dsDNA	42750
Phikmvvirus	Krylovirinae	Autoscriptoviridae	MZ553931	Pseudomonas phage vB_PaeA_55_1W	dsDNA	42546
Torinorumvirus	Krylovirinae	Autoscriptoviridae	MT354570	Pseudomonas phage phiB1_1	dsDNA	41714
Bucovirus	Slopekvirinae	Autoscriptoviridae	MK562503	Shigella phage_Buco	dsDNA	43630
Cepavirus	Slopekvirinae	Autoscriptoviridae	OQ921331	Escherichia phage vB_EcoP_PAS7	dsDNA	42514
Drulisvirus	Slopekvirinae	Autoscriptoviridae	MF612071	Klebsiella phage AltoGao	dsDNA	43012
Drulisvirus	Slopekvirinae	Autoscriptoviridae	OL979478	Klebsiella phage Kpn BHU1	dsDNA	40410
Kakivirus	Slopekvirinae	Autoscriptoviridae	MK387869	Providencia phage vB_PstP_PS3	dsDNA	41024
Kakivirus	Slopekvirinae	Autoscriptoviridae	MW358930	Providencia phage PSTRCR_114	dsDNA	43106
Koutsourovirus	Slopekvirinae	Autoscriptoviridae	OQ884031	Enterobacter phage SDFMU_EhYP	dsDNA	44601
Koutsourovirus	Slopekvirinae	Autoscriptoviridae	JQ267518	Enterobacter phage phiKDA1	dsDNA	43804
Limelightvirus	Slopekvirinae	Autoscriptoviridae	FR687252	Pantoea phage LIMElight	dsDNA	44546
Micantvirus	Slopekvirinae	Autoscriptoviridae	OM513680	Erwinia phage Loshitsa2	dsDNA	43092
Micantvirus	Slopekvirinae	Autoscriptoviridae	OM513679	Erwinia phage Micant	dsDNA	43028
Novosibovirus	Slopekvirinae	Autoscriptoviridae	OL416096	Proteus phage 309	dsDNA	41740
Novosibovirus	Slopekvirinae	Autoscriptoviridae	KF319020	Proteus phage PM16	dsDNA	41268
Peggyvirus	Slopekvirinae	Autoscriptoviridae	PV796109	Cronobacter phage Peggy	dsDNA	43797
Zoomievirus	Slopekvirinae	Autoscriptoviridae	MZ333135	Erwinia phage Zoomie	dsDNA	43480
Bonnellvirus	Stentvirinae	Autoscriptoviridae	MN850568	Escherichia phage altidsur	dsDNA	42197
Bonnellvirus	Stentvirinae	Autoscriptoviridae	MN850583	Escherichia phage glasur	dsDNA	42507
Waewaevirus	Stentvirinae	Autoscriptoviridae	FR751545	Pantoea phage Limezero	dsDNA	43032
Axyvirus		Autoscriptoviridae	MK962628	Achromobacter phage vB_AxyP_19-32_Axy09	dsDNA	43287
Axyvirus		Autoscriptoviridae	MK962638	Achromobacter phage vB_AxyP_19-32_Axy21	dsDNA	43049
Ayakvirus		Autoscriptoviridae	KY117485	Ralstonia phage phiAp1	dsDNA	44793
Bertilvirus		Autoscriptoviridae	MW286266	Pseudomonas phage Bertil	dsDNA	41374
Bolekvirus		Autoscriptoviridae	OM913597	Aeromonas phage vB_AspA_Bolek	dsDNA	42433
Bolekvirus		Autoscriptoviridae	OM913598	Aeromonas phage vB_AspA_Lolek	dsDNA	43136
Catalonvirus		Autoscriptoviridae	OL634959	Bacteriophage Phi NF-1	dsDNA	41596
Jiaoyazivirus		Autoscriptoviridae	AB854109	Ralstonia phage RSB3	dsDNA	44578
Linggongvirus		Autoscriptoviridae	MN497414	Vibrio phage vB_VhaP_VH-5	dsDNA	42485
Maculvirus		Autoscriptoviridae	ON864052	Vibrio phage vB_VpP_AC2	dsDNA	44270
Maculvirus		Autoscriptoviridae	MZ020222	Vibrio phage BUCT233	dsDNA	43245
Natansvirus		Autoscriptoviridae	MN844877	Sphaerotilus phage vB_SnaP-R1	dsDNA	41507
Savitribaivirus		Autoscriptoviridae	MT259468	Aeromonas phage PS	dsDNA	41082
Stubburvirus		Autoscriptoviridae	AM265639	Pseudomonas phage LKA1	dsDNA	41593
Trelivelvirus		Autoscriptoviridae	OX359471	Variovorax phage VAC_51	dsDNA	43466
Tunggulvirus		Autoscriptoviridae	FN594518	Pseudomonas phage phi-2	dsDNA	43144
Tunggulvirus		Autoscriptoviridae	MW627366	Pseudomonas phage phiGM22-3	dsDNA	42662
Daolivirus	Colwellvirinae	Autosignataviridae	MK455769	Aeromonas phage MJG	dsDNA	45057
Gutovirus	Colwellvirinae	Autosignataviridae	KJ502657	Vibrio phage Vc1	dsDNA	44541
Kaohsiungvirus	Colwellvirinae	Autosignataviridae	KF322026	Vibrio phage phi-A318	dsDNA	42544
Kaohsiungvirus	Colwellvirinae	Autosignataviridae	MK820013	Vibrio phage vB_VpaP_MGD2	dsDNA	45105
Murciavirus	Colwellvirinae	Autosignataviridae	KY626176	Marinomonas phage CPP1m	dsDNA	44245
Nerthusvirus	Colwellvirinae	Autosignataviridae	MH113814	Pseudomonas phage Achelous	dsDNA	46585
Nerthusvirus	Colwellvirinae	Autosignataviridae	MH113815	Pseudomonas phage Alpheus	dsDNA	45756
Njordvirus	Colwellvirinae	Autosignataviridae	MH113812	Pseudomonas phage Njord	dsDNA	46644
Roscoffvirus	Colwellvirinae	Autosignataviridae	MW865291	Vibrio phage 15E36.1	dsDNA	45211
Trungvirus	Colwellvirinae	Autosignataviridae	MG545917	Vibrio phage VEN	dsDNA	44603
Uliginvirus	Colwellvirinae	Autosignataviridae	MG018929	Pseudomonas phage uligo	dsDNA	47868
Acadevirus	Molineuxvirinae	Autosignataviridae	OQ729741	Proteus phage BigMira-UFV01	dsDNA	43026
Acadevirus	Molineuxvirinae	Autosignataviridae	KM819695	Proteus phage PM 85	dsDNA	43642
Axomammavirus	Molineuxvirinae	Autosignataviridae	JQ837901	Pectobacterium phage PP1	dsDNA	44400
Eracentumvirus	Molineuxvirinae	Autosignataviridae	EF160123	Erwinia phage Era103	dsDNA	45445
Eracentumvirus	Molineuxvirinae	Autosignataviridae	OK570184	Pantoea phage Nifs112	dsDNA	46202
Gansuvirus	Molineuxvirinae	Autosignataviridae	OL744215	Klebsiella phage vB_KvaP_F4M1D	dsDNA	45969
Gansuvirus	Molineuxvirinae	Autosignataviridae	OL744218	Klebsiella phage vB_KvaP_F5M1D	dsDNA	45703
Guangxivirus	Molineuxvirinae	Autosignataviridae	ON461912	Salmonella phage PST_H2	dsDNA	45455
Rodentiumvirus	Molineuxvirinae	Autosignataviridae	MG775042	Citrobacter phage vB_CroP_CrRp3	dsDNA	44349
Rodentiumvirus	Molineuxvirinae	Autosignataviridae	MH729818	Escherichia phage LL11	dsDNA	45185
Tuodvirus	Molineuxvirinae	Autosignataviridae	KM370384	Lelliottia phage phD2B	dsDNA	44366
Ulipvirus	Molineuxvirinae	Autosignataviridae	OX335382	Klebsiella phage cp4	dsDNA	43903
Ulipvirus	Molineuxvirinae	Autosignataviridae	MZ398244	Klebsiella phage IME184	dsDNA	44598
Vectrevirus	Molineuxvirinae	Autosignataviridae	KX279892	Escherichia phage AAPEc6	dsDNA	44559
Vectrevirus	Molineuxvirinae	Autosignataviridae	JN986844	Escherichia phage vB_EcoP_ACG-C91	dsDNA	43731
Zindervirus	Molineuxvirinae	Autosignataviridae	KM366097	Salmonella phage BP12B	dsDNA	43602
Zindervirus	Molineuxvirinae	Autosignataviridae	ON526839	Salmonella phage GRNsp51	dsDNA	43461
Aarhusvirus	Studiervirinae	Autotranscriptaviridae	MH059632	Dickeya phage Dagda	dsDNA	40484
Aarhusvirus	Studiervirinae	Autotranscriptaviridae	MH807813	Dickeya phage_Katbat	dsDNA	40441
Apdecimavirus	Studiervirinae	Autotranscriptaviridae	KT852574	Yersinia phage vB_YenP_AP10	dsDNA	39235
Apdecimavirus	Studiervirinae	Autotranscriptaviridae	OY978816	Klebsiella phage vB_Kpn_K12P1.1	dsDNA	39770
Armandvirus	Studiervirinae	Autotranscriptaviridae	OM716005	Aeromonas phage vB_ AhaP_PT2	dsDNA	41404
Armandvirus	Studiervirinae	Autotranscriptaviridae	MZ851152	Aeromonas phage PZL-Ah8	dsDNA	40855
Bamvirus	Studiervirinae	Autotranscriptaviridae	OW991346	Escherichia phage vB_Eco_Bam	dsDNA	40137
Benllochvirus	Studiervirinae	Autotranscriptaviridae	OR915848	Klebsiella phage vB_KpnP_cmc355D	dsDNA	40663
Benllochvirus	Studiervirinae	Autotranscriptaviridae	OX335378	Klebsiella phage cp31	dsDNA	40303
Berlinvirus	Studiervirinae	Autotranscriptaviridae	GQ468526	Escherichia phage 285P	dsDNA	39270
Berlinvirus	Studiervirinae	Autotranscriptaviridae	MK685668	Shigella phage vB_ShiP_A7	dsDNA	40058
Cankvirus	Studiervirinae	Autotranscriptaviridae	OQ622093	Pseudomonas phage 10P302A	dsDNA	41264
Caroctavirus	Studiervirinae	Autotranscriptaviridae	HG818824	Citrobacter phage CR8	dsDNA	39651
Chatterjeevirus	Studiervirinae	Autotranscriptaviridae	HQ641340	Vibrio phage ICP3	dsDNA	39162
Chatterjeevirus	Studiervirinae	Autotranscriptaviridae	FJ409640	Vibrio phage N4	dsDNA	38497
Coryciavirus	Studiervirinae	Autotranscriptaviridae	PP226939	Aeromonas phage phiA014S	dsDNA	41074
Eapunavirus	Studiervirinae	Autotranscriptaviridae	KT321314	Enterobacter phage phiEap-1	dsDNA	39133
Ebriosvirus	Studiervirinae	Autotranscriptaviridae	MG966531	Escherichia phage Ebrios	dsDNA	39752
Ebriosvirus	Studiervirinae	Autotranscriptaviridae	JX872508	Stenotrophomonas phage IME15	dsDNA	38513
Elunavirus	Studiervirinae	Autotranscriptaviridae	HQ728265	Erwinia phage vB_EamP-L1	dsDNA	39282
Elunavirus	Studiervirinae	Autotranscriptaviridae	MN450150	Pantoea phage vB_PagP-SK1	dsDNA	39938
Foetvirus	Studiervirinae	Autotranscriptaviridae	MT465573	Escherichia phage P1723	dsDNA	40282
Foetvirus	Studiervirinae	Autotranscriptaviridae	MH370477	Escherichia phage SRT7	dsDNA	39883
Ghunavirus	Studiervirinae	Autotranscriptaviridae	MZ501272	Pseudomonas phage AH05	dsDNA	40502
Ghunavirus	Studiervirinae	Autotranscriptaviridae	OR997970	Pseudomonas phage Athelas	dsDNA	40850
Gundecimvirus	Studiervirinae	Autotranscriptaviridae	OQ622254	Pseudomonas phage vB_PaeM-G11	dsDNA	40800
Helsettvirus	Studiervirinae	Autotranscriptaviridae	LT960606	Yersinia phage fPS-9	dsDNA	39034
Helsettvirus	Studiervirinae	Autotranscriptaviridae	LT961845	Yersinia phage fPS-59	dsDNA	38391
Hennigervirus	Studiervirinae	Autotranscriptaviridae	MG775258	Pseudomonas phage Henninger	dsDNA	40923
Hennigervirus	Studiervirinae	Autotranscriptaviridae	MT104465	Pseudomonas phage MR1	dsDNA	39033
Jarilovirus	Studiervirinae	Autotranscriptaviridae	MH059637	Pectobacterium phage Jarilo	dsDNA	40552
Jelgvirus	Studiervirinae	Autotranscriptaviridae	ON604651	Aeromonas phage JELG-KS1	dsDNA	40505
Kayfunavirus	Studiervirinae	Autotranscriptaviridae	ON637250	Escherichia phage 6925	dsDNA	39100
Kayfunavirus	Studiervirinae	Autotranscriptaviridae	MZ234021	Escherichia phage vB_EcoP-101118UKE1	dsDNA	40233
Maklayavirus	Studiervirinae	Autotranscriptaviridae	MK290739	Pectobacterium phage Q19	dsDNA	40227
Minipunavirus	Studiervirinae	Autotranscriptaviridae	OK499982	Morganella phage vB_MmoP_Lilpapawes	dsDNA	39168
Minipunavirus	Studiervirinae	Autotranscriptaviridae	EU652770	Morganella phage MmP1	dsDNA	38457
Ningirsuvirus	Studiervirinae	Autotranscriptaviridae	ON287378	Dickeya phage DchS19	dsDNA	39149
Ningirsuvirus	Studiervirinae	Autotranscriptaviridae	MH460459	Dickeya phage_vB_DsoP_JA10	dsDNA	40131
Pektosvirus	Studiervirinae	Autotranscriptaviridae	KY250035	Pectobacterium phage PP47	dsDNA	40995
Pektosvirus	Studiervirinae	Autotranscriptaviridae	LC216347	Pectobacterium phage PPWS4 DNA	dsDNA	39906
Pfluvirus	Studiervirinae	Autotranscriptaviridae	MH268168	Pseudomonas phage PFP1	dsDNA	40914
Pfluvirus	Studiervirinae	Autotranscriptaviridae	MH179472	Pseudomonas phage 22PfluR64PP	dsDNA	40822
Phutvirus	Studiervirinae	Autotranscriptaviridae	AB775549	Pseudomonas phage PPpW-4	dsDNA	41386
Phutvirus	Studiervirinae	Autotranscriptaviridae	OQ716796	Pseudomonas phage PSA6	dsDNA	40437
Pifdecavirus	Studiervirinae	Autotranscriptaviridae	MT094431	Pseudomonas phage BIM BV-46	dsDNA	38860
Pifdecavirus	Studiervirinae	Autotranscriptaviridae	GU583987	Pseudomonas phage phiIBB-PF7A	dsDNA	40973
Pijolavirus	Studiervirinae	Autotranscriptaviridae	OM131411	Pseudomonas phage Pf17397_F_PD1	dsDNA	40763
Pijolavirus	Studiervirinae	Autotranscriptaviridae	KY971611	Pseudomonas phage PspYZU08	dsDNA	40184
Przondovirus	Studiervirinae	Autotranscriptaviridae	MW042790	Klebsiella phage 066022	dsDNA	40243
Przondovirus	Studiervirinae	Autotranscriptaviridae	MW042806	Klebsiella phage 066046	dsDNA	39887
Rambovirus	Studiervirinae	Autotranscriptaviridae	OK042080	Yersinia phage vB_YenP_Rambo	dsDNA	40327
Rindgevirus	Studiervirinae	Autotranscriptaviridae	OQ507919	Escherichia phage vB_Ec_Tarrare	dsDNA	40953
Sarmavirus	Studiervirinae	Autotranscriptaviridae	OL856139	Rahnella phage Sarma103	dsDNA	40678
Snaubvirus	Studiervirinae	Autotranscriptaviridae	MN184885	Erwinia phage pEp_SNUABM_09	dsDNA	39848
Solymavirus	Studiervirinae	Autotranscriptaviridae	MW057854	Providencia phage PSTCR2	dsDNA	40200
Solymavirus	Studiervirinae	Autotranscriptaviridae	MW358928	Providencia phage PSTRCR_120	dsDNA	39396
Teetrevirus	Studiervirinae	Autotranscriptaviridae	MF285620	Serratia phage 2050H2	dsDNA	39216
Teetrevirus	Studiervirinae	Autotranscriptaviridae	KM253764	Yersinia phage vB_YenP_AP5	dsDNA	38646
Teseptimavirus	Studiervirinae	Autotranscriptaviridae	EU734174	Escherichia phage 13a	dsDNA	38841
Teseptimavirus	Studiervirinae	Autotranscriptaviridae	AY247822	Yersinia phage phiA1122	dsDNA	37555
Troedvirus	Studiervirinae	Autotranscriptaviridae	FR823298	Pseudomonas phage phi15	dsDNA	39562
Troedvirus	Studiervirinae	Autotranscriptaviridae	MT711887	Pseudomonas phage Stalingrad	dsDNA	40471
Unosvirus	Studiervirinae	Autotranscriptaviridae	OK094519	Pseudomonas phage PCS4	dsDNA	39191
Unosvirus	Studiervirinae	Autotranscriptaviridae	KX431888	Pseudomonas phage UNO-SLW1	dsDNA	39215
Unyawovirus	Studiervirinae	Autotranscriptaviridae	MF979561	Pectobacterium phage DU_PP_II	dsDNA	40142
Unyawovirus	Studiervirinae	Autotranscriptaviridae	ON995367	Pectobacterium phage vB_PcaP_P15_PC2B6	dsDNA	39701
Waldovirus	Studiervirinae	Autotranscriptaviridae	MT711890	Pseudomonas phage PlaquesPlease	dsDNA	41456
Waldovirus	Studiervirinae	Autotranscriptaviridae	MT711889	Pseudomonas phage Waldo5	dsDNA	41195
Warsawvirus	Studiervirinae	Autotranscriptaviridae	MT597419	Pseudomonas phage vB_PsyP_3MF5	dsDNA	41608
Wuhanvirus	Studiervirinae	Autotranscriptaviridae	MF166859	Pasteurella phage PHB01	dsDNA	37287
Wuhanvirus	Studiervirinae	Autotranscriptaviridae	MF034659	Pasteurella phage vB_PmuP_PHB02	dsDNA	38670
Yuanmingyuanvirus	Studiervirinae	Autotranscriptaviridae	OR822025	Enterobacter phage NJ2	dsDNA	39605
Kelmasvirus		Autotranscriptaviridae	AB597179	Ralstonia phage RSB2	dsDNA	40411
Piedvirus		Autotranscriptaviridae	KR153873	Delftia phage IME-DE1	dsDNA	38084
Serkorvirus		Autotranscriptaviridae	OP313111	Ralstonia phage 10RS306A	dsDNA	39742
Serkorvirus		Autotranscriptaviridae	KP343639	Ralstonia phage phiITL-1	dsDNA	38731
Stompelvirus		Autotranscriptaviridae	MF893341	Ralstonia phage RPSC1	dsDNA	39628
Alfirinvirus	Dunnvirinae		OR997969	Agrobacterium phage Alfirin	dsDNA	46051
Atuphduovirus	Dunnvirinae		MF403005	Agrobacterium phage Atu_ph02	dsDNA	45423
Cuernavacavirus	Dunnvirinae		JX483874	Rhizobium phage RHEph02	dsDNA	46486
Cuernavacavirus	Dunnvirinae		JX483879	Rhizobium phage RHEph08	dsDNA	43619
Mengvirus	Dunnvirinae		OQ540924	Nostoc phage NMeng1	dsDNA	44509
Palovirus	Dunnvirinae		MT708544	Rhizobium phage Palo	dsDNA	46322
Pasovirus	Dunnvirinae		MT708546	Rhizobium phage Paso	dsDNA	45055
Songlingvirus	Dunnvirinae		MZ462995	Stappia phage SI01	dsDNA	44247
Tepoztlanvirus	Dunnvirinae		MN988466	Rhizobium phage RHph_TM34	dsDNA	46058
Tepoztlanvirus	Dunnvirinae		MN988488	Rhizobium phage RHph_Y1_20	dsDNA	45999
Yautepecvirus	Dunnvirinae		MW960034	Rhizobium phage RHph_X3_9	dsDNA	44896
Angmobvirus	Sechaudvirinae		KC310802	Synechococcus phage S-CBP1	dsDNA	46547
Cheungvirus	Sechaudvirinae		GU071102	Cyanophage NATL1A-7	dsDNA	47741
Dishuivirus	Sechaudvirinae		OQ999402	Synechococcus phage DSL-LC07	dsDNA	45797
Igirivirus	Sechaudvirinae		MH540083	Synechococcus T7-like phage S-TIP37	dsDNA	45477
Nerivirus	Sechaudvirinae		MW015080	Synechococcus phage S-SRP01	dsDNA	45017
Poseidonvirus	Sechaudvirinae		HM559717	Synechococcus phage S-CBP4	dsDNA	41824
Qadamvirus	Sechaudvirinae		MK016662	Synechococcus phage S-B28	dsDNA	45424
Spiovirus	Sechaudvirinae		MT424636	Synechococcus phage S-SBP1	dsDNA	45519
Tangaroavirus	Sechaudvirinae		GU071104	Cyanophage NATL2A-133	dsDNA	47536
Tangaroavirus	Sechaudvirinae		HQ337022	Prochlorococcus phage P-SSP10	dsDNA	47325
Tiamatvirus	Sechaudvirinae		AY939843	Prochlorococcus phage P-SSP7	dsDNA	45176
Tritonvirus	Sechaudvirinae		GU071107	Cyanophage P-SSP2	dsDNA	45890
Tritonvirus	Sechaudvirinae		HQ332137	Prochlorococcus phage P-SSP3	dsDNA	46198
Actaeavirus			OR420743	Roseobacter phage CRP-125	dsDNA	38917
Aegirvirus			KC310805	Synechococcus phage S-CBP42	dsDNA	45218
Aequorvirus			OR420753	Pelagibacter phage HTVC041P	dsDNA	38171
Ashivirus			AP013538	uncultured phage_MedDCM-OCT-S45-C4	dsDNA	44705
Ayaqvirus			AP013544	uncultured phage_MedDCM-OCT-S45-C18	dsDNA	40564
Banchanvirus			HQ316584	Cyanophage SS120-1	dsDNA	46997
Boesrvirus			OR367448	Ralstonia phage BOESR1	dsDNA	42032
Chamilpavirus			MW980070	Rhizobium phage RHEph21	dsDNA	40454
Chosvirus			KT997847	uncultured phage_Deep1-GF2-KM23-C739	dsDNA	33961
Cyclitvirus			MG592574	Vibrio phage 1.204.O._10N.222.46.F12	dsDNA	44168
Dynamenevirus			OR420740	Roseobacter phage CRP-114	dsDNA	40413
Dynamenevirus			OR420746	Roseobacter phage CRP-227	dsDNA	39373
Foturvirus			MF278336	Alteromonas phage vB_AspP-H4/4	dsDNA	47631
Foturvirus			MW043865	Alteromonas phage vB_AmeP_R8W	dsDNA	48825
Foussvirus			AP013545	uncultured phage MedDCM-OCT-S46-C10	dsDNA	41803
Fujianvirus			MT227925	Vibrio phage phiV141	dsDNA	43313
Fussvirus			MT375523	Pelagibacter phage Eyrgjafa EXVC018P	dsDNA	38005
Fussvirus			AP013543	uncultured phage_MedDCM-OCT-S30-C28	dsDNA	37553
Gajwadongvirus			KJ749827	Escherichia phage ECBP5	dsDNA	45403
Gajwadongvirus			MT104467	Pseudomonas phage MR4	dsDNA	44816
Gyeongsanvirus			MF979559	Ralstonia phage DU_RP_I	dsDNA	40657
Gyeongsanvirus			MN270889	Ralstonia phage P-PSG-11	dsDNA	40313
Hapakavirus			OK570185	Pantoea phage Nufs112	dsDNA	45951
Jalkavirus			GU943031	uncultured phage_MedDCM-OCT-S08-C159	dsDNA	10313
Jiaweivirus			OR464703	Mycobacterium phage jiawei	dsDNA	41672
Kafavirus			KX397280	Phage MedPE-SWcel-C56	dsDNA	45260
Kajamvirus			HQ317388	Synechococcus phage S-RIP1	dsDNA	44892
Kembevirus			KC310806	Synechococcus phage S-CBP2	dsDNA	46237
Krakvirus			AP013549	uncultured phage_MedDCM-OCT-S39-C11	dsDNA	41987
Kuwvirus			OQ376857	Paracoccus phage ParKuw1	dsDNA	44509
Lauvirus			KJ183191	Podophage Lau218	dsDNA	39425
Lingvirus			HQ332140	Prochlorococcus phage P-GSP1	dsDNA	44945
Lirvirus			HQ633062	Synechococcus phage S-CBP3	dsDNA	47375
Luzcentumvirus			OP329100	Pseudomonas phage LUZ100	dsDNA	37343
Mallvirus			OQ376858	Paracoccus phage ParMal1	dsDNA	44565
Morelosvirus			MN988539	Rhizobium phage RHph_I20	dsDNA	41785
Nohivirus			AP013547	uncultured phage_MedDCM-OCT-S31-C1	dsDNA	43552
Oceanidvirus			OR420755	Roseobacter phage CRP-113	dsDNA	39709
Oceanidvirus			OR420737	Roseobacter phage CRP-171	dsDNA	39796
Oinezvirus			AP013546	uncultured phage_MedDCM-OCT-S37-C6	dsDNA	42127
Paadamvirus			JX483873	Rhizobium phage RHEph01	dsDNA	43444
Paadamvirus			MW023914	Rhizobium phage vB_RleA_TRX32-1	dsDNA	42787
Pagavirus			GU943068.1	uncultured phage_MedDCM-OCT-S05-C849	dsDNA	14714
Pairvirus			KM199771	Mesorhizobium phage vB_MloP_Lo5R7ANS	dsDNA	45718
Pastovirus			MT708545	Rhizobium phage Pasto	dsDNA	42407
Pedosvirus			AP013539	uncultured phage_MedDCM-OCT-S28-C3	dsDNA	43444
Pekhitvirus			GU943054	uncultured phage_MedDCM-OCT-S04-C24	dsDNA	20430
Pelagivirus			KC465901	Pelagibacter phage HTVC019P	dsDNA	42084
Pelagivirus			AP013542	uncultured phage_MedDCM-OCT-S35-C6	dsDNA	42564
Podivirus			GU943065.1	uncultured phage_MedDCM-OCT-S05-C243	dsDNA	14123
Powvirus			GU943073.1	uncultured phage MedDCM-OCT-S08-C41	dsDNA	28224
Proddevirus			MZ666938	Desulfovibrio phage ProddE	dsDNA	42637
Reminisvirus			OL362271	Klebsiella phage 6939	dsDNA	46039
Reminisvirus			OR591532	Klebsiella phage KL01	dsDNA	45854
Sednavirus			HQ317389	Synechococcus phage S-RIP2	dsDNA	45728
Shangxiadianvirus			OR420741	Roseobacter phage CRP-118	dsDNA	41088
Shangxiadianvirus			OR420752	Roseobacter phage CRP-403	dsDNA	40567
Sieqvirus			AP013541	uncultured phage_MedDCM-OCT-S42-C7	dsDNA	42399
Stopalavirus			AP013548	uncultured phage_MedDCM-OCT-S38-C3	dsDNA	43698
Stopavirus			KC465900	Pelagibacter phage HTVC011P	dsDNA	39921
Stupnyavirus			KT997876.1	uncultured phage_Deep-GF0-KM16-C193	dsDNA	24480
Sumtervirus			MN857473	Caulobacter phage S2B	dsDNA	45682
Tawavirus			KY065149	Vibrio phage JSF7	dsDNA	46318
Thoosavirus			MH598799	Pelagibacter phage HTVC025P	dsDNA	37251
Tiilvirus			AF338467	Synechococcus phage P60	dsDNA	46675
Tiranvirus			MZ803112	Synechococcus T7-like virus S-TIP28	dsDNA	45749
Tolavirus			OM913599	Aeromonas phage vB_AspA_Tola	dsDNA	45276
Triteiavirus			OR420734	Roseobacter phage CRP-804	dsDNA	41620
Vistulavirus			MK984681	Bordetella phage vB_BbrP_BB8	dsDNA	41593
Voetvirus			EF372997	Synechococcus phage Syn5	dsDNA	46214
Votkovvirus			AP013540	uncultured phage_MedDCM-OCT-S28-C10	dsDNA	40866
Yinyavirus			ON624112	Aeromonas phage Aer_P220	dsDNA	45207
Youngvirus			MZ592920	Vibrio phage vB_VpP_G1	dsDNA	43859
Junduvirus	Coarsevirinae	Crevaviridae	MZ130487.1	uncultured phage cr25_1	dsDNA	94533
Junduvirus	Coarsevirinae	Crevaviridae	BK044746.1	Crassvirales sp. isolate ct8tL4	dsDNA	93560
Kahucivirus	Doltivirinae	Crevaviridae	MT774393	uncultured phage cr127_1	dsDNA	83412
Kingevirus	Doltivirinae	Crevaviridae	PV828351.1	human gut metagenome virus isolate 136	dsDNA	91062
Kingevirus	Doltivirinae	Crevaviridae	MZ130490.1	uncultured phage cr13_1	dsDNA	92132
Arseivirus		Crevaviridae	MZ130489.1	uncultured phage cr2_1	dsDNA	95815
Arseivirus		Crevaviridae	PV828361.1	human gut metagenome virus isolate 243	dsDNA	95584
Bohxovirus	Oafivirinae	Darmviridae	MZ130491.1	uncultured phage cr61_1	dsDNA	98573
Buhlduvirus	Oafivirinae	Darmviridae	MT774410.1	uncultured phage cr272_1	dsDNA	98667
Burzaovirus	Oafivirinae	Darmviridae	MT774406.1	uncultured phage cr124_1	dsDNA	101532
Cacepaovirus	Oafivirinae	Darmviridae	MT774409.1	uncultured phage cr131_1	dsDNA	96717
Chuhaivirus	Oafivirinae	Darmviridae	MT774408.1	uncultured phage cr130_1	dsDNA	94826
Grauhtavirus		Darmviridae	BK049724.1	Caudoviricetes sp. isolate ctyGw4	dsDNA	98215
Grauhtavirus		Darmviridae	BK054566.1	bacteriophage sp. isolate ct58r23	dsDNA	98890
Pelduvirus		Darmviridae	BK052805.1	Caudoviricetes sp. isolate ctUiB3	dsDNA	93628
Scendivirus		Darmviridae	MT774411.1	uncultured phage cr273_1	dsDNA	97886
Sdahravirus		Darmviridae	MT774402.1	uncultured phage cr7_1	dsDNA	103832
Shedivirus		Darmviridae	BK019655.1	Caudoviricetes sp. isolate ctRU85	dsDNA	99611
Shedivirus		Darmviridae	BK039644.1	Caudoviricetes sp. isolate ctnLP2	dsDNA	102343
Smehivirus		Darmviridae	OP072672.1	bacteriophage sp. isolate 3530_129865	dsDNA	102998
Smehivirus		Darmviridae	MZ130497.1	uncultured phage cr29_1	dsDNA	104085
Jahgtovirus	Churivirinae	Intestiviridae	BK035341.1	Crassvirales sp. isolate ctrhr9	dsDNA	97155
Jahgtovirus	Churivirinae	Intestiviridae	BK040584.1	Crassvirales sp. isolate ctv5c4	dsDNA	96938
Carjivirus	Crudevirinae	Intestiviridae	OP072735.1	bacteriophage sp. isolate 3729_82489	dsDNA	98695
Carjivirus	Crudevirinae	Intestiviridae	MK238400	CrAssphage ZA	dsDNA	97757
Dabirmavirus	Crudevirinae	Intestiviridae	MZ130486.1	uncultured phage cr9_1	dsDNA	92361
Delmidovirus	Crudevirinae	Intestiviridae	MZ130476.1	uncultured phage cr123_1	dsDNA	92241
Delmidovirus	Crudevirinae	Intestiviridae	MT774386	uncultured phage cr110_1	dsDNA	89781
Diorhovirus	Crudevirinae	Intestiviridae	BK051111.1	Crassvirales sp. isolate ctm7p31	dsDNA	92924
Diorhovirus	Crudevirinae	Intestiviridae	MZ130474.1	uncultured phage cr49_1	dsDNA	92367
Drivevirus	Crudevirinae	Intestiviridae	MZ130480.1	uncultured phage cr91_1	dsDNA	93391
Drivevirus	Crudevirinae	Intestiviridae	BK035355.1	Crassvirales sp. isolate ctpoT21	dsDNA	93329
Endlipuvirus	Crudevirinae	Intestiviridae	MZ130488.1	uncultured phage cr17_1	dsDNA	91714
Whopevirus	Crudevirinae	Intestiviridae	MH616963	crAssphage sp. isolate ctbg_1	dsDNA	94878
Fohxhuevirus	Obtuvirinae	Intestiviridae	MT774384	uncultured phage cr8_1	dsDNA	92668
Fohxhuevirus	Obtuvirinae	Intestiviridae	BK035433.1	Crassvirales sp. isolate ctqeI6	dsDNA	93440
Hacihdavirus	Obtuvirinae	Intestiviridae	MT774394	uncultured phage cr271_1	dsDNA	92815
Wotdevirus	Obtuvirinae	Intestiviridae	MH552500	crAssphage sp. isolate ctcc615	dsDNA	90023
Dilupovirus		Intestiviridae	BK058706.1	Crassvirales sp. isolate ctARy15	dsDNA	93205
Polaswivirus		Intestiviridae	BK051361.1	Crassvirales sp. isolate ctCIh1	dsDNA	95711
Polaswivirus		Intestiviridae	BK035354.1	Crassvirales sp. isolate ctE3H10	dsDNA	88387
Rudgehvirus		Intestiviridae	OQ198719	Bacteroides cellulosilyticus phage 11	dsDNA	90575
Sovupevirus		Intestiviridae	BK054330.1	Crassvirales sp. isolate ctYll3	dsDNA	90196
Tahdivirus		Intestiviridae	PV828358.1	human gut metagenome virus isolate 238	dsDNA	91543
Wiibonovirus		Intestiviridae	MZ130484.1	uncultured phage cr54_1	dsDNA	97536
Akihdevirus	Asinivirinae	Steigviridae	KC821624	Cellulophaga phage phi14:2	dsDNA	100418
Kahnovirus	Asinivirinae	Steigviridae	MZ130483.1	uncultured phage cr44_1	dsDNA	93564
Kehishuvirus	Asinivirinae	Steigviridae	OQ221549	Bacteroides phage PhiCrAssBcn14	dsDNA	99601
Kehishuvirus	Asinivirinae	Steigviridae	OQ221544	Bacteroides phage PhiCrAssBcn9	dsDNA	99752
Kolpuevirus	Asinivirinae	Steigviridae	MZ130478.1	uncultured phage cr151_1	dsDNA	100314
Kolpuevirus	Asinivirinae	Steigviridae	OQ198718	Bacteroides cellulosilyticus phage 3	dsDNA	99525
Lahndsivirus	Asinivirinae	Steigviridae	MT774387	uncultured phage cr111_1	dsDNA	102434
Lebriduvirus	Asinivirinae	Steigviridae	MZ130485.1	uncultured phage cr18_1	dsDNA	104564
Lebriduvirus	Asinivirinae	Steigviridae	PV828360.1	human gut metagenome virus isolate 240	dsDNA	101638
Mahlunavirus	Asinivirinae	Steigviridae	MT774392	uncultured phage cr128_1	dsDNA	95150
Mahstovirus	Asinivirinae	Steigviridae	MT774378	uncultured phage cr106_1	dsDNA	101662
Pamirivirus	Asinivirinae	Steigviridae	MT774389	uncultured phage cr116_1	dsDNA	101082
Paundivirus	Asinivirinae	Steigviridae	KJ003983	IAS virus	dsDNA	99915
Pipoluvirus	Asinivirinae	Steigviridae	MT774385	uncultured phage cr108_1	dsDNA	101437
Wulfhauvirus	Asinivirinae	Steigviridae	MT074136	Bacteroides phage DAC15	dsDNA	99494
Dilkevirus		Steigviridae	BK046217.1	Crassvirales sp. isolate ctjCy3	dsDNA	101347
Flerehovirus		Steigviridae	MT774390	uncultured phage cr85_1	dsDNA	98164
Kumbuvirus		Steigviridae	BK035346.1	Crassvirales sp. isolate ctScT2	dsDNA	99337
Madkivirus		Steigviridae	BK035338.1	Crassvirales sp. isolate ct9rE10	dsDNA	102128
Madkivirus		Steigviridae	BK035421.1	Crassvirales sp. isolate ctk9A19	dsDNA	93784
Snepbuvirus		Steigviridae	MT774388	uncultured phage cr112_1	dsDNA	102301
Afonbuvirus	Bearivirinae	Suoliviridae	MT774401.1	uncultured phage cr6_1	dsDNA	97422
Afonbuvirus	Bearivirinae	Suoliviridae	MZ130492.1	uncultured phage cr12_1	dsDNA	96892
Canhaevirus	Boorivirinae	Suoliviridae	MT774382	uncultured phage cr10_1	dsDNA	99985
Canhaevirus	Boorivirinae	Suoliviridae	PV828359.1	human gut metagenome virus isolate 239	dsDNA	99328
Cohcovirus	Boorivirinae	Suoliviridae	BK031744.1	Caudoviricetes sp. isolate ct2sJ3	dsDNA	102371
Cohcovirus	Boorivirinae	Suoliviridae	OP072647.1	bacteriophage sp. isolate 3470_77927	dsDNA	100501
Culoivirus	Boorivirinae	Suoliviridae	MZ130477.1	uncultured phage cr149_1	dsDNA	100971
Blohavirus	Loutivirinae	Suoliviridae	MZ130495.1	uncultured phage cr150_1	dsDNA	101130
Blohavirus	Loutivirinae	Suoliviridae	BK025926.1	Caudoviricetes sp. isolate ctfWg1	dsDNA	101477
Buchavirus	Loutivirinae	Suoliviridae	MZ130493.1	uncultured phage cr105_1	dsDNA	100650
Buchavirus	Loutivirinae	Suoliviridae	BK029630.1	Caudoviricetes sp. isolate ctPFf2	dsDNA	101383
Buorbuivirus	Loutivirinae	Suoliviridae	MT774400.1	uncultured phage cr4_1	dsDNA	96055
Buorbuivirus	Loutivirinae	Suoliviridae	BK044470.1	Caudoviricetes sp. isolate ctBsf12	dsDNA	99686
Aurodevirus	Uncouvirinae	Suoliviridae	MT774404.1	uncultured phage cr114_1	dsDNA	98308
Besingivirus	Uncouvirinae	Suoliviridae	MT774379	uncultured phage cr118_1	dsDNA	92600
Birpovirus	Uncouvirinae	Suoliviridae	MT774405.1	uncultured phage cr115_1	dsDNA	99848
Cervivirus		Suoliviridae	MZ130499.1	uncultured phage cr35_1	dsDNA	97706
Dechshavirus		Suoliviridae	AP017903	Azobacteroides phage ProJPt-Bp1	dsDNA	99517
Glikeavirus		Suoliviridae	BK016924.1	Caudoviricetes sp. isolate ctAZm3	dsDNA	96447
Horekuvirus		Suoliviridae	MZ130498.1	uncultured phage cr16_1	dsDNA	104752
Horekuvirus		Suoliviridae	MT774398.1	uncultured phage cr60_1	dsDNA	100198
Ibumevirus		Suoliviridae	MZ130494.1	uncultured phage cr19_1	dsDNA	100255
Ildiruevirus		Suoliviridae	MT774403.1	uncultured phage cr113_1	dsDNA	98557
Ildiruevirus		Suoliviridae	MZ130496.1	uncultured phage cr82_1	dsDNA	102100
Ponsivirus		Suoliviridae	MT774397.1	uncultured phage cr56_1	dsDNA	97290
Shelovirus		Suoliviridae	MT774380	uncultured phage cr1_1	dsDNA	99882
Shelovirus		Suoliviridae	MT774376	uncultured phage cr55_1	dsDNA	98340
Shuolduvirus		Suoliviridae	MT774395.1	uncultured phage cr52_1	dsDNA	103665
Snuvovirus		Suoliviridae	MT774407.1	uncultured phage cr125_1	dsDNA	98095
Snuvovirus		Suoliviridae	BK047645.1	Caudoviricetes sp. isolate ctV2921	dsDNA	98652
Spihruvirus		Suoliviridae	OP031039.1	bacteriophage sp. isolate 1753_52950	dsDNA	94883
Spihruvirus		Suoliviridae	BK054487.1	Caudoviricetes sp. isolate ctWSb2	dsDNA	98731
Sulruvirus		Suoliviridae	MT774396.1	uncultured phage cr53_1	dsDNA	101153
Sulruvirus		Suoliviridae	OP072317.1	bacteriophage sp. isolate 2467_106704	dsDNA	98980
Taduhovirus		Suoliviridae	MZ130500.1	uncultured phage cr23_1	dsDNA	98182
Taduhovirus		Suoliviridae	OP030748.1	bacteriophage sp. isolate 0122_104628	dsDNA	97628
Trofluuvirus		Suoliviridae	MZ130482.1	uncultured phage cr77_1	dsDNA	99704
Trofluuvirus		Suoliviridae	BK028893.1	Caudoviricetes sp. isolate ctOFB14	dsDNA	101921
Wendovervirus	Sescentorumvirinae	Epsomviridae	OR769223.1	uncultured phage HB1	dsDNA	659950
Hatfieldvirus	Quadringentisvirinae	Lakviridae	OR769222.1	uncultured phage RVC_JS4_GC31	dsDNA	476085
Amboselivirus	Quingentivirinae	Lakviridae	MK250020	Prevotella phage Lak-B1	dsDNA	547991
Vetruanivirus	Quingentivirinae	Lakviridae	MK250029	Prevotella phage Lak-C1	dsDNA	540217
Vetruanivirus	Quingentivirinae	Lakviridae	OR769218.1	uncultured phage RVC AP1_GC26	dsDNA	517629
Crabavirus		Tripviridae	BK059105.1	virus sp. ctML55	dsDNA	192022
Agtrevirus	Aglimvirinae	Ackermannviridae	FJ373894	Shigella phage phiSboM-AG3	dsDNA	158006
Agtrevirus	Aglimvirinae	Ackermannviridae	LC373201	Enterobacter phage phiEM4	dsDNA	160766
Limestonevirus	Aglimvirinae	Ackermannviridae	HE600015	Dickeya phage vB-DsoM-LIMEstone1	dsDNA	152427
Limestonevirus	Aglimvirinae	Ackermannviridae	KJ716335	Dickeya phage RC-2014	dsDNA	155346
Kuttervirus	Cvivirinae	Ackermannviridae	MT074474	Salmonella phage aagejoakim	dsDNA	156801
Kuttervirus	Cvivirinae	Ackermannviridae	MT074471	Salmonella phage allotria	dsDNA	151015
Campanilevirus		Ackermannviridae	MH375644	Vibrio phage YC	dsDNA	147890
Kujavirus		Ackermannviridae	MN718199	Vibrio phage vB_VchM_Kuja	dsDNA	148180
Miltonvirus		Ackermannviridae	MH929319	Serratia phage vB_SmaA_3M	dsDNA	159398
Miltonvirus		Ackermannviridae	JX878496	Serratia phage phiMAM1	dsDNA	157834
Nezavisimistyvirus		Ackermannviridae	MG973030	Erwinia phage vB_EamM-Bue1	dsDNA	164037
Nezavisimistyvirus		Ackermannviridae	KP037007	Erwinia phage phiEa2809	dsDNA	162160
Taipeivirus		Ackermannviridae	AB797215	Klebsiella phage 0507-KN2-1	dsDNA	159991
Taipeivirus		Ackermannviridae	KX147096	Serratia phage vB_Sru_IME250	dsDNA	154938
Tedavirus		Ackermannviridae	KY914485	Aeromonas phage phiA8-29	dsDNA	144974
Vapseptimavirus		Ackermannviridae	MK795384	Vibrio phage VAP7	dsDNA	144685
Acionnavirus		Kyanoviridae	KF156340	Synechococcus phage S-MbCM100	dsDNA	170438
Ahtivirus		Kyanoviridae	GU071096	Synechococcus phage S-ShM2	dsDNA	179563
Alisovirus		Kyanoviridae	KU686207	Synechococcus phage S-CAM22	dsDNA	172230
Anaposvirus		Kyanoviridae	HQ634177	Synechococcus phage S-CAM1	dsDNA	198013
Atlauavirus		Kyanoviridae	KJ019052	Synechococcus phage ACG-2014f_Syn7803C7	dsDNA	216628
Atlauavirus		Kyanoviridae	KJ019091	Synechococcus phage ACG-2014f_Syn7803US26	dsDNA	196842
Bellamyvirus		Kyanoviridae	MF351863	Synechococcus phage Bellamy	dsDNA	204930
Bristolvirus		Kyanoviridae	KU594606	Cyanophage S-RIM32	dsDNA	194437
Brizovirus		Kyanoviridae	KX349310	Cyanophage S-RIM12 isolate RW_01_0310	dsDNA	174670
Brizovirus		Kyanoviridae	KX349313	Cyanophage S-RIM12 isolate RW_06_0310	dsDNA	175557
Chalconvirus		Kyanoviridae	KJ019054	Synechococcus phage ACG-2014e	dsDNA	189418
Chalconvirus		Kyanoviridae	KJ019082	Synechococcus phage ACG-2014i	dsDNA	190768
Charybdisvirus		Kyanoviridae	KU686199	Synechococcus phage S-CAM3	dsDNA	198190
Cymopoleiavirus		Kyanoviridae	KU686211	Synechococcus phage S-WAM2	dsDNA	186386
Emcearvirus		Kyanoviridae	HQ634175	Cyanophage P-RSM1	dsDNA	177211
Galenevirus		Kyanoviridae	JN371769	Synechococcus phage metaG-MbCM1	dsDNA	172879
Gibbetvirus		Kyanoviridae	FM207411	Synechococcus phage S-RSM4	dsDNA	194454
Glaucusvirus		Kyanoviridae	GU071097	Synechococcus phage S-SSM5	dsDNA	176184
Greenvirus		Kyanoviridae	HQ316583	Synechococcus phage S-SSM4	dsDNA	182801
Haifavirus		Kyanoviridae	KM359505	Prochlorococcus phage P-TIM68	dsDNA	197361
Huanghaivirus		Kyanoviridae	MT162466	Synechococcus phage S-N03	dsDNA	167069
Kanaloavirus		Kyanoviridae	KU686206	Synechococcus phage S-CAM9	dsDNA	174830
Leucotheavirus		Kyanoviridae	MH920639	Synechococcus phage S-P4	dsDNA	158485
Leucotheavirus		Kyanoviridae	HQ634189	Synechococcus phage Syn30	dsDNA	178807
Libanvirus		Kyanoviridae	KP211958	Cyanophage P-TIM40	dsDNA	188632
Lipsvirus		Kyanoviridae	GU071098	Synechococcus phage S-SSM7	dsDNA	232878
Lowelvirus		Kyanoviridae	KJ019028	Synechococcus phage ACG-2014d	dsDNA	179116
Macariavirus		Kyanoviridae	KJ019071	Synechococcus phage ACG-2014g	dsDNA	174885
Makaravirus		Kyanoviridae	MT162467	Synechococcus phage S-H34	dsDNA	167040
Makelovirus		Kyanoviridae	MH629685	Synechococcus virus S-PRM1	dsDNA	144311
Mazuvirus		Kyanoviridae	KU686212	Synechococcus phage S-CAM7 isolate 0910CC49	dsDNA	216121
Namakavirus		Kyanoviridae	JN371768	Synechococcus phage S-MbCM6	dsDNA	176043
Neptunevirus		Kyanoviridae	KX349289	Synechococcus phage S-RIM8	dsDNA	171216
Neptunevirus		Kyanoviridae	KU594605	Cyanophage S-RIM50	dsDNA	174307
Nereusvirus		Kyanoviridae	KJ019133	Synechococcus phage ACG-2014b Syn9311C4	dsDNA	172874
Nereusvirus		Kyanoviridae	KJ019040	Synechococcus phage ACG-2014b Syn7803C61	dsDNA	154990
Neritesvirus		Kyanoviridae	HQ634178	Synechococcus phage S-CAM8	dsDNA	171407
Nerrivikvirus		Kyanoviridae	HQ317292	Synechococcus phage S-RIM2 R1_1999	dsDNA	175430
Nilusvirus		Kyanoviridae	GU071095	Synechococcus phage S-SM2	dsDNA	190789
Nodensvirus		Kyanoviridae	AJ630128	Bacteriophage S-PM2	dsDNA	196280
Ormenosvirus		Kyanoviridae	DQ149023	Synechococcus phage syn9	dsDNA	177300
Palaemonvirus		Kyanoviridae	GU071103	Prochlorococcus phage P-SSM7	dsDNA	182180
Pontusvirus		Kyanoviridae	GU071106	Synechococcus phage Syn19	dsDNA	175230
Potamoivirus		Kyanoviridae	KU686201	Synechococcus phage S-CAM4	dsDNA	191983
Potamoivirus		Kyanoviridae	KJ019089	Synechococcus phage ACG-2014j	dsDNA	192117
Ronodorvirus		Kyanoviridae	HQ337021	Prochlorococcus phage P-SSM3	dsDNA	179063
Ronodorvirus		Kyanoviridae	AY940168	Prochlorococcus phage P-SSM4	dsDNA	178249
Salacisavirus		Kyanoviridae	AY939844	Prochlorococcus phage P-SSM2	dsDNA	252401
Scyllavirus		Kyanoviridae	MW117966	Synechococcus phage S-H9-1	dsDNA	192454
Sedonavirus		Kyanoviridae	KF156338	Synechococcus phage ACG-2014h	dsDNA	189311
Serangoonvirus		Kyanoviridae	MW015081	Synechococcus phage S-SRM01	dsDNA	240842
Shandvirus		Kyanoviridae	MH107246	Synechococcus phage S-B64	dsDNA	151867
Shandvirus		Kyanoviridae	KY945241	Synechococcus phage S-H35	dsDNA	174231
Shenzhenivirus		Kyanoviridae	OL473597	Synechococcus phage S-SZBM1	dsDNA	177834
Sokavirus		Kyanoviridae	KU686210	Synechococcus phage S-WAM1	dsDNA	185102
Tamkungvirus		Kyanoviridae	MH412654	Synechococcus phage S-T4	dsDNA	181082
Tefnutvirus		Kyanoviridae	HQ317383	Synechococcus phage S-IOM18	dsDNA	171797
Thaumasvirus		Kyanoviridae	MH512890	Cyanophage S-TIM4	dsDNA	176495
Thetisvirus		Kyanoviridae	GU071094	Synechococcus phage S-SM1	dsDNA	174079
Vellamovirus		Kyanoviridae	KX349294	Cyanophage S-RIM44	dsDNA	197450
Vellamovirus		Kyanoviridae	GU071105	Prochlorococcus phage Syn1	dsDNA	191195
Yellowseavirus		Kyanoviridae	MW117965	Synechococcus phage S-H38	dsDNA	180224
Yushanluvirus		Kyanoviridae	MW147367	Synechococcus phage S-H9-2	dsDNA	187320
Zhoulongquanvirus		Kyanoviridae	MK867354	Synechococcus phage S-SCSM1	dsDNA	228827
Ceceduovirus	Emmerichvirinae	Straboviridae	MF498775	Aeromonas phage AS-sw	dsDNA	230024
Ceceduovirus	Emmerichvirinae	Straboviridae	MF448340	Aeromonas phage AS-zj	dsDNA	229929
Ishigurovirus	Emmerichvirinae	Straboviridae	GU459069	Aeromonas phage 65	dsDNA	235229
Centumtrigintavirus	Tevenvirinae	Straboviridae	HM114315	Acinetobacter phage 133	dsDNA	159801
Dhakavirus	Tevenvirinae	Straboviridae	MK234886	Escherichia phage AnYang	dsDNA	169215
Dhakavirus	Tevenvirinae	Straboviridae	HQ829472	Escherichia phage Bp7	dsDNA	168066
Gaprivervirus	Tevenvirinae	Straboviridae	MW598459	Escherichia virus vB_EcoM_RZ	dsDNA	170318
Gaprivervirus	Tevenvirinae	Straboviridae	GQ981382	Shigella phage SP18	dsDNA	170605
Gelderlandvirus	Tevenvirinae	Straboviridae	KU867307	Salmonella phage vB_SnwM_CGG4-1	dsDNA	159878
Gelderlandvirus	Tevenvirinae	Straboviridae	MF957259	Salmonella phage Melville	dsDNA	159323
Jiaodavirus	Tevenvirinae	Straboviridae	KT239446	Klebsiella phage JD18	dsDNA	166313
Jiaodavirus	Tevenvirinae	Straboviridae	MH729874	Klebsiella phage KP179	dsDNA	162630
Kagamiyamavirus	Tevenvirinae	Straboviridae	LC371242	Escherichia phage EcS1	dsDNA	175437
Kanagawavirus	Tevenvirinae	Straboviridae	MN882610	Enterobacter phage vB_EclM_CIP9	dsDNA	174924
Kanagawavirus	Tevenvirinae	Straboviridae	MN087708	Enterobacter phage vB_EhoM-IME523	dsDNA	172763
Karamvirus	Tevenvirinae	Straboviridae	OR753410	Enterobacter phage vB_EclM_AS6	dsDNA	171281
Karamvirus	Tevenvirinae	Straboviridae	GU323318	Enterobacter phage CC31	dsDNA	165540
Koserivirus	Tevenvirinae	Straboviridae	MW239124	Citrobacter phage CkP1	dsDNA	168463
Moonvirus	Tevenvirinae	Straboviridae	MG250484	Citrobacter phage CF1 ERZ-2017	dsDNA	171911
Moonvirus	Tevenvirinae	Straboviridae	MW325771	Salmonella phage KM16	dsDNA	170126
Mosigvirus	Tevenvirinae	Straboviridae	KP869101	Escherichia coli O157 typing phage 3	dsDNA	168733
Mosigvirus	Tevenvirinae	Straboviridae	MG589383	Shigella phage phi25-307	dsDNA	167544
Mosugukvirus	Tevenvirinae	Straboviridae	KF835987	Pectobacterium bacteriophage PM2	dsDNA	170286
Risoevirus	Tevenvirinae	Straboviridae	MH059636	Erwinia phage Cronus	dsDNA	175774
Tegunavirus	Tevenvirinae	Straboviridae	KY593455	Yersinia phage fHe-Yen9-01	dsDNA	167773
Tegunavirus	Tevenvirinae	Straboviridae	HE956709	Yersinia phage phiR1-RT	dsDNA	168809
Tequatrovirus	Tevenvirinae	Straboviridae	KT184308	Enterobacteria phage Aplg8	dsDNA	168496
Tequatrovirus	Tevenvirinae	Straboviridae	AP011113	Escherichia phage AR1	dsDNA	167435
Winklervirus	Tevenvirinae	Straboviridae	MF036690	Serratia phage CHI14	dsDNA	171175
Winklervirus	Tevenvirinae	Straboviridae	MF036692	Serratia phage X20	dsDNA	172450
Acajnonavirus	Twarogvirinae	Straboviridae	HM004124	Acinetobacter phage Acj9	dsDNA	169947
Hadassahvirus	Twarogvirinae	Straboviridae	MK278860	Acinetobacter phage AbTZA1	dsDNA	168223
Hadassahvirus	Twarogvirinae	Straboviridae	MN864865	Acinetobacter phage vB_AbaM_PhT2	dsDNA	166330
Lasallevirus	Twarogvirinae	Straboviridae	GU911519	Acinetobacter phage Acj61	dsDNA	164093
Lazarusvirus	Twarogvirinae	Straboviridae	MH165274	Acinetobacter phage AM101	dsDNA	166487
Lazarusvirus	Twarogvirinae	Straboviridae	MN723850	Acinetobacter phage vB_AbaM_Apostate	dsDNA	164746
Zedzedvirus	Twarogvirinae	Straboviridae	HQ698922	Acinetobacter phage ZZ1	dsDNA	166687
Angelvirus		Straboviridae	GU396103	Aeromonas phage PX29	dsDNA	222006
Biquartavirus		Straboviridae	AY375531	Aeromonas phage 44RR2.8t	dsDNA	173591
Bragavirus		Straboviridae	MG696114	Proteus phage phiP4-3	dsDNA	167849
Bragavirus		Straboviridae	MF001355	Proteus phage PM2	dsDNA	163469
Carettavirus		Straboviridae	KU255730	Escherichia phage phiE142	dsDNA	121442
Chrysonvirus		Straboviridae	HM452126	Aeromonas phage phiAS5	dsDNA	225268
Cinqassovirus		Straboviridae	AY266303	Aeromonas phage Aeh1	dsDNA	233234
Cinqassovirus		Straboviridae	MG250483	Aeromonas phage ah1	dsDNA	221116
Gualtarvirus		Straboviridae	KX078569	Morganella phage vB_MmoM_MP1	dsDNA	163201
Jiangsuvirus		Straboviridae	KY971610	Pseudomonas phage PspYZU05	dsDNA	166442
Krischvirus		Straboviridae	KY683735	Escherichia phage ECD7	dsDNA	164706
Krischvirus		Straboviridae	HE978309	Enterobacteria phage GEC-3S	dsDNA	163424
Mylasvirus		Straboviridae	HQ317393	Vibrio phage nt-1	dsDNA	247511
Nanhuvirus		Straboviridae	OM638103	Cronobacter phage LPCS28	dsDNA	182723
Pseudotevenvirus		Straboviridae	JN882287	Cronobacter phage vB_CsaM_GAP161	dsDNA	178193
Pseudotevenvirus		Straboviridae	KR869820	Citrobacter phage IME-CF2	dsDNA	177688
Schizotequatrovirus		Straboviridae	AY283928	Vibrio phage KVP40	dsDNA	244834
Schizotequatrovirus		Straboviridae	KP671755	Vibrio phage ValKK3	dsDNA	248088
Slopekvirus		Straboviridae	KT321315	Enterobacter phage phiEap-3	dsDNA	175814
Slopekvirus		Straboviridae	GU295964	Klebsiella phage KP15	dsDNA	174436
Tulanevirus		Straboviridae	MH179476	Aeromonas phage 50AhydR13PP	dsDNA	164983
Tulanevirus		Straboviridae	MH179477	Aeromonas phage 60AhydR15PP	dsDNA	165795
Fahrevirus		Tinaiviridae	BK057374.1	Caudoviricetes sp. isolate ctR3g24	dsDNA	151391
Harrekavirus		Aggregaviridae	MT732457	Olleya phage Harreka_1	dsDNA	43175
Brussowvirus		Aliceevansviridae	HG424323	Streptococcus phage 20617	dsDNA	48800
Brussowvirus		Aliceevansviridae	FJ226752	Streptococcus phage ALQ13.2	dsDNA	35525
Moineauvirus		Aliceevansviridae	FJ236310	Streptococcus phage Abc2	dsDNA	34882
Moineauvirus		Aliceevansviridae	MF580766	Streptococcus phage B0	dsDNA	36773
Vansinderenvirus		Aliceevansviridae	FJ965538	Streptococcus phage 5093	dsDNA	37184
Vansinderenvirus		Aliceevansviridae	MK202159	Streptococcus phage CHPC1198	dsDNA	33245
Honmavirus		Alisviridae	BK068089	Porphyromonas phage phage006a_EM3	dsDNA	35219
Honmavirus		Alisviridae	PP754929	Porphyromonas phage phage007a_Bg4	dsDNA	35050
Beograduvirus	Kantovirinae	Anamaviridae	ON996340	Xanthomonas phage BsXeu269p/3	dsDNA	46280
Beograduvirus	Kantovirinae	Anamaviridae	KY210139	Xanthomonas phage KPhi1	dsDNA	46077
Tsukubavirus	Kantovirinae	Anamaviridae	AP008986	Xanthomonas phage OP2	dsDNA	46643
Tsukubavirus	Kantovirinae	Anamaviridae	OP067662	Xanthomonas phage pXoo2107	dsDNA	46052
Xanthovirus	Kantovirinae	Anamaviridae	OQ676962	Xanthomonas phage NEB7	dsDNA	45241
Bakolyvirus	Mascarenevirinae	Anamaviridae	MT740725	Ralstonia phage Adzire	dsDNA	44732
Bakolyvirus	Mascarenevirinae	Anamaviridae	MT740729	Ralstonia phage Bakoly	dsDNA	44222
Cocadavirus	Mascarenevirinae	Anamaviridae	PP316169	Ralstonia phage CA1	dsDNA	46254
Naesvirus	Mascarenevirinae	Anamaviridae	AY369265	Burkholderia phage Bcep1	dsDNA	48177
Naesvirus	Mascarenevirinae	Anamaviridae	AY368235	Burkholderia phage Bcep43	dsDNA	48024
Felixounavirus	Ounavirinae	Andersonviridae	MN850614	Escherichia phage adrianh	dsDNA	88226
Felixounavirus	Ounavirinae	Andersonviridae	KX377933	Escherichia phage vB_EcoM_Alf5	dsDNA	87662
Kolesnikvirus	Ounavirinae	Andersonviridae	EU710883	Erwinia phage phiEa21-4	dsDNA	84576
Kolesnikvirus	Ounavirinae	Andersonviridae	HQ728263	Erwinia phage vB_EamM-M7	dsDNA	84694
Mooglevirus	Ounavirinae	Andersonviridae	MK562504	Enterobacteria phage CHB7	dsDNA	87998
Mooglevirus	Ounavirinae	Andersonviridae	OR892555	Escherichia phage EP1	dsDNA	87182
Arnovirus		Andersonviridae	MK290738	Pectobacterium phage Arno18	dsDNA	91660
Arnovirus		Andersonviridae	MK290737	Pectobacterium phage Arno162	dsDNA	91663
Daniellevirus		Andersonviridae	MW749010	Hafnia phage vB_HpaM_SarahDanielle	dsDNA	86185
Daniellevirus		Andersonviridae	MW749004	Hafnia phage vB_HpaM_Zyzzx	dsDNA	85869
Wroclawvirus		Arenbergviridae	MK797984	Pseudomonas phage vB_PaeM_PA5oct	dsDNA	286783
Cebadecemvirus		Assiduviridae	KC821618	Cellulophaga phage phi10:1	dsDNA	53664
Cellubavirus		Assiduviridae	KC821607	Cellulophaga phage phi19:1	dsDNA	57447
Nekkelsvirus		Assiduviridae	MT732443	Cellulophaga phage Nekkels_1	dsDNA	53385
Altadenavirus		Berryhillviridae	OR521058	Arthrobacter phage Altadena	dsDNA	48060
Altadenavirus		Berryhillviridae	MT498055	Arthrobacter phage Bumble	dsDNA	49500
Ayohtrevirus		Berryhillviridae	MT024868	Arthrobacter phage Abba	dsDNA	46623
Eastwestvirus		Berryhillviridae	OK999980	Arthrobacter phage EastWest	dsDNA	50397
Jawnskivirus		Berryhillviridae	MF324907	Arthrobacter phage Beans	dsDNA	49797
Jawnskivirus		Berryhillviridae	KT365401	Arthrobacter phage Brent	dsDNA	49879
Jinkiesvirus		Berryhillviridae	MT498043	Arthrobacter phage Jinkies	dsDNA	49118
Lilmacvirus		Berryhillviridae	OP985600	Arthrobacter phage Bolt007	dsDNA	49798
Lilmacvirus		Berryhillviridae	MZ747522	Arthrobacter phage Klevey	dsDNA	50075
Marthavirus		Berryhillviridae	KU647629	Arthrobacter phage BarretLemon	dsDNA	51290
Marthavirus		Berryhillviridae	KU160656	Arthrobacter phage Martha	dsDNA	51027
Sicariusvirus		Berryhillviridae	MW862982	Arthrobacter phage Sicarius2	dsDNA	49221
Sicariusvirus		Berryhillviridae	OR475274	Arthrobacter phage Wyborn	dsDNA	49985
Vibakivirus		Berryhillviridae	MN096362	Arthrobacter phage Vibaki	dsDNA	48201
Jauervirus		Buchnerviridae	KP861230	Acinetobacter phage YMC11/11/R3177	dsDNA	47575
Lubinvirus		Buchnerviridae	MZ675741	Acinetobacter phage Ab1656-2	dsDNA	50929
Olaviavirus		Buchnerviridae	MT361972	Acinetobacter phage Ab11510-phi	dsDNA	50916
Olaviavirus		Buchnerviridae	PQ432283	Acinetobacter phage phi4197	dsDNA	39359
Slezavirus		Buchnerviridae	KT588075	Acinetobacter phage Ab105-2phi	dsDNA	61304
Svidnicavirus		Buchnerviridae	PP236951	Acinetobacter phage vB_AbaS_Eva	dsDNA	50174
Svidnicavirus		Buchnerviridae	PP236950	Acinetobacter phage vB_AbaS_Ftm	dsDNA	48487
Valdenburkvirus		Buchnerviridae	PV067694	Acinetobacter phage Acba_23	dsDNA	52046
Vieuvirus		Buchnerviridae	OR180313	Acinetobacter phage A2490.3	dsDNA	50353
Vieuvirus		Buchnerviridae	JX403940	Acinetobacter phage YMC/09/02/B1251	dsDNA	45364
Baileybluvirus		Casidaviridae	OL455900	Arthrobacter phage BaileyBlu	dsDNA	40447
Baileybluvirus		Casidaviridae	OR553891	Arthrobacter phage CallinAllBarbz	dsDNA	41205
Barnstormervirus		Casidaviridae	OQ190478	Microbacterium phage Barnstormer	dsDNA	46860
Barnstormervirus		Casidaviridae	OQ190481	Microbacterium phage Caron	dsDNA	47726
Cenunavirus		Casidaviridae	ON970568	Microbacterium phage Cen1621	dsDNA	49371
Emotionvirus		Casidaviridae	OQ709216	Arthrobacter phage Emotion	dsDNA	45092
Galvastonvirus		Casidaviridae	MT897906	Arthrobacter phage Tweety19	dsDNA	40873
Gardenstatevirus		Casidaviridae	MT952845	Microbacterium phage GardenState	dsDNA	45424
Gardenstatevirus		Casidaviridae	MK880124	Microbacterium phage IAmGroot	dsDNA	45625
Hilgardvirus		Casidaviridae	OQ938592	Arthrobacter phage VroomVroom	dsDNA	43230
Honkvirus		Casidaviridae	MW862981	Microbacterium phage Honk	dsDNA	50154
Liebevirus		Casidaviridae	MK061413	Arthrobacter phage Liebe	dsDNA	45803
Liebevirus		Casidaviridae	OQ709203	Arthrobacter phage MaGuCo	dsDNA	43924
Mabodamacavirus		Casidaviridae	OR613467	Microbacterium phage Mabodamaca	dsDNA	48999
Manhattanvirus		Casidaviridae	OL549189	Arthrobacter phage Crewmate	dsDNA	44354
Manhattanvirus		Casidaviridae	MH834610	Arthrobacter phage DrManhattan	dsDNA	42577
Percivalvirus		Casidaviridae	MH271298	Microbacterium phage Floof	dsDNA	48500
Percivalvirus		Casidaviridae	MH271308	Microbacterium phage Percival	dsDNA	47364
Swepdovirus		Casidaviridae	ON528933	Arthrobacter phage SWEP2	dsDNA	43412
Yangvirus		Casidaviridae	MT889375	Arthrobacter phage Adumb2043	dsDNA	43100
Yangvirus		Casidaviridae	OL549191	Arthrobacter phage Amyev	dsDNA	44284
Zetavirus		Casidaviridae	MH271320	Microbacterium phage Zeta1847	dsDNA	47921
Ahduovirus		Casjensviridae	JN564907	Burkholderia phage vB_BceS_AH2	dsDNA	58065
Broinstvirus		Casjensviridae	HQ632859	Loktanella phage pCB2051-A	dsDNA	56958
Cenphatecvirus		Casjensviridae	MN062188	Proteus phage Saba	dsDNA	60056
Chivirus		Casjensviridae	KM366098	Salmonella phage BP12C	dsDNA	60606
Chivirus		Casjensviridae	KY620117	Salmonella phage BSPM4	dsDNA	59097
Dunedinvirus		Casjensviridae	MN505213	Serratia phage JS26	dsDNA	63971
Enchivirus		Casjensviridae	JQ340774	Enterobacter phage Enc34	dsDNA	60496
Fengtaivirus		Casjensviridae	KT321316	Achromobacter phage phiAxp-2	dsDNA	62220
Gediminasvirus		Casjensviridae	MW269554	Achromobacter phage vB_AchrS_AchV4	dsDNA	59489
Gwanakrovirus		Casjensviridae	MN184886	Erwinia phage pEp_SNUABM_08	dsDNA	62716
Jacunavirus		Casjensviridae	MT330372	Cronobacter phage JC01	dsDNA	61736
Kokobelvirus		Casjensviridae	MW145139	Providencia phage Kokobel1	dsDNA	59837
Lavrentievavirus		Casjensviridae	MN604053	Escherichia phage E21	dsDNA	58536
Lavrentievavirus		Casjensviridae	MG030346	Proteus phage PM87	dsDNA	59128
Maxdohrnvirus		Casjensviridae	MN536026	Pseudomonas phage vB_Pae-SS2019XI	dsDNA	57567
Nazgulvirus		Casjensviridae	AY357582	Burkholderia phage BcepNazgul	dsDNA	57455
Newforgelanevirus		Casjensviridae	MN692199	Pectobacterium phage MA12	dsDNA	58573
Phobosvirus		Casjensviridae	MN478374	Bacteriophage Phobos	dsDNA	56734
Phobosvirus		Casjensviridae	KY971609	Pseudomonas phage PspYZU01	dsDNA	58279
Redjacvirus		Casjensviridae	MT675124	Providencia phage vB_PreS-PibeRecoleta	dsDNA	60727
Redjacvirus		Casjensviridae	JX296113	Providencia phage Redjac	dsDNA	58104
Salvovirus		Casjensviridae	LR743524.1	Xylella phage Bacata	dsDNA	56232
Salvovirus		Casjensviridae	KF626668	Xylella phage Salvo	dsDNA	55601
Sanovirus		Casjensviridae	KF626665	Xylella phage Sano	dsDNA	56147
Seodaemunguvirus		Casjensviridae	MF476925	Klebsiella phage YMC16/01/N133_KPN_BP	dsDNA	58387
Sessunavirus		Casjensviridae	KY249644	Synechococcus virus S-ESS1	dsDNA	60362
Sharonstreetvirus		Casjensviridae	MN317029	Aeromonas phage vB_AhyS-A18P4	dsDNA	60975
Sharonstreetvirus		Casjensviridae	MT952005	Aeromonas phage BUCT551	dsDNA	61382
Yonseivirus		Casjensviridae	MF415410	Klebsiella phage KPN N137	dsDNA	59100
Yonseivirus		Casjensviridae	MH817999	Klebsiella phage Seifer	dsDNA	58197
Zhonglingvirus		Casjensviridae	LC553736	Salmonella phage SAP012	dsDNA	59618
Carltongylesvirus	Cleopatravirinae	Chaseviridae	MN117721	Escherichia phage vB_EcoP_Bp7	dsDNA	52615
Carltongylesvirus	Cleopatravirinae	Chaseviridae	MN122072	Escherichia phage vB_EcoM_Bp10	dsDNA	52288
Faunusvirus	Cleopatravirinae	Chaseviridae	MH191398	Erwinia phage Faunus	dsDNA	54065
Fifivirus	Cleopatravirinae	Chaseviridae	OQ818694	Erwinia phage Aioli	dsDNA	53903
Fifivirus	Cleopatravirinae	Chaseviridae	PQ431420	Erwinia phage EaPF7	dsDNA	54114
Loessnervirus	Cleopatravirinae	Chaseviridae	OQ818698	Erwinia phage Fougasse	dsDNA	54213
Loessnervirus	Cleopatravirinae	Chaseviridae	OQ818704	Erwinia phage Papaline	dsDNA	54761
Myducvirus	Cleopatravirinae	Chaseviridae	MN098326	Proteus phage Myduc	dsDNA	53392
Qiaoyingvirus	Cleopatravirinae	Chaseviridae	PP763568	Aeromonas phage phiA050	dsDNA	53322
Sabourvirus	Cleopatravirinae	Chaseviridae	MN136198	Escherichia phage vB_EcoM-4HA13	dsDNA	52401
Suwonvirus	Cleopatravirinae	Chaseviridae	KF534715	Pectobacterium phage PM1	dsDNA	55098
Suwonvirus	Cleopatravirinae	Chaseviridae	KY087898	Pectobacterium phage PP101	dsDNA	53333
Liaoningvirus	Nefertitivirinae	Chaseviridae	OP056089	Vibrio phage vB_VpaM_VPs20	dsDNA	53793
Longwangvirus	Nefertitivirinae	Chaseviridae	OL770365	Aeromonas phage BUCT696	dsDNA	53372
Longwangvirus	Nefertitivirinae	Chaseviridae	OR795024	Aeromonas phage vB_AhydM-H1	dsDNA	52614
Pahsextavirus	Nefertitivirinae	Chaseviridae	KJ858521	Aeromonas phage pAh6-C	dsDNA	53744
Phayathaivirus	Nefertitivirinae	Chaseviridae	MZ336020	Aeromonas phage pAh6.2TG	dsDNA	51780
Phayathaivirus	Nefertitivirinae	Chaseviridae	MW380983	Aeromonas phage PVN03	dsDNA	50725
Shantouvirus	Nefertitivirinae	Chaseviridae	PV258714	Aeromonas phage LA93P1	dsDNA	52196
Shantouvirus	Nefertitivirinae	Chaseviridae	OM810291	Aeromonas phage ZPAH14	dsDNA	57429
Yushanvirus	Nefertitivirinae	Chaseviridae	KJ002054	Shewanella phage Spp001	dsDNA	54791
Yushanvirus	Nefertitivirinae	Chaseviridae	KY709296	Shewanella phage SppYZU05	dsDNA	54319
Aphroditevirus	Gorgonvirinae	Chimalliviridae	MG720308	Vibrio phage Aphrodite1	dsDNA	237722
Aphroditevirus	Gorgonvirinae	Chimalliviridae	MK368614	Vibrio phage 2 TSL-2019	dsDNA	242446
Tidunavirus	Gorgonvirinae	Chimalliviridae	AP017972	Vibrio phage pTD1	dsDNA	239276
Tidunavirus	Gorgonvirinae	Chimalliviridae	KC131130	Vibrio phage VP4B	dsDNA	236053
Agricanvirus		Chimalliviridae	KU886225	Erwinia phage vB_EamM_Deimos-Minion	dsDNA	273501
Agricanvirus		Chimalliviridae	MG655268	Erwinia phage vB_EamM_Desertfox	dsDNA	272458
Branisovskavirus		Chimalliviridae	MZ348422	Kosakonia phage Kc263	dsDNA	253740
Chaoshanvirus		Chimalliviridae	OM810292	Aeromonas phage ZPAH34	dsDNA	234546
Chiangmaivirus		Chimalliviridae	AP014927	Ralstonia phage RSF1	dsDNA	222888
Chiangmaivirus		Chimalliviridae	AP014693	Ralstonia phage RSL2	dsDNA	223932
Derbicusvirus		Chimalliviridae	MK514282	Erwinia phage Derbicus	dsDNA	223950
Elvirus		Chimalliviridae	AJ697969	Pseudomonas phage EL	dsDNA	211215
Eowynvirus		Chimalliviridae	LR881104	Klebsiella phage vB_KvM-Eowyn	dsDNA	265389
Erskinevirus		Chimalliviridae	KX397364	Erwinia phage vB_EamM_Asesino	dsDNA	246290
Erskinevirus		Chimalliviridae	JX316028	Erwinia phage PhiEaH2	dsDNA	243050
Ferozepurvirus		Chimalliviridae	OL964756	Aeromonas phage pAEv1810	dsDNA	235066
Ferozepurvirus		Chimalliviridae	MN032614	Aeromonas phage PS1	dsDNA	237367
Goslarvirus		Chimalliviridae	MK327938	Escherichia phage vB_EcoM_Goslar	dsDNA	237307
Iapetusvirus		Chimalliviridae	KF623294	Erwinia phage PhiEaH1	dsDNA	218339
Ludhianavirus		Chimalliviridae	MN102098	Aeromonas phage D3	dsDNA	262372
Ludhianavirus		Chimalliviridae	MN131137	Aeromonas phage D6	dsDNA	259831
Maaswegvirus		Chimalliviridae	OZ240615	Klebsiella phage vB_KpM_Centimanus	dsDNA	299730
Maaswegvirus		Chimalliviridae	MW394391	Klebsiella phage vB_KpM_FBKp24	dsDNA	307210
Machinavirus		Chimalliviridae	KX397370	Erwinia phage Machina	dsDNA	241654
Meadowvirus		Chimalliviridae	MZ501267	Erwinia phage AH04	dsDNA	262639
Miamivirus		Chimalliviridae	MT701590	Klebsiella phage Miami	dsDNA	253383
Miltoncavirus		Chimalliviridae	HQ630627	Pseudomonas phage PhiPA3	dsDNA	309208
Moabitevirus		Chimalliviridae	MK994515	Serratia phage Moabite	dsDNA	273933
Moabitevirus		Chimalliviridae	MF285618	Serratia phage vB_SmaM_ 2050HW	dsDNA	276025
Nimduovirus		Chimalliviridae	MN642089	Klebsiella phage N1M2	dsDNA	253367
Noxifervirus		Chimalliviridae	MF063068	Pseudomonas phage Noxifer	dsDNA	278136
Pawinskivirus		Chimalliviridae	MN103543	Pseudomonas phage vB_PaeM_PS119XW	dsDNA	301543
Petsuvirus		Chimalliviridae	MK689364	Edwardsiella phage pEt-SU	dsDNA	276734
Phabiovirus		Chimalliviridae	MF042360	Pseudomonas phage Phabio	dsDNA	309157
Phikzvirus		Chimalliviridae	JX233784	Pseudomonas phage PA7	dsDNA	266743
Phikzvirus		Chimalliviridae	AF399011	Pseudomonas phage phiKZ	dsDNA	280334
Ripduovirus		Chimalliviridae	AP017924	Ralstonia phage RP12	dsDNA	279845
Risingsunvirus		Chimalliviridae	MF459646	Erwinia phage vB_EamM_RisingSun	dsDNA	235108
Seoulvirus		Chimalliviridae	JN641803	Salmonella phage SPN3US	dsDNA	240413
Serwervirus		Chimalliviridae	EU197055	Pseudomonas phage 201phi2-1	dsDNA	316674
Siatvirus		Chimalliviridae	MN871446	Klebsiella phage KpLz-2_45	dsDNA	296707
Tepukevirus		Chimalliviridae	MK552327	Pseudomonas phage Psa21	dsDNA	305260
Wellingtonvirus		Chimalliviridae	MH426724	Erwinia phage Wellington	dsDNA	244950
Lomovskayavirus		Colingsworthviridae	AJ550940	Streptomyces phage phiBT1	dsDNA	41831
Lomovskayavirus		Colingsworthviridae	AJ006589	Streptomyces phage phi-C31	dsDNA	41491
Sebastisaurusvirus		Colingsworthviridae	MK686069	Streptomyces phage Heather	dsDNA	41238
Sebastisaurusvirus		Colingsworthviridae	MK686068	Streptomyces phage RemusLoopin	dsDNA	41376
Shadyvirus		Colingsworthviridae	MT701596	Streptomyces phage Shady	dsDNA	45128
Shaekyvirus		Colingsworthviridae	MT701595	Streptomyces phage Shaeky	dsDNA	45617
Sycamorevirus		Colingsworthviridae	MT701593	Streptomyces phage Sycamore	dsDNA	44694
Tigunavirus		Colingsworthviridae	JX182372	Streptomyces phage TG1	dsDNA	40474
Vashvirus		Colingsworthviridae	MK450426	Streptomyces phage Euratis	dsDNA	41403
Vashvirus		Colingsworthviridae	MK450431	Streptomyces phage Lilbooboo	dsDNA	41267
Firehammervirus		Connertonviridae	MW074125	Campylobacter phage CJLB-12	dsDNA	159905
Firehammervirus		Connertonviridae	MW074126	Campylobacter phage CJLB-14	dsDNA	157531
Fletchervirus		Connertonviridae	MW057933	Campylobacter phage CJLB-7	dsDNA	124324
Fletchervirus		Connertonviridae	MW074124	Campylobacter phage CJLB-10	dsDNA	123818
Cetovirus	Ermolyevavirinae	Demerecviridae	MG649966	Vibrio phage Ceto	dsDNA	128241
Jesfedecavirus	Ermolyevavirinae	Demerecviridae	KY883654	Vibrio phage JSF10	dsDNA	111671
Jesfedecavirus	Ermolyevavirinae	Demerecviridae	KY883655	Vibrio phage JSF12	dsDNA	111671
Thalassavirus	Ermolyevavirinae	Demerecviridae	MK796244	Vibrio phage Achelous	dsDNA	121089
Thalassavirus	Ermolyevavirinae	Demerecviridae	MT460514	Vibrio phage AG74	dsDNA	126504
Vipunavirus	Ermolyevavirinae	Demerecviridae	JQ340389	Vibrio phage pVP-1	dsDNA	111506
Epseptimavirus	Markadamsvirinae	Demerecviridae	KU927497	Salmonella phage 100268_sal2	dsDNA	125114
Epseptimavirus	Markadamsvirinae	Demerecviridae	KX017521	Salmonella phage 118970_sal2	dsDNA	114180
Kononvirus	Markadamsvirinae	Demerecviridae	PP579741	Enterobacter siphophage KKP_3711	dsDNA	113711
Tequintavirus	Markadamsvirinae	Demerecviridae	MW149273	Salmonella phage vB_SalS_ABTNLsp4	dsDNA	106178
Tequintavirus	Markadamsvirinae	Demerecviridae	MW149275	Salmonella phage vB_SalS_ABTNLsp9	dsDNA	109695
Hongcheonvirus	Mccorquodalevirinae	Demerecviridae	MF979564	Pectobacterium phage DU_PP_V	dsDNA	106185
Myunavirus	Mccorquodalevirinae	Demerecviridae	JX195166	Pectobacterium phage My1	dsDNA	122024
Keyvirus		Demerecviridae	MK770119	Pantoea phage vB_PagS_AAS21	dsDNA	116649
Keyvirus		Demerecviridae	MZ616364	Erwinia phage Key	dsDNA	115651
Novosibvirus		Demerecviridae	MG030347	Proteus phage PM135	dsDNA	104329
Novosibvirus		Demerecviridae	MH830339	Proteus phage Stubb	dsDNA	104410
Pogseptimavirus		Demerecviridae	MH645904	Vibrio phage vB_VpS_PG07	dsDNA	112106
Pogseptimavirus		Demerecviridae	MH925094	Vibrio phage VspSw_1	dsDNA	113760
Priunavirus		Demerecviridae	KY363465	Providencia phage vB_PreS_PR1	dsDNA	118537
Priunavirus		Demerecviridae	MW057857	Providencia phage PSTCR5	dsDNA	109434
Shenzhenvirus		Demerecviridae	MG676224	Aeromonas phage AhSzq-1	dsDNA	112558
Shenzhenvirus		Demerecviridae	MG676225	Aeromonas phage AhSzw-1	dsDNA	115739
Sugarlandvirus		Demerecviridae	MN434094	Klebsiella phage AmPh_EK80	dsDNA	112215
Sugarlandvirus		Demerecviridae	LR881109.1	Klebsiella phage vB_KppS-Anoxic	dsDNA	109500
Augustepiccardvirus	Braunvirinae	Drexlerviridae	MZ501051	Escherichia phage AugustePiccard	dsDNA	50126
Christensenvirus	Braunvirinae	Drexlerviridae	MK372342	Escherichia phage vB_EcoS_IME542	dsDNA	46553
Guelphvirus	Braunvirinae	Drexlerviridae	JN986845	Escherichia phage vB_EcoS_ACG-M12	dsDNA	46054
Guelphvirus	Braunvirinae	Drexlerviridae	ON081052	Escherichia phage vB_EcoS_SCS31	dsDNA	46054
Inhoffenstrassevirus	Braunvirinae	Drexlerviridae	MK373793	Escherichia phage vB_EcoS_MM01	dsDNA	43157
Julespiccardvirus	Braunvirinae	Drexlerviridae	MZ501087	Escherichia phage JulesPiccard	dsDNA	47731
Loudonvirus	Braunvirinae	Drexlerviridae	MG050172	Escherichia phage DTL	dsDNA	45814
Loudonvirus	Braunvirinae	Drexlerviridae	KY398841	Escherichia phage vB_Ecos_CEB_EC3a	dsDNA	44234
Rtpvirus	Braunvirinae	Drexlerviridae	KX130960	Escherichia phage vB_EcoS-IME253	dsDNA	46717
Rtpvirus	Braunvirinae	Drexlerviridae	AM156909	Escherichia phage Rtp	dsDNA	46219
Veterinaerplatzvirus	Braunvirinae	Drexlerviridae	MT682706	Escherichia phage vB_EcoS_FP	dsDNA	43757
Veterinaerplatzvirus	Braunvirinae	Drexlerviridae	MZ501080	Escherichia phage JeanPiccard strain Bas02	dsDNA	47149
Eastlansingvirus	Rogunavirinae	Drexlerviridae	MF158039	Shigella phage Sf12	dsDNA	47647
Lindendrivevirus	Rogunavirinae	Drexlerviridae	JF770475	Escherichia phage phiEB49	dsDNA	47180
Rogunavirus	Rogunavirinae	Drexlerviridae	KF771237	Escherichia phage vB_EcoS_AHP42	dsDNA	46847
Rogunavirus	Rogunavirinae	Drexlerviridae	KF771238	Escherichia phage vB_EcoS_AHS24	dsDNA	46440
Sadiyavirus	Rogunavirinae	Drexlerviridae	OL539467	Escherichia phage vB_EcoD_Sadiya	dsDNA	48303
Wilsonroadvirus	Rogunavirinae	Drexlerviridae	MF158042	Shigella phage Sd1	dsDNA	48262
Baihuvirus	Tempevirinae	Drexlerviridae	MN090155	Escherichia phage vB_EcoS_PHB17	dsDNA	48939
Changchunvirus	Tempevirinae	Drexlerviridae	MZ501099	Escherichia phage PaulSarasin strain Bas09	dsDNA	51285
Changchunvirus	Tempevirinae	Drexlerviridae	MK778457	Escherichia phage vB_EcoS_W011D	dsDNA	49847
Hanrivervirus	Tempevirinae	Drexlerviridae	MN850591	Escherichia phage aalborv	dsDNA	46660
Hanrivervirus	Tempevirinae	Drexlerviridae	MN850572	Escherichia phage aaroes	dsDNA	51662
Henuseptimavirus	Tempevirinae	Drexlerviridae	MN019128	Escherichia phage Henu7	dsDNA	49526
Henuseptimavirus	Tempevirinae	Drexlerviridae	MZ501077	Escherichia phage IsaakIselin	dsDNA	49911
Jahatvirus	Tempevirinae	Drexlerviridae	MK552105	Escherichia phage Jahat_MG145	dsDNA	50984
Peekayseptimavirus	Tempevirinae	Drexlerviridae	OM317910	Klebsiella phage P-K7R	dsDNA	52111
Pocisvirus	Tempevirinae	Drexlerviridae	MW689258	Hafnia phage Pocis76	dsDNA	48795
Tlsvirus	Tempevirinae	Drexlerviridae	OL539462	Citrobacter phage vB_CfrD_BlueShadow	dsDNA	49619
Tlsvirus	Tempevirinae	Drexlerviridae	OL539443	Citrobacter phage vB_CfrD_Brooksby	dsDNA	50071
Warwickvirus	Tempevirinae	Drexlerviridae	MN850620	Escherichia phage atuna	dsDNA	50732
Warwickvirus	Tempevirinae	Drexlerviridae	MN850582	Escherichia phage ityhuna	dsDNA	50768
Badaguanvirus	Tunavirinae	Drexlerviridae	MH051918	Escherichia phage vB_EcoS_IME347	dsDNA	50048
Sertoctavirus	Tunavirinae	Drexlerviridae	MZ501053	Escherichia phage BrunoManser	dsDNA	49298
Sertoctavirus	Tunavirinae	Drexlerviridae	MF996376	Escherichia phage SRT8	dsDNA	49579
Tunavirus	Tunavirinae	Drexlerviridae	JX912252	Escherichia phage ADB-2	dsDNA	50552
Tunavirus	Tunavirinae	Drexlerviridae	MH285980	Escherichia phage Eco_BIFF	dsDNA	49372
Eclunavirus		Drexlerviridae	MG732930	Enterobacter phage Ec_L1	dsDNA	51894
Hicfunavirus		Drexlerviridae	MN545971	Citrobacter phage HCF1	dsDNA	45806
Jhansiroadvirus		Drexlerviridae	MT360682	Vibrio phage VC1	dsDNA	47778
Kyungwonvirus		Drexlerviridae	MH845412	Cronobacter phage CS01	dsDNA	48195
Kyungwonvirus		Drexlerviridae	JF912400	Cronobacter phage ESP2949-1	dsDNA	49116
Nouzillyvirus		Drexlerviridae	KY619305	Escherichia phage vB_EcoS_ESCO41	dsDNA	50800
Sauletekiovirus		Drexlerviridae	MK095606	Pantoea phage vB_PagS_AAS23	dsDNA	51170
Vilniusvirus		Drexlerviridae	KX130668	Escherichia phage vB_EcoS_NBD2	dsDNA	51802
Webervirus		Drexlerviridae	OL865411	Klebsiella phage vB_1086	dsDNA	49473
Webervirus		Drexlerviridae	MW042802	Klebsiella phage 066039	dsDNA	51633
Ingelinevirus		Duneviridae	MT732435	Cellulophaga phage Ingeline_1	dsDNA	42624
Labanvirus		Duneviridae	MN812211	Flavobacterium phage vB_FspS_laban6-1	dsDNA	43236
Unahavirus		Duneviridae	KU599889	Flavobacterium phage 1H	dsDNA	39290
Unahavirus		Duneviridae	KU599888	Flavobacterium phage 23T	dsDNA	43226
Anathvirus		Ehrlichviridae	MG983742	Bacillus phage Anath	dsDNA	52369
Andromedavirus		Ehrlichviridae	KC330684	Bacillus phage Andromeda	dsDNA	49259
Andromedavirus		Ehrlichviridae	KF669648	Bacillus phage Blastoid	dsDNA	50354
Chennaivirus		Ehrlichviridae	OR670591	Staphylococcus phage MVC_VPHSA1	dsDNA	51392
Dazunavirus		Ehrlichviridae	OR338916	Bacillus phage DZ1	dsDNA	49867
Gettysburgvirus		Ehrlichviridae	MN176220	Bacillus phage 019DV002	dsDNA	52749
Gettysburgvirus		Ehrlichviridae	MN176230	Bacillus phage 056SW001B	dsDNA	52692
Nairobivirus		Ehrlichviridae	MH884513	Bacillus phage vB_BpsS-36	dsDNA	50485
Suttonboningtonvirus		Ehrlichviridae	MT700412	Bacillus phage 1_ICo-2020	dsDNA	51227
Chronisvirus	Maevirinae	Felixviridae	MN013086	Klebsiella phage vB_Kpn_Chronis	dsDNA	45702
Certevirus		Felixviridae	OL396571	Pantoea phage PdC23	dsDNA	44715
Nakavirus		Felixviridae	PP934563	Klebsiella phage RothC	dsDNA	46433
Freyavirus		Forsetiviridae	MT732458	Polaribacter phage Danklef_1	dsDNA	47186
Freyavirus		Forsetiviridae	MT732463	Polaribacter phage Freya_1	dsDNA	43978
Jamesmcgillvirus		Fredfastierviridae	DQ163914	Pseudomonas phage 119X	dsDNA	43365
Jamesmcgillvirus		Fredfastierviridae	KU884563	Pseudomonas phage PaMx41	dsDNA	43490
Aquaneticvirus		Grimontviridae	OP491958	Aeromonas phage APT65	dsDNA	85188
Crifsvirus		Grimontviridae	MW343794	Cronobacter phage A24	dsDNA	75106
Crifsvirus		Grimontviridae	JN882286	Cronobacter phage vB_CsaP_GAP52	dsDNA	76631
Dalianvirus		Grimontviridae	MG603697	Vibrio phage Vp_R1	dsDNA	112127
Lahexavirus		Grimontviridae	MK838112	Aeromonas phage LAh_6	dsDNA	101390
Lahexavirus		Grimontviridae	MK838114	Aeromonas phage LAh_8	dsDNA	97408
Libingvirus		Grimontviridae	OL799327	Aeromonas phage BUCT695	dsDNA	86289
Lundtoftevirus		Grimontviridae	OQ829281	IncN phage Lu221	dsDNA	76397
Moazamivirus		Grimontviridae	HM997019	Salmonella phage 7-11	dsDNA	89916
Moazamivirus		Grimontviridae	MG873442	Salmonella phage SE131	dsDNA	89910
Privateervirus		Grimontviridae	MT740244	Proteus phage 3H10_20	dsDNA	90382
Privateervirus		Grimontviridae	MT664722	Proteus phage Vb_PmiP-P59	dsDNA	90187
Capvunavirus	Denniswatsonvirinae	Guelinviridae	HM640230	Clostridium phage CpV1	dsDNA	16748
Gregsiragusavirus	Denniswatsonvirinae	Guelinviridae	MH999279	Clostridium phage CPD2	dsDNA	18212
Gregsiragusavirus	Denniswatsonvirinae	Guelinviridae	OQ737697	Clostridium phage cpp	dsDNA	19564
Brucesealvirus		Guelinviridae	JQ729990	Clostridium phage phiCP7R	dsDNA	18397
Brucesealvirus		Guelinviridae	MZ401005	Clostridium phage CPQ3	dsDNA	18246
Hzauvirus		Guelinviridae	OM638104	Clostridium phage LPCPA6	dsDNA	18554
Susfortunavirus		Guelinviridae	OP256049	Clostridium phage Dcp1	dsDNA	18555
Susfortunavirus		Guelinviridae	OP894055	Clostridium phage vB_CP_gdyz_P5	dsDNA	18888
Leefvirus		Helgolandviridae	MT732473	Polaribacter phage Leef_1	dsDNA	37547
Agatevirus	Bastillevirinae	Herelleviridae	JX238501	Bacillus phage phiAGATE	dsDNA	149844
Agatevirus	Bastillevirinae	Herelleviridae	KM051843	Bacillus phage Bobb	dsDNA	160281
Bastillevirus	Bastillevirinae	Herelleviridae	JF966203	Bacillus phage Bastille	dsDNA	153962
Bastillevirus	Bastillevirinae	Herelleviridae	KJ489397	Bacillus phage CAM003	dsDNA	160541
Bequatrovirus	Bastillevirinae	Herelleviridae	KT307976	Bacillus phage AvesoBmore	dsDNA	167431
Bequatrovirus	Bastillevirinae	Herelleviridae	JN790865	Bacillus phage B4	dsDNA	162596
Caeruleovirus	Bastillevirinae	Herelleviridae	JX094431	Bacillus phage vB_BceM_Bc431v3	dsDNA	158621
Caeruleovirus	Bastillevirinae	Herelleviridae	KJ451625	Bacillus phage Bcp1	dsDNA	152778
Eldridgevirus	Bastillevirinae	Herelleviridae	KU253712	Bacillus phage Eldridge	dsDNA	165868
Goettingenvirus	Bastillevirinae	Herelleviridae	MN043729	Bacillus phage vB_BmeM-Goe8	dsDNA	161583
Grisebachstrassevirus	Bastillevirinae	Herelleviridae	KY368640	Bacillus phage vB_BsuM-Goe3	dsDNA	156430
Jeonjuvirus	Bastillevirinae	Herelleviridae	MH606185	Bacillus phage BSP38	dsDNA	153268
Matervirus	Bastillevirinae	Herelleviridae	KM236245	Bacillus phage Mater	dsDNA	164302
Moonbeamvirus	Bastillevirinae	Herelleviridae	KM236246	Bacillus phage Moonbeam	dsDNA	161239
Nitunavirus	Bastillevirinae	Herelleviridae	KF669652	Bacillus phage Grass	dsDNA	156648
Nitunavirus	Bastillevirinae	Herelleviridae	AP013029	Bacillus phage phiNIT1	dsDNA	155631
Shalavirus	Bastillevirinae	Herelleviridae	KU640380	Bacillus phage Shbh1	dsDNA	138081
Siophivirus	Bastillevirinae	Herelleviridae	KC699836	Bacillus phage SIOphi	dsDNA	146698
Tsarbombavirus	Bastillevirinae	Herelleviridae	JN797797	Bacillus phage BCP78	dsDNA	156176
Tsarbombavirus	Bastillevirinae	Herelleviridae	JN797798	Bacillus phage BCU4	dsDNA	154371
Wphvirus	Bastillevirinae	Herelleviridae	JN654439	Bacillus phage BPS13	dsDNA	158305
Wphvirus	Bastillevirinae	Herelleviridae	KC430106	Bacillus phage BPS10C	dsDNA	159590
Kochikohdavirus	Brockvirinae	Herelleviridae	ON113169	Enterococcus phage vB_OCPT_Bob	dsDNA	142921
Kochikohdavirus	Brockvirinae	Herelleviridae	ON113168	Enterococcus phage vB_OCPT_Car	dsDNA	141483
Schiekvirus	Brockvirinae	Herelleviridae	CAJDKA010000002	Enterococcus phage 163	dsDNA	150836
Schiekvirus	Brockvirinae	Herelleviridae	MT856905	Enterococcus phage vB_EfaM_A2	dsDNA	149431
Pecentumvirus	Jasinskavirinae	Herelleviridae	DQ003638	Listeria phage A511	dsDNA	137619
Pecentumvirus	Jasinskavirinae	Herelleviridae	JQ797329	Listeria phage vB_LmoM_AG20	dsDNA	133057
Okubovirus	Spounavirinae	Herelleviridae	KF669649	Bacillus phage CampHawk	dsDNA	146193
Okubovirus	Spounavirinae	Herelleviridae	FJ230960	Bacillus phage SPO1	dsDNA	132562
Siminovitchvirus	Spounavirinae	Herelleviridae	KF554508	Bacillus phage CP-51	dsDNA	138658
Siminovitchvirus	Spounavirinae	Herelleviridae	KC595512	Bacillus phage JL	dsDNA	137918
Baoshanvirus	Twortvirinae	Herelleviridae	MH078572	Staphylococcus phage phiSA_BS1	dsDNA	142978
Baoshanvirus	Twortvirinae	Herelleviridae	MH028956	Staphylococcus phage phiSA_BS2	dsDNA	149229
Kayvirus	Twortvirinae	Herelleviridae	AY954969	Staphylococcus phage G1	dsDNA	138715
Kayvirus	Twortvirinae	Herelleviridae	JX080302	Staphylococcus phage 676Z	dsDNA	148564
Sciuriunavirus	Twortvirinae	Herelleviridae	KX171212	Staphylococcus phage vB_SscM-1	dsDNA	139681
Sepunavirus	Twortvirinae	Herelleviridae	KP027447	Staphylococcus phage vB_SepM_ phiIPLA-C1C	dsDNA	140961
Sepunavirus	Twortvirinae	Herelleviridae	KF021268	Staphylococcus phage phiIBB-SEP1	dsDNA	139928
Silviavirus	Twortvirinae	Herelleviridae	JX846612	Staphylococcus phage vB_SauM_Remus	dsDNA	134643
Silviavirus	Twortvirinae	Herelleviridae	JX846613	Staphylococcus phage vB_SauM_Romulus	dsDNA	131332
Twortvirus	Twortvirinae	Herelleviridae	AY954970	Staphylococcus phage Twort	dsDNA	130706
Elpedvirus		Herelleviridae	MF787246	Lactobacillus phage LpeD	dsDNA	145162
Harbinvirus		Herelleviridae	MG765277	Lactobacillus phage Bacchae	dsDNA	141124
Harbinvirus		Herelleviridae	MH809531	Lactobacillus phage Bromius	dsDNA	140527
Hopescreekvirus		Herelleviridae	KP054477	Lactobacillus phage LfeInf	dsDNA	106071
Klumppvirus		Herelleviridae	HM242243	Brochothrix phage A9	dsDNA	127065
Mooreparkvirus		Herelleviridae	FJ822135	Lactobacillus phage Lb338-1	dsDNA	142111
Salchichonvirus		Herelleviridae	AY682195	Lactobacillus phage LP65	dsDNA	131522
Tybeckvirus		Herelleviridae	MK504446	Lactobacillus phage SAC12B	dsDNA	136608
Tybeckvirus		Herelleviridae	MK504443	Lactobacillus phage 521B	dsDNA	136442
Watanabevirus		Herelleviridae	MK504444	Lactobacillus phage 3-521	dsDNA	140816
Ankaravirus		Hirszfeldviridae	OR045356	Acinetobacter phage Ab69	dsDNA	45076
Beijingvirus		Hirszfeldviridae	MH853787	Acinetobacter phage vB_AbaM_IME284	dsDNA	43557
Brutusvirus		Hirszfeldviridae	ON036882	Acinetobacter phage Brutus	dsDNA	44931
Burnvirus		Hirszfeldviridae	PV437273	Acinetobacter phage vB_AbaM_A72	dsDNA	44172
Burnvirus		Hirszfeldviridae	PV471308	Acinetobacter phage HN_Aba_01	dsDNA	44416
Cairovirus		Hirszfeldviridae	PV468792	Acinetobacter phage RM_A1	dsDNA	43994
Cairovirus		Hirszfeldviridae	PV536160	Acinetobacter phage RM_A2	dsDNA	42428
Chinavirus		Hirszfeldviridae	MZ593728	Acinetobacter phage BUCT628	dsDNA	44935
Ganjingzivirus		Hirszfeldviridae	OP585104	Acinetobacter phage vB_AbaM_BP10	dsDNA	44443
Guangzhouvirus		Hirszfeldviridae	OR526523	Acinetobacter phage vB_AbaM_AB3P2	dsDNA	44824
Guizhouvirus		Hirszfeldviridae	MZ618622	Acinetobacter phage Abp95	dsDNA	43176
Helsinkivirus		Hirszfeldviridae	PQ516282	Acinetobacter phage vB_AQ1	dsDNA	43868
Helsinkivirus		Hirszfeldviridae	PP171454	Acinetobacter phage vB_AbaM_fThrA	dsDNA	44947
Kenyavirus		Hirszfeldviridae	PP841127	Acinetobacter phage vB_Ab_01_KEN_01	dsDNA	43518
Miklukhovirus		Hirszfeldviridae	OM471864	Acinetobacter phage Cato	dsDNA	45188
Nosocomialisvirus		Hirszfeldviridae	PQ227708	Acinetobacter phage vB_Aba_QH4	dsDNA	45107
Nosocomialisvirus		Hirszfeldviridae	OQ547903	Acinetobacter phage XC1	dsDNA	45324
Obolenskvirus		Hirszfeldviridae	OR180310	Acinetobacter phage A832.1	dsDNA	44699
Obolenskvirus		Hirszfeldviridae	JX976549	Acinetobacter phage vB_AbaM-IME-AB2	dsDNA	43665
Pakistanvirus		Hirszfeldviridae	OR665530	Acinetobacter phage SR	dsDNA	45218
Pittiivirus		Hirszfeldviridae	OR791279	Acinetobacter phage vB_ApiM_IME-Ap7	dsDNA	45048
Polandvirus		Hirszfeldviridae	PV067692	Acinetobacter phage Acba_21	dsDNA	44724
Polandvirus		Hirszfeldviridae	PP355976	Acinetobacter phage vB_AbaM_YNAF	dsDNA	45679
Scipiovirus		Hirszfeldviridae	ON036883	Acinetobacter phage Scipio	dsDNA	44602
Sichuanvirus		Hirszfeldviridae	PP841134	Acinetobacter phage vB_Ab_02_KEN_02	dsDNA	45068
Sichuanvirus		Hirszfeldviridae	MN166083	Acinetobacter phage Abp9	dsDNA	44820
Theraphagusvirus		Hirszfeldviridae	HE806280	Acinetobacter phage AP22	dsDNA	46387
Theraphagusvirus		Hirszfeldviridae	PP977194	Acinetobacter phage vB_AbaM-SPB	dsDNA	45587
Walailakvirus		Hirszfeldviridae	OL743187	Acinetobacter phage vB_AbM_WUPSU	dsDNA	44241
Wenzhouvirus		Hirszfeldviridae	HM368260	Acinetobacter phage AB1	dsDNA	45159
Wenzhouvirus		Hirszfeldviridae	PP717790	Acinetobacter phage VB_AB_Acb75	dsDNA	45487
Kozievirus	Kutznervirinae	Hodgkinviridae	OK040792	Microbacterium phage Kozie	dsDNA	53094
Kozievirus	Kutznervirinae	Hodgkinviridae	OR941552	Microbacterium phage MO526	dsDNA	53210
Margaeryvirus	Kutznervirinae	Hodgkinviridae	MK937606	Microbacterium phage Margaery	dsDNA	56033
Margaeryvirus	Kutznervirinae	Hodgkinviridae	MN813684	Microbacterium phage Terij	dsDNA	55691
Mementomorivirus	Kutznervirinae	Hodgkinviridae	MK937591	Microbacterium phage Cinna	dsDNA	55366
Mementomorivirus	Kutznervirinae	Hodgkinviridae	MK937608	Microbacterium phage Cressida	dsDNA	55957
Fuzzbustervirus		Hodgkinviridae	MN062720	Microbacterium phage FuzzBuster	dsDNA	54844
Meganvirus		Hodgkinviridae	MN586020	Microbacterium phage Megan	dsDNA	55210
Meganvirus		Hodgkinviridae	OR159674	Microbacterium phage Nicole72	dsDNA	55431
Metamorphoovirus		Hodgkinviridae	MN585986	Microbacterium phage Ariadne	dsDNA	54347
Metamorphoovirus		Hodgkinviridae	MK524510	Microbacterium phage Fireman	dsDNA	54579
Quhwahvirus		Hodgkinviridae	MT657336	Microbacterium phage ClearAsMud	dsDNA	52987
Quhwahvirus		Hodgkinviridae	MZ622179	Microbacterium phage Honeyfin	dsDNA	53154
Bajunvirus		Jeanschmidtviridae	ON529858	Brevundimonas phage vB_BpoS-Bajun	dsDNA	207261
Bertelyvirus		Jeanschmidtviridae	MH588546	Caulobacter phage CcrBL9	dsDNA	322272
Bertelyvirus		Jeanschmidtviridae	MH588547	Caulobacter phage CcrSC	dsDNA	317489
Colossusvirus		Jeanschmidtviridae	JX100810	Caulobacter phage CcrColossus	dsDNA	279967
Colossusvirus		Jeanschmidtviridae	MH588545	Caulobacter phage CcrPW	dsDNA	308141
Kikimoravirus		Jeanschmidtviridae	ON529850	Brevundimonas phage vB_BpoS-Gurke	dsDNA	321510
Kikimoravirus		Jeanschmidtviridae	ON529857	Brevundimonas phage vB_BpoS-Kikimora	dsDNA	312615
Marchewkavirus		Jeanschmidtviridae	ON529855	Brevundimonas phage vB_BpoS-Domovoi	dsDNA	352705
Marchewkavirus		Jeanschmidtviridae	ON529852	Brevundimonas phage vB_BpoS-Kabachok	dsDNA	356285
Poindextervirus		Jeanschmidtviridae	MH588544	Caulobacter phage CcrBL10	dsDNA	220934
Poindextervirus		Jeanschmidtviridae	JX100814	Caulobacter phage CcrRogue	dsDNA	223720
Shapirovirus		Jeanschmidtviridae	JX100813	Caulobacter phage phiCbK	dsDNA	215710
Shapirovirus		Jeanschmidtviridae	JX100809	Caulobacter phage CcrSwift	dsDNA	219216
Cuauhnahuacvirus		Kleczkowskaviridae	MN988521	Rhizobium phage RHph_TM30	dsDNA	207623
Cuauhnahuacvirus		Kleczkowskaviridae	MN988525	Rhizobium phage RHph_Y65	dsDNA	206821
Akedovirus		Konodaiviridae	OP072332.1	Akedovirus sp. isolate 2520_67539	dsDNA	56866
Satomivirus		Konodaiviridae	OP031061.1	Satomivirus sp. isolate 1827_77749	dsDNA	57601
Shienvirus		Konodaiviridae	OP073416.1	Shienvirus sp. isolate 0727_113293	dsDNA	56886
Cafassovirus		Kruegerviridae	ON970578	Gordonia phage Aleemily	dsDNA	86218
Cafassovirus		Kruegerviridae	MZ322021	Gordonia phage Cafasso	dsDNA	87157
Vanleevirus		Kruegerviridae	MZ028627	Gordonia phage VanLee	dsDNA	84560
Bcepfunavirus		Lindbergviridae	EF153632	Burkholderia phage BcepF1	dsDNA	72415
Carpasinavirus		Lindbergviridae	MH059633	Xanthomonas phage Carpasina	dsDNA	61939
Carpasinavirus		Lindbergviridae	MT161386	Xanthomonas phage FoX6	dsDNA	61077
Gladiolivirus		Lindbergviridae	MT708549	Burkholderia phage Maja	dsDNA	68393
Irusalimvirus		Lindbergviridae	MW460246	Burkholderia phage BCSR52	dsDNA	70038
Irusalimvirus		Lindbergviridae	PV388296	Burkholderia phage Karil-mokiny-1	dsDNA	70144
Kylevirus		Lindbergviridae	MN038177	Panteoa phage Kyle	dsDNA	73168
Myosmarvirus		Lindbergviridae	MK618717	Serratia phage MTx	dsDNA	68621
Myosmarvirus		Lindbergviridae	MN062189	Serratia phage MyoSmar	dsDNA	68745
Pbunavirus		Lindbergviridae	LN610589	Pseudomonas phage vB_PaeM_C1-14_Ab28	dsDNA	66181
Pbunavirus		Lindbergviridae	MT119374	Pseudomonas phage antinowhere	dsDNA	65852
Plutovirus		Lindbergviridae	ON529861	Luteibacter phage vB_LflM-Pluto	dsDNA	67528
Tabernariusvirus		Lindbergviridae	MG018926	Pseudomonas phage tabernarius	dsDNA	67498
Wifcevirus		Lindbergviridae	OR352958	Escherichia phage AV128	dsDNA	68483
Wifcevirus		Lindbergviridae	ON210137	Escherichia phage EC150	dsDNA	68034
Ludisvirus		Ludisviridae	PP754928	Porphyromonas phage phage005b_ATCC49417	dsDNA	48681
Liaodongvirus		Luriaviridae	MT188223	Acinetobacter phage vB_AbaM_D22	dsDNA	103539
Liaodongvirus		Luriaviridae	OL960030	Acinetobacter phage vB_AbaM_P1	dsDNA	105384
Queenastridvirus		Luriaviridae	KJ473422	Acinetobacter phage vB_AbaM_Acibel004	dsDNA	99730
Saclayvirus		Luriaviridae	PV611675	Acinetobacter phage vB_AbaM_14/CRR8	dsDNA	102820
Saclayvirus		Luriaviridae	MT623546	Acinetobacter phage Ab_121	dsDNA	102499
Wulsvirus		Luriaviridae	PV067693	Acinetobacter phage Acba_22	dsDNA	104980
Wulsvirus		Luriaviridae	OZ038335	Acinetobacter phage vB_AbaM_KissB	dsDNA	102626
Lutzvirus		Lutzviridae	OR420712	Oceanotoga phage vB_OteS-UFV02	dsDNA	53482
Cepunavirus		Madridviridae	Z47794	Streptococcus phage Cp1	dsDNA	19343
Cepunavirus		Madridviridae	LK392619	Streptococcus phage Cp-7	dsDNA	19741
Pelagimarinivirus		Mariniviridae	PQ625738.1	Pelagibacter virus vSAG-37-F6	dsDNA	59799
Dabrowskivirus		Mazoviaviridae	OQ846916	Alicyclobacillus myophage vB_Aac_IAFB_3916	dsDNA	120131
Abidjanvirus	Bradleyvirinae	Mesyanzhinovviridae	LN610577	Pseudomonas phage vB_PaeS_PAO1_Ab18	dsDNA	56537
Abidjanvirus	Bradleyvirinae	Mesyanzhinovviridae	LN610584	Pseudomonas phage vB_PaeS_PAO1_Ab19	dsDNA	58139
Bosavirus	Bradleyvirinae	Mesyanzhinovviridae	OL674541	Stenotrophomonas phage vB_SmaS-AXL_1	dsDNA	63962
Bosavirus	Bradleyvirinae	Mesyanzhinovviridae	LR743532	Xanthomonas phage Bosa	dsDNA	63828
Cinvestavvirus	Bradleyvirinae	Mesyanzhinovviridae	JQ067093	Pseudomonas phage PaMx74	dsDNA	58637
Docaquintavirus	Bradleyvirinae	Mesyanzhinovviridae	ON932079	Xanthomonas phage vB_Xar_IVIA-DoCa5	dsDNA	56408
Donnerlittchenvirus	Bradleyvirinae	Mesyanzhinovviridae	ON529854	Janthinobacterium phage vB_JliM-Donnerlittchen	dsDNA	58220
Elanorvirus	Bradleyvirinae	Mesyanzhinovviridae	ON189045	Xanthomonas phage Elanor	dsDNA	62341
Epaquintavirus	Bradleyvirinae	Mesyanzhinovviridae	MT108725	Pseudomonas phage Epa5	dsDNA	64096
Ghuizhouvirus	Bradleyvirinae	Mesyanzhinovviridae	ON005621	Stenotrophomonas phage A1432	dsDNA	61660
Mallosvirus	Bradleyvirinae	Mesyanzhinovviridae	ON189047	Xanthomonas phage Mallos	dsDNA	59242
Pamexvirus	Bradleyvirinae	Mesyanzhinovviridae	KU204984	Pseudomonas phage AAT-1	dsDNA	57599
Pamexvirus	Bradleyvirinae	Mesyanzhinovviridae	JQ067089	Pseudomonas phage PaMx28	dsDNA	55108
Xooduovirus	Bradleyvirinae	Mesyanzhinovviridae	ON331942	Stenotrophomonas phage vB_Sm_QDWS359	dsDNA	61862
Xooduovirus	Bradleyvirinae	Mesyanzhinovviridae	KX241618	Xanthomonas phage Xoo-sp2	dsDNA	60497
Vojvodinavirus	Rabinowitzvirinae	Mesyanzhinovviridae	KY000218	Bordetella phage CN1	dsDNA	60160
Vojvodinavirus	Rabinowitzvirinae	Mesyanzhinovviridae	KY000219	Bordetella phage CN2	dsDNA	62030
Yuavirus	Rabinowitzvirinae	Mesyanzhinovviridae	PP661417	Pseudomonas phage Bella	dsDNA	62260
Yuavirus	Rabinowitzvirinae	Mesyanzhinovviridae	OQ992553	Pseudomonas phage Clover	dsDNA	61543
Keylargovirus		Mesyanzhinovviridae	AY576273	Alphaproteobacteria phage PhiJL001	dsDNA	63649
Mollyvirus		Molycolviridae	MT732450	Maribacter phage Colly_1	dsDNA	124169
Mollyvirus		Molycolviridae	MT732451	Maribacter phage Molly_1	dsDNA	124695
Kuravirus	Gordonclarkvirinae	Mtkvariviridae	MZ234028	Escherichia phage vB_EcoP-CHD5UKE1	dsDNA	77359
Kuravirus	Gordonclarkvirinae	Mtkvariviridae	MN715356	Escherichia phage vB_EcoP_EcoN5	dsDNA	76083
Nieuwekanaalvirus	Gordonclarkvirinae	Mtkvariviridae	MG748548	Escherichia phage EP335	dsDNA	76622
Nieuwekanaalvirus	Gordonclarkvirinae	Mtkvariviridae	KF981730	Escherichia phage KBNP1711	dsDNA	76184
Suseptimavirus	Gordonclarkvirinae	Mtkvariviridae	MZ234017	Escherichia phage vB_EcoP-101114UKE3	dsDNA	75747
Suseptimavirus	Gordonclarkvirinae	Mtkvariviridae	JX415536	Escherichia phage ECBP2	dsDNA	77315
Noahvirus		Naomviridae	MN602266	Bacteriophage DSS3_VP1	dsDNA	75087
Dewhirstvirus		Nixviridae	BK068097	Porphyromonas phage phage016a_WW2866	dsDNA	49563
Dewhirstvirus		Nixviridae	BK068098	Porphyromonas phage phage017a_JCVISC001	dsDNA	47852
Excelsiorvirus		Nixviridae	BK068107	Porphyromonas phage phage026a_KCOM2802	dsDNA	42164
Haasevirus		Nixviridae	BK068106	Porphyromonas phage phage025a_SJD11	dsDNA	44366
Haasevirus		Nixviridae	BK068108	Porphyromonas phage phage027a_F0568	dsDNA	44137
Nixvirus		Nixviridae	BK068113	Porphyromonas phage phage032a_KCOM2801	dsDNA	41939
Schifferlevirus		Nixviridae	BK068101	Porphyromonas phage phage020a_SJD2	dsDNA	43493
Schifferlevirus		Nixviridae	BK068103	Porphyromonas phage phage022a_WW2931	dsDNA	44472
Bonaevitaevirus	Pelczarvirinae	Orlajensenviridae	MH045556	Microbacterium phage BonaeVitae	dsDNA	17451
Efekovirus	Pelczarvirinae	Orlajensenviridae	MH825700	Microbacterium phage Efeko	dsDNA	17491
Paopuvirus	Pelczarvirinae	Orlajensenviridae	MN585990	Microbacterium phage Azizam	dsDNA	17385
Paopuvirus	Pelczarvirinae	Orlajensenviridae	MT521990	Microbacterium phage Bri160	dsDNA	17442
Bacelvirus		Pachyviridae	KC821622	Cellulophaga phage phi46:3	dsDNA	72961
Baltivirus		Pachyviridae	KC821633	Cellulophaga phage phi13:2	dsDNA	72369
Baltivirus		Pachyviridae	KC821620	Cellulophaga phage phi18:3	dsDNA	71443
Gundelvirus		Pachyviridae	MT732474	Tenacibaculum phage Gundel_1	dsDNA	78833
Acarajevirus		Peduoviridae	PP316168	Ralstonia phage AB1	dsDNA	41668
Aptresvirus		Peduoviridae	KP966108	Burkholderia phage AP3	dsDNA	36499
Aptresvirus		Peduoviridae	MT701591	Burkholderia phage Mana	dsDNA	38038
Aresaunavirus		Peduoviridae	AB276040	Ralstonia phage RSA1	dsDNA	38760
Aresaunavirus		Peduoviridae	MG747435	Ralstonia phage RsoM1USA	dsDNA	39309
Arsenicumvirus		Peduoviridae	MZ568829	Shewanella phage vB_SspM_M16-3	dsDNA	40166
Arsyunavirus		Peduoviridae	AB981169	Ralstonia phage RSY1	dsDNA	40002
Baylorvirus		Peduoviridae	KP137436	Mannheimia phage vB_MhM_1127AP1	dsDNA	36745
Baylorvirus		Peduoviridae	DQ426904	Mannheimia phage PHL101	dsDNA	34525
Bielevirus		Peduoviridae	OP484843	Aeromonas phage A051	dsDNA	32212
Bielevirus		Peduoviridae	DQ674738	Aeromonas phage phiO18P	dsDNA	33985
Bracchivirus		Peduoviridae	MF417929	uncultured Caudovirales phage clone 2F_1	dsDNA	32618
Canoevirus		Peduoviridae	MG592573	Vibrio phage 1.202.O._10N.222.45.E8	dsDNA	32014
Catalunyavirus		Peduoviridae	KY045851	Pseudoalteromonas phage C5a	dsDNA	35209
Citexvirus		Peduoviridae	MK511066	Pseudomonas phage vB_Pae_BR319a	dsDNA	35343
Citexvirus		Peduoviridae	MK034952	Pseudomonas phage Dobby	dsDNA	37152
Dagavirus		Peduoviridae	MK422453	Klebsiella phage ST13-OXA48phi12.1	dsDNA	39086
Duodecimduovirus		Peduoviridae	CP000624	Burkholderia phage phiE12-2	dsDNA	36690
Duonihilunusvirus		Peduoviridae	OM046627	Yersinia phage vB_YenM_56.17	dsDNA	33247
Duonihilunusvirus		Peduoviridae	OM046626	Yersinia phage vB_YenM_06.16-2	dsDNA	29546
Eganvirus		Peduoviridae	MZ520833	Salmonella phage BIS20	dsDNA	29512
Eganvirus		Peduoviridae	MF276773	Erwinia phage EtG	dsDNA	30413
Elveevirus		Peduoviridae	KY271398	Klebsiella phage 4LV2017	dsDNA	33540
Elveevirus		Peduoviridae	OV696611	Escherichia phage Cartapus	dsDNA	33368
Entnonagintavirus		Peduoviridae	HQ110084	Erwinia phage ENT90	dsDNA	29564
Evevirus		Peduoviridae	LR597637	Escherichia phage ESSI2_ev239	dsDNA	29203
Felsduovirus		Peduoviridae	AE006468.2	Salmonella phage Fels2	dsDNA	4857450
Felsduovirus		Peduoviridae	QUVN01000024.1	Salmonella phage IN60	dsDNA	34704
Finvirus		Peduoviridae	CP038625.1	Arsenophonus phage FIN13	dsDNA	33626
Firavirus		Peduoviridae	OM046624	Yersinia phage vB_YenM_42.18	dsDNA	36481
Gegavirus		Peduoviridae	MK433578	Klebsiella phage ST15-OXA48phi14.1	dsDNA	33839
Gegevirus		Peduoviridae	MK416011	Klebsiella phage ST437-OXA245phi4.1	dsDNA	39642
Gemsvirus		Peduoviridae	CP025901	Escherichia phage 500465-2	dsDNA	33041
Graikaemvirus		Peduoviridae	OM140653	Yersinia phage vB_YenM_31.17	dsDNA	32949
Hpunavirus		Peduoviridae	U24159.1	Haemophilus phage HP1	dsDNA	32355
Hpunavirus		Peduoviridae	AY027935	Haemophilus phage HP2	dsDNA	31508
Inibicvirus		Peduoviridae	ON470592.1	Escherichia phage vB_EcoM-613R3	dsDNA	44992
Irrigatiovirus		Peduoviridae	MK972712	Salmonella phage SI7	dsDNA	30164
Irtavirus		Peduoviridae	OQ025560	Pasteurella phage vB_PmuM_CFP3	dsDNA	32696
Irtavirus		Peduoviridae	DQ114220	Pasteurella phage F108	dsDNA	30505
Kapieceevirus		Peduoviridae	MK422449	Klebsiella phage ST512-KPC3phi13.2	dsDNA	32302
Kayeltresvirus		Peduoviridae	GU911304	Burkholderia phage KL3	dsDNA	40555
Kayeltresvirus		Peduoviridae	OM638610	Burkholderia phage Menos	dsDNA	38792
Kisquattuordecimvirus		Peduoviridae	LC528882	Burkholderia phage FLC5 DNA	dsDNA	32090
Kisquattuordecimvirus		Peduoviridae	LC667452	Burkholderia phage FLC10	dsDNA	32867
Kisquinquevirus		Peduoviridae	ON642070	Burkholderia phage Carl1	dsDNA	37492
Kisquinquevirus		Peduoviridae	GU911303	Burkholderia phage KS5	dsDNA	37236
Longwoodvirus		Peduoviridae	AF125163	Bacteriophage K139	dsDNA	33106
Maltschvirus		Peduoviridae	LR797314	uncultured Caudovirales phage	dsDNA	36306
Nampongvirus		Peduoviridae	KC462197	Burkholderia phage ST79	dsDNA	35430
Novemvirus		Peduoviridae	MG589387	Enterobacter phage phiT5282H	dsDNA	31978
Peduovirus		Peduoviridae	OM475429	Escherichia phage 11W	dsDNA	31564
Peduovirus		Peduoviridae	OV192280	Escherichia phage AC1	dsDNA	33349
Phitrevirus		Peduoviridae	KT887559	Pseudomonas phage phi3	dsDNA	32637
Piscesmortuivirus		Peduoviridae	OL348188	Aeromonas phage vB_AsaM_LPM4	dsDNA	37312
Playavirus		Peduoviridae	KX774374	Salinivibrio phage SMHB1	dsDNA	32826
Plazymidvirus		Peduoviridae	CP023680.1	Zymomonas phage ZM36	dsDNA	36494
Plazymidvirus		Peduoviridae	CP023686.1	Zymomonas phage ZM41	dsDNA	40858
Quadragintavirus		Peduoviridae	LR597649	Escherichia phage ESSI2_ev015	dsDNA	30584
Quadragintavirus		Peduoviridae	LR597638	Escherichia phage ESSI2_ev040	dsDNA	30597
Reginaelenavirus		Peduoviridae	KY271397	Klebsiella phage 3LV2017	dsDNA	35100
Reipivirus		Peduoviridae	MK416015	Klebsiella phage ST16-OXA48phi5.4	dsDNA	38322
Sanguivirus		Peduoviridae	CP014526.1	Haematospirillum phage H5569V	dsDNA	32967
Senquatrovirus		Peduoviridae	KT630645	Salmonella phage SEN4	dsDNA	33509
Seongnamvirus		Peduoviridae	HQ110083	Cronobacter phage ESSI-2	dsDNA	28765
Simpcentumvirus		Peduoviridae	JQ809663	Stenotrophomonas phage Smp131	dsDNA	33525
Tigrvirus		Peduoviridae	OM304382	Burkholderia phage PhiBP82.2	dsDNA	36280
Tigrvirus		Peduoviridae	CP000623	Burkholderia phage phiE202	dsDNA	35741
Tresduoquattuorvirus		Peduoviridae	OM095401	Yersinia phage vB_YenM_324	dsDNA	29180
Valbvirus		Peduoviridae	MT662115	Vibrio phage ValB1MD-2	dsDNA	36616
Vimunumvirus		Peduoviridae	MK416018	Klebsiella phage ST147-VIM1phi7.1	dsDNA	34141
Vulnificusvirus		Peduoviridae	HG803181	Vibrio phage PV94	dsDNA	33828
Wadgaonvirus		Peduoviridae	CP025900	Escherichia phage 500465-1	dsDNA	39179
Xuanwuvirus		Peduoviridae	KP063541	Escherichia phage P88	dsDNA	35814
Xuanwuvirus		Peduoviridae	LR595891	Escherichia phage P88_4B11	dsDNA	37100
Yongunavirus		Peduoviridae	MN563793	Vibrio phage vB_ValM-yong1	dsDNA	33851
Yulgyerivirus		Peduoviridae	CP052639.1	Klebsiella phage E16KP0115V	dsDNA	32368
Callevirus		Pervagoviridae	MT732432	Cellulophaga phage Calle_1	dsDNA	72979
Callevirus		Pervagoviridae	KC821614	Cellulophaga phage phi38:1	dsDNA	72534
Corunyavirus		Pituviridae	MK422452	Klebsiella phage ST13-OXA48phi12.2	dsDNA	34141
Keypisivirus		Pituviridae	MK416017	Klebsiella phage ST101-KPC2phi6.3	dsDNA	43942
Oxavirus		Pituviridae	MK422450	Klebsiella phage ST13-OXA48phi12.4	dsDNA	59049
Pituvirus		Pituviridae	PQ351753	Klebsiella phage vB_VIPKPNMC05	dsDNA	34476
Samsivirus		Pituviridae	OK490458	Klebsiella phage Kp4880-2	dsDNA	39508
Vimivirus		Pituviridae	OK490474	Klebsiella phage Kp4887-3	dsDNA	40133
Vimivirus		Pituviridae	MK448232	Klebsiella phage ST147-VIM1phi7.2	dsDNA	34200
Xubiasivirus		Pituviridae	ON470608	Escherichia phage vB_EcoS-733R5	dsDNA	46651
Trinifflemingvirus	Staniewskivirinae	Pootjesviridae	MN988532	Rhizobium phage RHph_I1_9	dsDNA	154206
Trinifflemingvirus	Staniewskivirinae	Pootjesviridae	MN988534	Rhizobium phage RHph_N34	dsDNA	153811
Emnonavirus		Pootjesviridae	KP881232	Sinorhizobium phage phiM9	dsDNA	149218
Heverleevirus		Pootjesviridae	MT234342	Agrobacterium phage OLIVR5	dsDNA	151073
Innesvirus		Pootjesviridae	MT778837	Rhizobium phage AF3	dsDNA	156186
Innesvirus		Pootjesviridae	KM199770	Rhizobium phage vB_RleM_P10VF	dsDNA	156446
Rollinsvirus		Pootjesviridae	MF403007	Agrobacterium phage Atu_ph04	dsDNA	143349
Andhravirus	Rakietenvirinae	Rountreeviridae	KY442063	Staphylococcus phage Andhra	dsDNA	18546
Andhravirus	Rakietenvirinae	Rountreeviridae	MT596500	Staphylococcus phage BESEP3	dsDNA	18271
Rosenblumvirus	Rakietenvirinae	Rountreeviridae	MG766218	Staphylococcus phage vB_SauP_phiAGO1.3	dsDNA	17603
Rosenblumvirus	Rakietenvirinae	Rountreeviridae	KM366100	Staphylococcus phage BP39	dsDNA	17641
Copernicusvirus	Sarlesvirinae	Rountreeviridae	MT757399	Enterococcus phage AE4_17	dsDNA	18477
Copernicusvirus	Sarlesvirinae	Rountreeviridae	MK721188	Enterococcus phage vB_EfaP_Ef6.2	dsDNA	17966
Minhovirus	Sarlesvirinae	Rountreeviridae	KT945995	Enterococcus phage vB_EfaP_IME199	dsDNA	18838
Minhovirus	Sarlesvirinae	Rountreeviridae	MK360025	Enterococcus phage vB_EfaP_Zip	dsDNA	18742
Fischettivirus		Rountreeviridae	AY212251	Streptococcus phage C1	dsDNA	16687
Negarvirus		Rountreeviridae	KJ528544	Lactococcus phage WP-2	dsDNA	18899
Arthrovirus		Saffermanviridae	MT457475	Arthronema virus TR020	dsDNA	44805
Kozyakovvirus		Saffermanviridae	KF356198	Anabaena phage A-4L	dsDNA	41750
Morrisvirus		Saffermanviridae	ON677538	Plectonema phage JingP1	dsDNA	40797
Morrisvirus		Saffermanviridae	OP589309	Leptolyngbya phage LPP-1	dsDNA	41561
Wumpquatrovirus		Saffermanviridae	OM897575	Leptolyngbya phage Lbo240-yong1	dsDNA	39740
Wumpquatrovirus		Saffermanviridae	DQ875742	Phormidium phage Pf-WMP4	dsDNA	40938
Wumptrevirus		Saffermanviridae	OP590147	Leptolyngbya phage LPP-2, strain SPI	dsDNA	42319
Wumptrevirus		Saffermanviridae	KF598865	Cyanophage PP	dsDNA	42480
Claudivirus	Northropvirinae	Salasmaviridae	KX349899	Bacillus phage Aurora	dsDNA	25908
Claudivirus	Northropvirinae	Salasmaviridae	MT777452	Bacillus phage Baseball_field	dsDNA	26863
Hemphillvirus	Northropvirinae	Salasmaviridae	OQ187816	Bacillus phage BC-5	dsDNA	25439
Hemphillvirus	Northropvirinae	Salasmaviridae	MK284526	Bacillus phage DK1	dsDNA	27180
Klosterneuburgvirus	Northropvirinae	Salasmaviridae	KC685370	Bacillus phage MG-B1	dsDNA	27190
Layangcvirus	Northropvirinae	Salasmaviridae	ON366412	Bacillus phage vB_BceP_LY3	dsDNA	28124
Bahkauvirus	Picovirinae	Salasmaviridae	ON042750	Bacillus phage Chedec 11	dsDNA	17798
Beecentumtrevirus	Picovirinae	Salasmaviridae	X99260	Bacillus phage B103	dsDNA	18630
Beecentumtrevirus	Picovirinae	Salasmaviridae	KU831549	Bacillus phage vB_BsuP-Goe1	dsDNA	18379
Salasvirus	Picovirinae	Salasmaviridae	MF407276	Bacillus phage vB_BveP-Goe6	dsDNA	19105
Salasvirus	Picovirinae	Salasmaviridae	MT459794	Bacillus phage Gxv1	dsDNA	21781
Gaunavirus	Tatarstanvirinae	Salasmaviridae	X96987	Bacillus phage GA1	dsDNA	21129
Gaunavirus	Tatarstanvirinae	Salasmaviridae	MN857617	Bacillus phage SRT01hs	dsDNA	20784
Karezivirus	Tatarstanvirinae	Salasmaviridae	MN082625	Bacillus phage Karezi	dsDNA	20083
Bundooravirus		Salasmaviridae	MN524844	Bacillus phage vB_Bpu_PumA1	dsDNA	18466
Bundooravirus		Salasmaviridae	MN524845	Bacillus phage vB_Bpu_PumA2	dsDNA	18932
Harambevirus		Salasmaviridae	KY921761	Bacillus phage BeachBum	dsDNA	21054
Harambevirus		Salasmaviridae	KY821088	Bacillus phage Harambe	dsDNA	21684
Huangshavirus		Salasmaviridae	MW012634	Bacillus phage Dlc1	dsDNA	28950
Mingyongvirus		Salasmaviridae	KT780304	Bacillus phage VMY22	dsDNA	18609
Cornellvirus	Guernseyvirinae	Sarkviridae	ON720976	Salmonella phage GRNsp27	dsDNA	41187
Cornellvirus	Guernseyvirinae	Sarkviridae	MK479295	Salmonella phage vB_SenS_SE1	dsDNA	40987
Jerseyvirus	Guernseyvirinae	Sarkviridae	JX297445	Salmonella phage vB_SenS_AG11	dsDNA	41546
Jerseyvirus	Guernseyvirinae	Sarkviridae	MT074473	Salmonella phage blauehaus	dsDNA	41993
Kagunavirus	Guernseyvirinae	Sarkviridae	KY295895	Escherichia phage G_AB-2017	dsDNA	41519
Kagunavirus	Guernseyvirinae	Sarkviridae	MG099933	Escherichia phage vB_EcoS-Golestan	dsDNA	44829
Otakuvirus		Sarkviridae	ON087563	Serratia phage vB_SmaM-Otaku	dsDNA	39857
Otakuvirus		Sarkviridae	MW082583	Serratia phage Tsm2	dsDNA	39799
Seretavirus		Sarkviridae	KC460990	Serratia phage Eta	dsDNA	42724
Atduovirus	Brisouvirinae	Schitoviridae	PQ656108	Acinetobacter phage At2	dsDNA	75793
Exceevirus	Brisouvirinae	Schitoviridae	MN508356	Acinetobacter phage VB_ApiP_XC38	dsDNA	79328
Nacbunavirus	Brisouvirinae	Schitoviridae	OQ032511	Acinetobacter phage nACB1	dsDNA	79638
Acanvirus	Demetervirinae	Schitoviridae	MW980066	Rhizobium phage RHEph16	dsDNA	77178
Acanvirus	Demetervirinae	Schitoviridae	MW980071	Rhizobium phage RHEph22	dsDNA	77655
Cyamitesvirus	Demetervirinae	Schitoviridae	MN988555	Rhizobium phage RHph_I1_6	dsDNA	77174
Cyamitesvirus	Demetervirinae	Schitoviridae	MN988517	Rhizobium phage RHph_N38	dsDNA	78126
Enquatrovirus	Enquatrovirinae	Schitoviridae	EF056009	Escherichia phage N4	dsDNA	70153
Gamaleyavirus	Enquatrovirinae	Schitoviridae	OZ035810	Escherichia phage AN24P2	dsDNA	71225
Gamaleyavirus	Enquatrovirinae	Schitoviridae	KF192075	Escherichia phage vB_EcoP_PhAPEC5	dsDNA	71248
Kaypoctavirus	Enquatrovirinae	Schitoviridae	PQ741797	Klebsiella phage vB_KoxiM_BaqKoxi	dsDNA	72063
Kaypoctavirus	Enquatrovirinae	Schitoviridae	PV533664	Klebsiella phage vB_KpiP_JZBo1	dsDNA	71520
Moovirus	Enquatrovirinae	Schitoviridae	MZ358387	Shigella virus Moo19	dsDNA	72458
Johnsonvirus	Erskinevirinae	Schitoviridae	KF806588	Erwinia phage Ea9-2	dsDNA	75568
Johnsonvirus	Erskinevirinae	Schitoviridae	KX098389	Erwinia phage vB_EamP_Frozen	dsDNA	75147
Yonginvirus	Erskinevirinae	Schitoviridae	MH160392	Erwinia phage phiEaP8	dsDNA	75929
Matsuvirus	Fuhrmanvirinae	Schitoviridae	JF974296	Pseudoalteromonas phage pYD6-A	dsDNA	76802
Stoningtonvirus	Fuhrmanvirinae	Schitoviridae	OR204649	Vibrio phage PJN101	dsDNA	76884
Stoningtonvirus	Fuhrmanvirinae	Schitoviridae	HQ634194	Vibrio phage VBP47	dsDNA	76705
Pacinivirus	Gaffkyvirinae	Schitoviridae	KP280062	Vibrio phage phi 1	dsDNA	66708
Pacinivirus	Gaffkyvirinae	Schitoviridae	OP313112	Vibrio phage 12VC501	dsDNA	70732
Vicoquintavirus	Gaffkyvirinae	Schitoviridae	KY612839	Vibrio phage pVco-5	dsDNA	74325
Cavevirus	Gebvirinae	Schitoviridae	OM158235	Stenotrophomonas phage C121	dsDNA	73045
Dowsonvirus	Gebvirinae	Schitoviridae	OP562166	Xanthomonas virus PB119	dsDNA	76147
Philippevirus	Gebvirinae	Schitoviridae	MZ326861	Stenotrophomonas phage Philippe	dsDNA	74717
Pokkenvirus	Gebvirinae	Schitoviridae	MZ326856	Stenotrophomonas phage Paxi	dsDNA	74962
Pokkenvirus	Gebvirinae	Schitoviridae	MZ326857	Stenotrophomonas phage Piffle	dsDNA	76332
Riverridervirus	Gebvirinae	Schitoviridae	MG983743	Xanthomonas phage RiverRider	dsDNA	76335
Ithacavirus	Humphriesvirinae	Schitoviridae	PQ785583	Salmonella phage As2	dsDNA	72939
Ithacavirus	Humphriesvirinae	Schitoviridae	OM858838	Shigella phage B2	dsDNA	71028
Pollockvirus	Humphriesvirinae	Schitoviridae	KM236242	Escherichia phage Pollock	dsDNA	68365
Pylasvirus	Humphriesvirinae	Schitoviridae	MN163281	Klebsiella phage KpCHEMY26	dsDNA	70678
Pylasvirus	Humphriesvirinae	Schitoviridae	PP056534	Klebsiella phage MY01	dsDNA	70820
Triduovirus	Humphriesvirinae	Schitoviridae	MW544066	Salmonella phage vB_SalP_TR2	dsDNA	70823
Litunavirus	Migulavirinae	Schitoviridae	HG962375	Pseudomonas phage vB_PaeP_C2-10_Ab09	dsDNA	72028
Litunavirus	Migulavirinae	Schitoviridae	ON857943	Pseudomonas phage vB_PaeP_FBPa1	dsDNA	72814
Luzseptimavirus	Migulavirinae	Schitoviridae	LC064302	Pseudomonas phage KPP21	dsDNA	73420
Luzseptimavirus	Migulavirinae	Schitoviridae	FN422398	Pseudomonas phage LUZ7	dsDNA	74901
Dorisvirus	Pontosvirinae	Schitoviridae	MG592470	Vibrio phage 1.097.O._10N.286.49.B3	dsDNA	76918
Galateavirus	Pontosvirinae	Schitoviridae	KX889068	Vibrio phage vB_VspP_pVa5	dsDNA	78145
Nahantvirus	Pontosvirinae	Schitoviridae	MG592410	Vibrio phage 1.026.O._10N.222.49.C7	dsDNA	75880
Aoqinvirus	Rhodovirinae	Schitoviridae	KU885989	Roseobacter phage RD-1410W1-01	dsDNA	72674
Aorunvirus	Rhodovirinae	Schitoviridae	FJ591094	Sulfitobacter phage EE36phi1	dsDNA	73325
Aorunvirus	Rhodovirinae	Schitoviridae	MH015250	Ruegeria phage vB_RpoP-V12	dsDNA	74675
Axvirus	Rhodovirinae	Schitoviridae	OQ722443	Sulfitobacter phage vB_SupP_AX	dsDNA	75445
Baltimorevirus	Rhodovirinae	Schitoviridae	KJ621082	Dinoroseobacter phage DFL12phi1	dsDNA	75028
Gonggongvirus	Rhodovirinae	Schitoviridae	MZ773648	Dinoroseobacter phage vB_DshP-R7L	dsDNA	75871
Plymouthvirus	Rhodovirinae	Schitoviridae	FR719956	Roseovarius phage vB_RsvN_RPP1; Roseovarius Plymouth podophage 1	dsDNA	74704
Pomeroyivirus	Rhodovirinae	Schitoviridae	MH015256	Ruegeria phage vB_RpoP-V13	dsDNA	74830
Raunefjordenvirus	Rhodovirinae	Schitoviridae	HQ317387	Sulfitobacter phage phiCB2047-B	dsDNA	74485
Sanyabayvirus	Rhodovirinae	Schitoviridae	KU885988	Dinoroseobacter phage DS-1410Ws-06	dsDNA	76466
Dongdastvirus	Rothmandenesvirinae	Schitoviridae	KT321317	Achromobacter phage phiAxp-3	dsDNA	72825
Dongdastvirus	Rothmandenesvirinae	Schitoviridae	MK962626	Achromobacter phage vB_AxyP_19-32_Axy04	dsDNA	73834
Inbricusvirus	Rothmandenesvirinae	Schitoviridae	MG018928	Pseudomonas phage inbricus	dsDNA	70211
Jwalphavirus	Rothmandenesvirinae	Schitoviridae	KF787095	Achromobacter phage JWAlpha	dsDNA	72329
Pourcelvirus	Rothmandenesvirinae	Schitoviridae	MK962629	Achromobacter phage vB_AxyP_19-32_Axy10	dsDNA	73898
Pourcelvirus	Rothmandenesvirinae	Schitoviridae	MK962630	Achromobacter phage vB_AxyP_19-32_Axy11	dsDNA	73413
Cbunavirus	Waldeevirinae	Schitoviridae	KY769270	Pectobacterium phage phiA41	dsDNA	75764
Cbunavirus	Waldeevirinae	Schitoviridae	KY514264	Pectobacterium phage vB_PatP_CB1	dsDNA	76041
Efbeekayvirus	Waldeevirinae	Schitoviridae	OP413831	Klebsiella phage pKP-BM327-1.1	dsDNA	76442
Efbeekayvirus	Waldeevirinae	Schitoviridae	OP413827	Klebsiella phage pKP-BM327-1.2	dsDNA	76991
Ekoctavirus	Waldeevirinae	Schitoviridae	PQ805430	Escherichia phage EK8	dsDNA	75084
Mifoctavirus	Waldeevirinae	Schitoviridae	PP700702	Erwinia phage MIF8	dsDNA	74857
Sabivirus	Waldeevirinae	Schitoviridae	PQ864023	Enterobacter phage vB_Ecl_SABI	dsDNA	76175
Aquintavirus		Schitoviridae	OP481051	Alteromonas phage vB_AemP_PT15-A5	dsDNA	75104
Aracevirus		Schitoviridae	PP179312	Pseudomonas phage Arace01	dsDNA	76815
Dendoorenvirus		Schitoviridae	KM879221	Delftia phage RG-2014	dsDNA	73882
Dongfangvirus		Schitoviridae	OM687511	Burkholderia phage vB_BpP_HN01	dsDNA	71398
Dongfangvirus		Schitoviridae	PP079243	Burkholderia phage vB_BpP_HN02	dsDNA	73420
Eceepunavirus		Schitoviridae	HQ641380	Enterobacter phage EcP1	dsDNA	59080
Electravirus		Schitoviridae	MK301608	Vibrio virus vB_VspP_SBP1	dsDNA	78071
Geeundevigintivirus		Schitoviridae	PV483189	Pantoea phage G19	dsDNA	72819
Huelvavirus		Schitoviridae	MN228696	Sinorhizobium phage ort11	dsDNA	75239
Littlefixvirus		Schitoviridae	MH179480	Pseudomonas phage 98PfluR60PP	dsDNA	74361
Littlefixvirus		Schitoviridae	MG775260	Pseudomonas phage Littlefix	dsDNA	74895
Manannanvirus		Schitoviridae	OZ195695	Vibrio phage D456 g1	dsDNA	72254
Mukerjeevirus		Schitoviridae	MG592591	Vibrio phage 1.224.A._10N.261.48.B1	dsDNA	71915
Mukerjeevirus		Schitoviridae	MG592554	Vibrio phage 1.188.A._10N.286.51.A6	dsDNA	72305
Oliverunavirus		Schitoviridae	MT234338	Agrobacterium phage OLIVR1	dsDNA	75576
Pariacacavirus		Schitoviridae	MG592603	Vibrio phage 1.238.A._10N.261.52.F10	dsDNA	70494
Pariacacavirus		Schitoviridae	MG592610	Vibrio phage 1.245.O._10N.261.54.C7	dsDNA	71702
Pastisvirus		Schitoviridae	OQ818705	Erwinia phage Pastis	dsDNA	74269
Peegeeundecimvirus		Schitoviridae	OP745480	Vibrio phage vB_VhaP_PG11	dsDNA	71841
Penintadodekavirus		Schitoviridae	MN584918	Vibrio phage phi50-12	dsDNA	68059
Petruschkyvirus		Schitoviridae	OK149171	Alcaligenes phage vB_Af_QDWS595	dsDNA	70466
Presleyvirus		Schitoviridae	KF669658	Acinetobacter phage Presley	dsDNA	77792
Roskoffvirus		Schitoviridae	OZ195759	Vibrio phage D500	dsDNA	78341
Shizishanvirus		Schitoviridae	MH382836	Pseudomonas phage phCDa	dsDNA	72821
Varunavirus		Schitoviridae	MZ447858	Vibrio phage BUCT194	dsDNA	73099
Varunavirus		Schitoviridae	OR102882	Vibrio phage vB_VpaP-MS02	dsDNA	76865
Viundeviginityvirus		Schitoviridae	OP751378	Alteromonas phage vB_AmeP_PT11-V19	dsDNA	71326
Waedenswilvirus		Schitoviridae	HQ728266	Erwinia phage vB_EamP-S6	dsDNA	74669
Xoxocotlavirus		Schitoviridae	MW960036	Rhizobium phage RHph_X2_28B	dsDNA	76359
Zicotriavirus		Schitoviridae	KU356690	Pseudomonas phage ZC03	dsDNA	69844
Zicotriavirus		Schitoviridae	KU356691	Pseudomonas phage ZC08	dsDNA	70774
Zurivirus		Schitoviridae	PV565042	Pseudomonas phage Ebordelon	dsDNA	74043
Zurivirus		Schitoviridae	PV565043	Pseudomonas phage Holyagarpour	dsDNA	75462
Clownvirus	Frickvirinae	Stackebrandtviridae	MT771343	Gordonia phage Clown	dsDNA	58203
Riverraidervirus	Frickvirinae	Stackebrandtviridae	PQ184823	Gordonia phage RiverRaider	dsDNA	56931
Wizardvirus	Frickvirinae	Stackebrandtviridae	MK864266	Gordonia phage Arri	dsDNA	58650
Wizardvirus	Frickvirinae	Stackebrandtviridae	MK937603	Gordonia phage Bakery	dsDNA	60468
Dexdertvirus	Schenleyvirinae	Stackebrandtviridae	MW314849	Gordonia phage Dexdert	dsDNA	55006
Dexdertvirus	Schenleyvirinae	Stackebrandtviridae	KR053200	Gordonia phage GTE6	dsDNA	56982
Kroosvirus	Schenleyvirinae	Stackebrandtviridae	MH651168	Gordonia phage Ashertheman	dsDNA	57555
Kroosvirus	Schenleyvirinae	Stackebrandtviridae	MH976509	Gordonia phage Bizzy	dsDNA	57312
Leonardvirus	Schenleyvirinae	Stackebrandtviridae	MH669000	Gordonia phage Ali17	dsDNA	58301
Leonardvirus	Schenleyvirinae	Stackebrandtviridae	MN586047	Gordonia phage EMoore	dsDNA	58844
Vividuovirus	Schenleyvirinae	Stackebrandtviridae	MH976507	Gordonia phage Ailee	dsDNA	58474
Vividuovirus	Schenleyvirinae	Stackebrandtviridae	MH651166	Gordonia phage Angelicage	dsDNA	59215
Zitchvirus	Schenleyvirinae	Stackebrandtviridae	ON755186	Gordonia phage APunk	dsDNA	59154
Zitchvirus	Schenleyvirinae	Stackebrandtviridae	ON456337	Gordonia phage Sampson	dsDNA	60152
Lilbeanievirus		Stackebrandtviridae	MW314850	Gordonia phage Lilbeanie	dsDNA	59210
Coruscantvirus	Boydwoodruffvirinae	Stanwilliamsviridae	MT711976	Streptomyces phage Coruscant	dsDNA	133697
Karimacvirus	Boydwoodruffvirinae	Stanwilliamsviridae	MH590599	Streptomyces phage Karimac	dsDNA	131909
Karimacvirus	Boydwoodruffvirinae	Stanwilliamsviridae	MH590597	Streptomyces phage LukeCage	dsDNA	133195
Samistivirus	Boydwoodruffvirinae	Stanwilliamsviridae	MT310865	Streptomyces phage Bmoc	dsDNA	132885
Samistivirus	Boydwoodruffvirinae	Stanwilliamsviridae	MN096371	Streptomyces phage Braelyn	dsDNA	131234
Tomasvirus	Boydwoodruffvirinae	Stanwilliamsviridae	OL829978	Streptomyces phage Tomas	dsDNA	134464
Annadreamyvirus	Loccivirinae	Stanwilliamsviridae	MH536811	Streptomyces phage Annadreamy	dsDNA	125726
Annadreamyvirus	Loccivirinae	Stanwilliamsviridae	MH536814	Streptomyces phage Blueeyedbeauty	dsDNA	130473
Faustvirus	Loccivirinae	Stanwilliamsviridae	MT684598	Streptomyces phage Faust	dsDNA	130666
Faustvirus	Loccivirinae	Stanwilliamsviridae	MW822145	Streptomyces phage TunaTartare	dsDNA	130929
Gilsonvirus	Loccivirinae	Stanwilliamsviridae	MH651172	Streptomyces phage Comrade	dsDNA	129015
Gilsonvirus	Loccivirinae	Stanwilliamsviridae	MK061412	Streptomyces phage Gilson	dsDNA	128338
Wakandavirus	Loccivirinae	Stanwilliamsviridae	MT024872	Streptomyces phage Muntaha	dsDNA	127551
Wakandavirus	Loccivirinae	Stanwilliamsviridae	MT024865	Streptomyces phage Wakanda	dsDNA	126614
Wilnyevirus	Loccivirinae	Stanwilliamsviridae	MG757153	Streptomyces phage BillNye	dsDNA	127084
Totsukavirus		Toyamaviridae	OP074812.1	Totsukavirus sp. isolate 2698_63430	dsDNA	64259
Ushigomevirus		Toyamaviridae	OP030930.1	Ushigomevirus sp. isolate 1319_99498	dsDNA	67924
Wadatovirus		Toyamaviridae	OP072217.1	Wadatovirus sp. isolate 2120_77420	dsDNA	62169
Rivavirus	Polsinellivirinae	Trautnerviridae	MN176219	Bacillus phage 000TH010	dsDNA	46276
Rivavirus	Polsinellivirinae	Trautnerviridae	MN176227	Bacillus phage 049ML001	dsDNA	45238
Splendidredvirus	Polsinellivirinae	Trautnerviridae	MH752385	Bacillus phage Ray17	dsDNA	43733
Splendidredvirus	Polsinellivirinae	Trautnerviridae	MN013088	Bacillus phage vB_BspS_SplendidRed	dsDNA	42859
Prospektnaukivirus		Trautnerviridae	MN604230	Bacillus phage vB_BcM_Sam112	dsDNA	45037
Moriyavirus		Umezonoviridae	OP072523.1	Moriyavirus sp. isolate 3108_57610	dsDNA	30869
Moriyavirus		Umezonoviridae	OP072636.1	Moriyavirus sp. isolate 3451_82951	dsDNA	30257
Namikivirus		Umezonoviridae	OP072489.1	Namikivirus sp. isolate 2995_93294	dsDNA	30267
Namikivirus		Umezonoviridae	OP072486.1	Namikivirus sp. isolate 2991_115465	dsDNA	30618
Dilongvirus	Gorskivirinae	Vandenendeviridae	OK040171	Pseudomonas phage PHB09	dsDNA	94844
Flaumdravirus	Gorskivirinae	Vandenendeviridae	KU130129	Pseudomonas phage vB_PsyM_KIL4	dsDNA	92816
Flaumdravirus	Gorskivirinae	Vandenendeviridae	KU130126	Pseudomonas phage vB_PsyM_KIL1	dsDNA	90552
Kremarvirus	Gorskivirinae	Vandenendeviridae	OM982620	Pseudomonas phage Kremar	dsDNA	97636
Kremarvirus	Gorskivirinae	Vandenendeviridae	MZ826350	Pseudomonas phage M5.1	dsDNA	98536
Omahavirus	Gorskivirinae	Vandenendeviridae	PP551948	Pseudomonas phage UNO-G1W1	dsDNA	98605
Otagovirus	Gorskivirinae	Vandenendeviridae	MN905160	Pseudomonas phage PE09	dsDNA	99455
Otagovirus	Gorskivirinae	Vandenendeviridae	MW175491	Pseudomonas phage PN09	dsDNA	99229
Shenlongvirus	Gorskivirinae	Vandenendeviridae	MF893340	Pseudomonas phage PPSC2	dsDNA	97330
Tartuvirus	Gorskivirinae	Vandenendeviridae	PP496413	Pseudomonas phage vB_PpuM-Amme-3	dsDNA	96653
Tartuvirus	Gorskivirinae	Vandenendeviridae	PP496414	Pseudomonas phage vB_PpuM-KoPa-4	dsDNA	97357
Torinovirus	Gorskivirinae	Vandenendeviridae	MT740307	Pseudomonas phage phiK7A1	dsDNA	98780
Uavernvirus	Gorskivirinae	Vandenendeviridae	MZ605293	Pseudomonas phage UAVern	dsDNA	101574
Ventosusvirus	Gorskivirinae	Vandenendeviridae	MG018930	Pseudomonas phage ventosus	dsDNA	97425
Weillhallvirus	Gorskivirinae	Vandenendeviridae	OR001909	Pseudomonas phage 16Q	dsDNA	94627
Yunamivirus	Gorskivirinae	Vandenendeviridae	OR500437	Pseudomonas phage vB_PF_Y1-MI	dsDNA	93233
Baldwinvirus	Skurskavirinae	Vandenendeviridae	ON169972	Pseudomonas phage EM	dsDNA	94775
Pakpunavirus	Skurskavirinae	Vandenendeviridae	OQ225162	Pseudomonas phage vB_PaeS_B8	dsDNA	92835
Pakpunavirus	Skurskavirinae	Vandenendeviridae	OQ225163	Pseudomonas phage vB_PaeM_B31	dsDNA	92420
Chemalvirus		Vandenendeviridae	OR575930	Pseudomonas phage PseuGes_254	dsDNA	95072
Nankokuvirus		Vandenendeviridae	LN610573	Pseudomonas phage vB_PaeM_PAO1_Ab03	dsDNA	86246
Nankokuvirus		Vandenendeviridae	KY994101	Pseudomonas phage vB_PaeM_G1	dsDNA	87646
Bromdenvirus	Lclasvirinae	Vilmaviridae	MH576973	Mycobacterium phage Bromden	dsDNA	70183
Bromdenvirus	Lclasvirinae	Vilmaviridae	MN234187	Mycobacterium phage DyoEdafos	dsDNA	77566
Bronvirus	Lclasvirinae	Vilmaviridae	HM152763	Mycobacterium phage LeBron	dsDNA	73453
Bronvirus	Lclasvirinae	Vilmaviridae	MK310144	Mycobacterium phage CicholasNage	dsDNA	71059
Faithunavirus	Lclasvirinae	Vilmaviridae	KT591489	Mycobacterium phage Archie	dsDNA	76271
Faithunavirus	Lclasvirinae	Vilmaviridae	MT758688	Mycobacterium phage CELFI	dsDNA	77086
Lumosvirus	Lclasvirinae	Vilmaviridae	MF140414	Mycobacterium phage Krypton555	dsDNA	76075
Lumosvirus	Lclasvirinae	Vilmaviridae	KT281791	Mycobacterium phage Lolly9	dsDNA	75816
Bongovirus	Mclasvirinae	Vilmaviridae	JN699628	Mycobacterium phage Bongo	dsDNA	80228
Bongovirus	Mclasvirinae	Vilmaviridae	MT658803	Mycobacterium phage Reindeer	dsDNA	82356
Nanosmitevirus	Mclasvirinae	Vilmaviridae	MW578836	Mycobacterium phage Nanosmite	dsDNA	82676
Reyvirus	Mclasvirinae	Vilmaviridae	MT658802	Mycobacterium phage Aziz	dsDNA	83412
Reyvirus	Mclasvirinae	Vilmaviridae	MT657341	Mycobacterium phage Estes	dsDNA	83601
Kumaovirus		Vilmaviridae	MG009575	Mycobacterium phage Kumao	dsDNA	70373
Wildcatvirus		Vilmaviridae	DQ398052	Mycobacterium phage Wildcat	dsDNA	78296
Peternellavirus		Winoviridae	MT732475	Winogradskyella phage Peternella_1	dsDNA	39649
Pippivirus		Winoviridae	MN812203	Flavobacterium phage vB_FspM_lotta8-1	dsDNA	34751
Pippivirus		Winoviridae	MN812205	Flavobacterium phage vB_FspM_pippi8-1	dsDNA	34711
Commandariavirus	Emilbogenvirinae	Zierdtviridae	OQ709208	Gordonia phage Commandaria	dsDNA	68064
Foxborovirus	Emilbogenvirinae	Zierdtviridae	MH779501	Gordonia phage Emianna	dsDNA	68190
Foxborovirus	Emilbogenvirinae	Zierdtviridae	MH727547	Gordonia phage Foxboro	dsDNA	67773
Gruunavirus	Emilbogenvirinae	Zierdtviridae	MG757157	Gordonia phage Flapper	dsDNA	67527
Gruunavirus	Emilbogenvirinae	Zierdtviridae	JF923797	Gordonia phage GRU1	dsDNA	65766
Kablunavirus	Emilbogenvirinae	Zierdtviridae	MH779499	Gordonia phage Buggaboo	dsDNA	68626
Kablunavirus	Emilbogenvirinae	Zierdtviridae	MF919510	Gordonia phage Kabluna	dsDNA	65869
Pleakleyvirus	Emilbogenvirinae	Zierdtviridae	MH576960	Gordonia phage Pleakley	dsDNA	64105
Skysandvirus	Emilbogenvirinae	Zierdtviridae	MK977699	Gordonia Phage Lollipop1437	dsDNA	67311
Skysandvirus	Emilbogenvirinae	Zierdtviridae	MF919542	Gordonia phage Patio	dsDNA	66251
Sukkupivirus	Emilbogenvirinae	Zierdtviridae	MK433272	Gordonia phage IDyn	dsDNA	65218
Sukkupivirus	Emilbogenvirinae	Zierdtviridae	MH669007	Gordonia phage Marietta	dsDNA	64370
Ceetrepovirus	Toshachvirinae	Zierdtviridae	MG198776	Corynebacterium phage C3PO	dsDNA	67383
Ceetrepovirus	Toshachvirinae	Zierdtviridae	MG198777	Corynebacterium phage Darwin	dsDNA	67743
Chunghsingvirus	Toshachvirinae	Zierdtviridae	DQ499600	Corynebacterium phage P1201	dsDNA	70579
Alegriavirus	Jacobvirinae	Zimmerviridae	LR595859	Escherichia phage 2B8	dsDNA	48763
Bievrevirus	Jacobvirinae	Zimmerviridae	LR595864	Escherichia phage 4A7	dsDNA	49168
Glaedevirus	Jacobvirinae	Zimmerviridae	LR595862	Escherichia phage 2H10	dsDNA	46288
Jouyvirus	Jacobvirinae	Zimmerviridae	LR597643	Escherichia phage ev017	dsDNA	50126
Jouyvirus	Jacobvirinae	Zimmerviridae	LR597636	Escherichia phage ev207	dsDNA	46685
Lambdavirus	Jacobvirinae	Zimmerviridae	EU078592	Escherichia phage DE3	dsDNA	42925
Lambdavirus	Jacobvirinae	Zimmerviridae	JQ182735	Escherichia phage HK629	dsDNA	47288
Nesevirus	Jacobvirinae	Zimmerviridae	LR597639	Escherichia phage ev243	dsDNA	45560
Nesevirus	Jacobvirinae	Zimmerviridae	LR595866	Escherichia phage 2G7b	dsDNA	47142
Radostvirus	Jacobvirinae	Zimmerviridae	LR597635	Escherichia phage ev099	dsDNA	47224
Dotonborivirus	Wollmanvirinae	Zimmerviridae	MF807953	Escherichia phage Ayreon	dsDNA	44708
Dotonborivirus	Wollmanvirinae	Zimmerviridae	AB285204	Enterobacteria phage cdtI	dsDNA	47021
Limmatquaivirus	Wollmanvirinae	Zimmerviridae	JQ182728	Enterobacteria phage mEp460	dsDNA	44510
Limmatquaivirus	Wollmanvirinae	Zimmerviridae	LR595868	Escherichia virus mEp460_4F5	dsDNA	42927
Vilvertvirus	Wollmanvirinae	Zimmerviridae	LR597641	Escherichia phage mEp460_ev081	dsDNA	45865
Essonnevirus		Zimmerviridae	NC_010393.1	Salmonella typhimurium phage Gifsy-1	dsDNA	45840
Schuylkillvirus		Zimmerviridae	NC_010391.1	Salmonella phage Fels-1	dsDNA	42723
Yvettevirus		Zimmerviridae	NC_010392.1	Salmonella typhimurium phage Gifsy-1	dsDNA	48491
Siovirus	Cobavirinae	Zobellviridae	AF189021	Roseobacter phage SIO1	dsDNA	39898
Siovirus	Cobavirinae	Zobellviridae	JQ809650	Celeribacter phage P12053L	dsDNA	38889
Veravirus	Cobavirinae	Zobellviridae	MF431616	Lentibacter phage vB_LenP_ICBM2	dsDNA	40907
Citrovirus		Zobellviridae	KP774835	Citrobacter phage CVT22	dsDNA	47636
Icepovirus		Zobellviridae	HQ641345	Vibrio phage ICP2	dsDNA	49675
Melvirus		Zobellviridae	KF302037	Pseudoalteromonas phage HP1	dsDNA	45035
Melvirus		Zobellviridae	KC751414	Pseudoalteromonas phage RIO-1	dsDNA	43882
Paundecimvirus		Zobellviridae	DQ163915	Pseudomonas phage PA11	dsDNA	49639
Salinovirus		Zobellviridae	JQ446452	Salinivibrio phage CW02	dsDNA	49390
Vipivirus		Zobellviridae	AY095314	Vibrio phage VpV262	dsDNA	46012
Mapvirus	Alphabravovirinae		JX901189	Mycobacterium phage FF47	dsDNA	47724
Mapvirus	Alphabravovirinae		KF024728	Mycobacterium phage Muddy	dsDNA	48228
Merionvirus	Alphabravovirinae		ON108645	Mycobacterium phage NoShow	dsDNA	52825
Siouxcentervirus	Alphabravovirinae		MK279840	Mycobacterium phage JacoRen57	dsDNA	52411
Amaduovirus	Alvaradovirinae		MT241607	Achromobacter phage AMA2	dsDNA	45901
Amaduovirus	Alvaradovirinae		KP202970	Achromobacter phage 83-24	dsDNA	48216
Nyaakvirus	Alvaradovirinae		MT241605	Achromobacter phage AMA1	dsDNA	46328
Nyaakvirus	Alvaradovirinae		MH746817	Achromobacter phage vB_Ade_ART	dsDNA	95343
Steinhofvirus	Alvaradovirinae		KP202969	Achromobacter phage JWX	dsDNA	49714
Steinhofvirus	Alvaradovirinae		OQ817844	Achromobacter phage SE2	dsDNA	45648
Haetaevirus	Andregratiavirinae		KT070867	Bacillus phage PBC2	dsDNA	168689
Kirovvirus	Andregratiavirinae		MW084976	Bacillus phage Kirov	dsDNA	165667
Denvervirus	Andrewesvirinae		MT939241	Enterococcus phage 9183	dsDNA	86301
Vipetofemvirus	Andrewesvirinae		MT119360	Enterococcus phage nattely	dsDNA	85669
Vipetofemvirus	Andrewesvirinae		MT119361	Enterococus phage vipetofem	dsDNA	85371
Arequatrovirus	Arquatrovirinae		JX262376	Streptomyces phage phiELB20	dsDNA	51160
Arequatrovirus	Arquatrovirinae		MH001460	Streptomyces phage Paedore	dsDNA	52743
Caelumvirus	Arquatrovirinae		MN234208	Streptomyces phage Alvy	dsDNA	53011
Caelumvirus	Arquatrovirinae		MK524524	Streptomyces phage Caelum	dsDNA	50374
Camvirus	Arquatrovirinae		MG298964	Streptomyces phage Alsaber	dsDNA	48803
Camvirus	Arquatrovirinae		KT186228	Streptomyces phage Amela	dsDNA	49452
Celiavirus	Arquatrovirinae		MN062705	Streptomyces phage Celia	dsDNA	50493
Hautrevirus	Arquatrovirinae		JX182369	Streptomyces phage phiHau3	dsDNA	50255
Janusvirus	Arquatrovirinae		MH669004	Streptomyces phage Hank144	dsDNA	50547
Janusvirus	Arquatrovirinae		MK392366	Streptomyces phage Janus	dsDNA	50632
Likavirus	Arquatrovirinae		KT124227	Streptomyces phage Aaronocolus	dsDNA	49562
Likavirus	Arquatrovirinae		KT152029	Streptomyces phage Caliburn	dsDNA	49949
Omarvirus	Arquatrovirinae		MF766044	Streptomyces phage Amethyst	dsDNA	49372
Omarvirus	Arquatrovirinae		MF766046	Streptomyces phage Diane	dsDNA	50483
Salutenavirus	Arquatrovirinae		MT708548	Streptomyces phage Salutena	dsDNA	51956
Sentinelvirus	Arquatrovirinae		MT701597	Streptomyces phage Sentinel	dsDNA	50272
Sentinelvirus	Arquatrovirinae		MT701594	Streptomyces phage Spernnie	dsDNA	50834
Yosifvirus	Arquatrovirinae		MH248947	Streptomyces phage Yosif	dsDNA	50129
Dubowvirus	Azeredovirinae		MK658834	Staphylococcus phage Baq_Sau1	dsDNA	44384
Dubowvirus	Azeredovirinae		AF424781	Staphylococcus phage phi 11	dsDNA	43604
Phietavirus	Azeredovirinae		MK290764	Staphylococcus phage B122	dsDNA	43108
Phietavirus	Azeredovirinae		KP893289	Staphylococcus phage B166	dsDNA	42881
Acadianvirus	Bclasvirinae		JN699007	Mycobacterium phage Acadian	dsDNA	69864
Acadianvirus	Bclasvirinae		KR080199	Mycobacterium phage Baee	dsDNA	70270
Birdsnestvirus	Bclasvirinae		MN813686	Mycobacterium phage BirdsNest	dsDNA	70668
Birdsnestvirus	Bclasvirinae		PQ844485	Mycobacterium phage Hashim76	dsDNA	70230
Coopervirus	Bclasvirinae		KF279411	Mycobacterium phage Adawi	dsDNA	70236
Coopervirus	Bclasvirinae		KF279412	Mycobacterium phage Bane1	dsDNA	69309
Imvubuvirus	Bclasvirinae		MN813693	Mycobacterium phage Imvubu	dsDNA	69897
Julieunavirus	Bclasvirinae		KJ433976	Mycobacterium phage Julie1	dsDNA	71058
Lilmcdreamyvirus	Bclasvirinae		MN284893	Mycobacterium phage LilMcDreamy	dsDNA	71552
Pegunavirus	Bclasvirinae		KR781349	Mycobacterium phage Apizium	dsDNA	68227
Pegunavirus	Bclasvirinae		MH450122	Mycobacterium phage KingTut	dsDNA	64827
Pipefishvirus	Bclasvirinae		JN699003	Mycobacterium phage Athena	dsDNA	69409
Pipefishvirus	Bclasvirinae		KF493879	Mycobacterium phage Bernardo	dsDNA	68196
Quesadillavirus	Bclasvirinae		MK059749	Mycobacterium phage CRB2	dsDNA	72217
Quesadillavirus	Bclasvirinae		MN617843	Mycobacterium phage Quesadilla	dsDNA	70992
Rosebushvirus	Bclasvirinae		KR997932	Mycobacterium phage Godines	dsDNA	67277
Rosebushvirus	Bclasvirinae		KX443696	Mycobacterium phage Laurie	dsDNA	66507
Saguarovirus	Bclasvirinae		MH744423	Mycobacterium phage Saguaro	dsDNA	69448
Thonkovirus	Bclasvirinae		MH632120	Mycobacterium phage Thonko	dsDNA	69471
Bixiavirus	Beaumontvirinae		MN937349	Stenotrophomonas phage vB_SmaS_BUCT548	dsDNA	62354
Bixiavirus	Beaumontvirinae		MZ398241	Stenotrophomonas phage BUCT626	dsDNA	61662
Salvavirus	Beaumontvirinae		MW393850	Stenotrophomonas phage Salva	dsDNA	60789
Siaravirus	Beaumontvirinae		MZ326859	Stenotrophomonas phage Siara	dsDNA	61427
Flowerpowervirus	Beephvirinae		MH155868	Streptomyces phage FlowerPower	dsDNA	46133
Immanueltrevirus	Beephvirinae		MG518520	Streptomyces phage Immanuel3	dsDNA	46094
Manuelvirus	Beephvirinae		MN994275	Streptomyces phage JXY1	dsDNA	45385
Manuelvirus	Beephvirinae		MG518519	Streptomyces phage Manuel	dsDNA	45177
Biseptimavirus	Bronfenbrennervirinae		KF831354	Staphylococcus phage phiBU01	dsDNA	43748
Biseptimavirus	Bronfenbrennervirinae		AY508486	Staphylococcus phage 77	dsDNA	41708
Peeveelvirus	Bronfenbrennervirinae		FJ713816	Staphylococcus phage phiPVL-CN125	dsDNA	44492
Peeveelvirus	Bronfenbrennervirinae		KC342645	Staphylococcus phage JS01	dsDNA	43458
Gotuavirus	Cardingvirinae		FJ008913	Bacteroides phage B40-8	dsDNA	44929
Gotuavirus	Cardingvirinae		HE608841	Bacteroides phage B124-14	dsDNA	47159
Kherlenvirus	Cardingvirinae		OP172666	Bacteroides phage BF486P1	dsDNA	45869
Kherlenvirus	Cardingvirinae		OP172673	Bacteroides phage BF695P2	dsDNA	44783
Bixzunavirus	Ceeclamvirinae		JF704092	Mycobacterium phage Alice	dsDNA	153401
Bixzunavirus	Ceeclamvirinae		KC691257	Mycobacterium phage Astraea	dsDNA	154872
Myrnavirus	Ceeclamvirinae		EU826466	Mycobacterium phage Myrna	dsDNA	164602
Myrnavirus	Ceeclamvirinae		MF668280	Mycobacterium phage Phabba	dsDNA	164254
Aziravirus	Ceeteevirinae		OQ709211	Gordonia phage Azira	dsDNA	45336
Aziravirus	Ceeteevirinae		OR553910	Gordonia phage Fribs8	dsDNA	45985
Emalynvirus	Ceeteevirinae		PP208920	Gordonia phage BillDoor	dsDNA	44875
Emalynvirus	Ceeteevirinae		KU998239	Gordonia phage Cozz	dsDNA	46600
Margaretvirus	Ceeteevirinae		ON970621	Gordonia phage Button	dsDNA	46090
Margaretvirus	Ceeteevirinae		OL455888	Gordonia phage GiKK	dsDNA	47537
Ponsvirus	Ceeteevirinae		MT776810	Gordonia phage BigChungus	dsDNA	47166
Ponsvirus	Ceeteevirinae		MN284906	Gordonia phage CherryonLim	dsDNA	48948
Brujitavirus	Chebruvirinae		JN699001	Mycobacterium phage Babsiella	dsDNA	48420
Brujitavirus	Chebruvirinae		FJ168659	Mycobacterium phage Brujita	dsDNA	47057
Elesarvirus	Daemsvirinae		MK392368	Arthrobacter phage Elesar	dsDNA	42954
Nanditavirus	Daemsvirinae		ON392166	Arthrobacter phage Cole	dsDNA	41834
Nanditavirus	Daemsvirinae		MH834621	Arthrobacter phage Nandita	dsDNA	42378
Hawkeyevirus	Dclasvirinae		KJ194582	Mycobacterium phage Hawkeye	dsDNA	67383
Plotvirus	Dclasvirinae		DQ398051	Mycobacterium phage Plot	dsDNA	64787
Kenoshavirus	Deejayvirinae		MN204501	Gordonia phage Chikenjars	dsDNA	61544
Kenoshavirus	Deejayvirinae		MN585996	Gordonia phage Crocheter	dsDNA	60531
Secretariatvirus	Deejayvirinae		MT310850	Gordonia phage Secretariat	dsDNA	57731
Tanisvirus	Deejayvirinae		MN585971	Gordonia phage Avazak	dsDNA	60278
Tanisvirus	Deejayvirinae		MN284904	Gordonia phage Tanis	dsDNA	59727
Nevillevirus	Deeyouvirinae		MH651182	Gordonia phage Neville	dsDNA	75813
Nevillevirus	Deeyouvirinae		MT658805	Gordonia phage Rabbitrun	dsDNA	76821
Octobienvirus	Deeyouvirinae		OK040786	Gordonia phage Kudefre	dsDNA	76731
Octobienvirus	Deeyouvirinae		MH976515	Gordonia phage Octobien14	dsDNA	76358
Lambovirus	Dovevirinae		OR475261	Gordonia phage BirthdayBoy	dsDNA	67633
Lambovirus	Dovevirinae		OR475273	Gordonia phage Erutan	dsDNA	66957
Xeniaduovirus	Dovevirinae		PP725409	Gordonia phage Xenia2	dsDNA	68135
Hualiencityvirus	Dravavirinae		OK632025	Elizabethkingia phage TCUEAP2	dsDNA	42700
Rodicavirus	Dravavirinae		OR296437	Bacteroides phage C1_85S2P	dsDNA	44391
Rodicavirus	Dravavirinae		OP172815	Parabacteroides phage PD491P1	dsDNA	45060
Tongtianvirus	Dravavirinae		OP172640	Alistipes phage AS73P1	dsDNA	45392
Anclarvirus	Durvirinae		MN908693	Gordonia phage AnClar	dsDNA	61856
Anclarvirus	Durvirinae		ON260813	Gordonia phage BiggityBass	dsDNA	63202
Duluthvirus	Durvirinae		OP751153	Gordonia phage LittleMunchkin	dsDNA	63193
Ligmavirus	Durvirinae		OM105886	Gordonia phage Ligma	dsDNA	61714
Ligmavirus	Durvirinae		MT657335	Gordonia phage Mariokart	dsDNA	60762
Mossrosevirus	Durvirinae		ON108644	Gordonia phage CaiB	dsDNA	61620
Mossrosevirus	Durvirinae		PQ184807	Gordonia phage MakoManhole	dsDNA	61592
Nhagosvirus	Durvirinae		MN369758	Gordonia phage Nhagos	dsDNA	59580
Akonivirus	Eekayvirinae		MK757449	Microbacterium phage Akoni	dsDNA	54307
Akonivirus	Eekayvirinae		MT310890	Microbacterium phage Phedro	dsDNA	54442
Tinytimothyvirus	Eekayvirinae		MK894435	Microbacterium phage Alex44	dsDNA	54396
Tinytimothyvirus	Eekayvirinae		MK878904	Microbacterium phage TinyTimothy	dsDNA	53932
Corgivirus	Feeclasvirinae		MH834607	Arthrobacter phage Corgi	dsDNA	15771
Idahovirus	Feeclasvirinae		MK757448	Arthrobacter phage Idaho	dsDNA	15675
Noelyvirus	Feeclasvirinae		MH834622	Arthrobacter phage Noely	dsDNA	15013
Hinxtonvirus	Ferrettivirinae		KT337339	Streptococcus phage phiARI0004	dsDNA	41105
Hinxtonvirus	Ferrettivirinae		KT337340	Streptococcus phage phiARI0031	dsDNA	41887
Norfolkplacevirus	Ferrettivirinae		KT337365	Streptococcus phage phiARI0746	dsDNA	33181
Norfolkplacevirus	Ferrettivirinae		KY065456	Streptococcus phage IPP15	dsDNA	38083
Spinunavirus	Ferrettivirinae		KT337349.1	Streptococcus phage phiARI0399	dsDNA	40568
Spinunavirus	Ferrettivirinae		KT337341	Streptococcus phage phiARI0131-1	dsDNA	42927
Branvirus	Frobishervirinae		MK977714	Corynebacterium phage Bran	dsDNA	44484
Samwavirus	Frobishervirinae		MK977715	Corynebacterium phage Adelaide	dsDNA	44104
Samwavirus	Frobishervirinae		MK977706	Corynebacterium phage Dina	dsDNA	44381
Antsirabevirus	Gclasvirinae		MN234183	Mycobacterium phage Antsirabe	dsDNA	44739
Avocadovirus	Gclasvirinae		MF141540	Mycobacterium phage Avocado	dsDNA	45389
Avocadovirus	Gclasvirinae		KR080198	Mycobacterium phage Cambiare	dsDNA	45161
Jolieduovirus	Gclasvirinae		KJ410133	Mycobacterium phage Jolie2	dsDNA	44306
Jolieduovirus	Gclasvirinae		MN234185	Mycobacterium phage Lemuria	dsDNA	44998
Liefievirus	Gclasvirinae		MH779505	Mycobacterium phage Grizzly	dsDNA	41752
Liefievirus	Gclasvirinae		DQ398042	Mycobacterium phage Halo	dsDNA	42289
Pinnievirus	Gclasvirinae		KR080202	Mycobacterium phage MOOREtheMARYer	dsDNA	44492
Pinnievirus	Gclasvirinae		MK494105	Mycobacterium phage Pinnie	dsDNA	44842
Dragolirvirus	Gochnauervirinae		MG727697	Paenibacillus phage Dragolir	dsDNA	41131
Harrisonvirus	Gochnauervirinae		KT361651	Paenibacillus phage Harrison	dsDNA	44249
Vegasvirus	Gochnauervirinae		KT361654	Paenibacillus phage Vegas	dsDNA	45653
Wanderervirus	Gochnauervirinae		MH431930	Paenibacillus phage Wanderer	dsDNA	40448
Avanivirus	Gracegardnervirinae		JQ809702	Mycobacterium phage Avani	dsDNA	54470
Avanivirus	Gracegardnervirinae		AY129336	Mycobacterium phage Che9d	dsDNA	56275
Cheoctovirus	Gracegardnervirinae		MH744415	Mycobacterium phage ArcusAngelus	dsDNA	58569
Cheoctovirus	Gracegardnervirinae		GU060500	Mycobacterium phage Ardmore	dsDNA	52141
Cornievirus	Gracegardnervirinae		MN908688	Mycobacterium phage Cornie	dsDNA	56391
Moomoovirus	Gracegardnervirinae		MH001449	Mycobacterium phage MooMoo	dsDNA	55178
Squirtyvirus	Gracegardnervirinae		KM101124	Mycobacterium phage Squirty	dsDNA	60285
Thetabobvirus	Gracegardnervirinae		MH651187	Mycobacterium phage Renaud18	dsDNA	58078
Thetabobvirus	Gracegardnervirinae		MH077585	Mycobacterium phage TChen	dsDNA	57742
Beetrevirus	Guarnerosvirinae		AF232233	Pseudomonas phage B3	dsDNA	38439
Mechnikovvirus	Guarnerosvirinae		MK511059	Pseudomonas phage vB_Pae_CF78a	dsDNA	39705
Mechnikovvirus	Guarnerosvirinae		JX495043	Pseudomonas phage JBD67	dsDNA	38232
Torontovirus	Guarnerosvirinae		MH719189	Pseudomonas phage Fc02	dsDNA	38122
Torontovirus	Guarnerosvirinae		MH719191	Pseudomonas phage Fc22	dsDNA	38255
Carmenvirus	Gutmannvirinae		MG784342	Bacillus phage Carmen17	dsDNA	41820
Carmenvirus	Gutmannvirinae		MH598512	Bacillus phage Wes44	dsDNA	42248
Layangavirus	Gutmannvirinae		ON366410	Bacillus phage vB_BceS_LY1	dsDNA	43140
Layangbvirus	Gutmannvirinae		OP646176	Bacillus phage vB_BceS_LY5	dsDNA	42221
Pebcunavirus	Gutmannvirinae		JQ619704	Bacillus phage PBC1	dsDNA	41164
Kenyattavirus	Heleneionescovirinae		MH884508	Bacillus phage vB_BcoS-136	dsDNA	160590
Zhangjivirus	Heleneionescovirinae		OM236516	Bacillus phage FADO	dsDNA	164756
Zhangjivirus	Heleneionescovirinae		OM634653	Bacillus phage vB_BsuS_PJN02	dsDNA	165868
Byrnievirus	Hendrixvirinae		AF069529	Escherichia phage HK97	dsDNA	39732
Cuauhtlivirus	Hendrixvirinae		JQ182727	Escherichia phage mEpX1	dsDNA	41567
Kwaitsingvirus	Hendrixvirinae		JQ086372	Escherichia phage HK446	dsDNA	39026
Kwaitsingvirus	Hendrixvirinae		JQ086374	Escherichia phage HK544	dsDNA	40155
Nochtlivirus	Hendrixvirinae		JQ182731	Enterobacteria phage mEp235	dsDNA	37595
Saikungvirus	Hendrixvirinae		HM173637	Escherichia phage HK75	dsDNA	36661
Saikungvirus	Hendrixvirinae		JQ086377	Escherichia phage HK633	dsDNA	41528
Shamshuipovirus	Hendrixvirinae		AF069308	Escherichia phage HK022	dsDNA	40751
Shamshuipovirus	Hendrixvirinae		JQ182726	Escherichia phage mEpX2	dsDNA	38759
Wanchaivirus	Hendrixvirinae		JQ086369	Escherichia phage HK106	dsDNA	41468
Wanchaivirus	Hendrixvirinae		JQ182732	Escherichia phage mEp234	dsDNA	39578
Wongtaivirus	Hendrixvirinae		KY979108	Escherichia phage ECP1	dsDNA	40469
Wongtaivirus	Hendrixvirinae		JQ086373	Escherichia phage HK542	dsDNA	38964
Yautsimvirus	Hendrixvirinae		JQ086370	Enterobacteria phage HK140	dsDNA	40710
Aryavirus	Iiscvirinae		KX231828	Enterobacter phage Arya	dsDNA	41918
Jilinvirus	Iiscvirinae		GU903191	Escherichia phage vB_EcoM_ECO1230-10	dsDNA	41666
Jilinvirus	Iiscvirinae		KY705409	Escherichia phage vB_EcoM_ECOO78	dsDNA	41289
Bimevirus	Jameshumphriesvirinae		MG197810	Klebsiella phage 1611E-K2-1	dsDNA	47797
Bimevirus	Jameshumphriesvirinae		MK685667	Klebsiella phage vB_KpnM_IME346	dsDNA	49482
Chaoyangvirus	Jameshumphriesvirinae		MZ374361	Klebsiella phage BUCT_49532	dsDNA	49532
Geezettvirus	Jameshumphriesvirinae		MZ504995	Klebsiella phage Geezett	dsDNA	50707
Jedunavirus	Jameshumphriesvirinae		JX866719	Klebsiella phage JD001	dsDNA	48814
Mascletvirus	Jameshumphriesvirinae		ON602758	Klebsiella phage VLCpiM12a	dsDNA	48833
Parissaclayvirus	Jameshumphriesvirinae		MN689778	Klebsiella phage vB_KpnM_15-38_KLPPOU148	dsDNA	49169
Peatvirus	Jameshumphriesvirinae		MG432137	Pectinobacterium phage PEAT2	dsDNA	48659
Ringroadvirus	Jameshumphriesvirinae		MZ398021	Klebsiella phage BUCT_47333	dsDNA	47333
Sircambvirus	Jameshumphriesvirinae		MK521906	Klebsiella phage vB_KpnM_FZ14	dsDNA	49370
Sircambvirus	Jameshumphriesvirinae		OK499978	Klebsiella phage vB_KpnM_JustaPhage	dsDNA	48129
Zewailvirus	Jameshumphriesvirinae		OP114730	Klebsiella phage SBP	dsDNA	49371
Zewailvirus	Jameshumphriesvirinae		ON086804	Escherichia phage ZCEC13	dsDNA	48021
Caojiangvirus	Jianjiangvirinae		OP172643	Bacteroides phage BC422P2	dsDNA	36509
Caojiangvirus	Jianjiangvirinae		OP172681	Bacteroides phage BK687P1	dsDNA	37994
Luojiangvirus	Jianjiangvirinae		OP172644	Bacteroides phage BC669P1	dsDNA	36278
Luojiangvirus	Jianjiangvirinae		OP172645	Bacteroides phage BC669P2	dsDNA	36323
Natevirus	Joanripponvirinae		OK499992	Bacillus phage vB_BanS_Nate	dsDNA	166879
Sophritavirus	Joanripponvirinae		MK288021	Bacillus phage pW2	dsDNA	160627
Sophritavirus	Joanripponvirinae		OK499991	Bacillus phage vB_BanS_Sophrita	dsDNA	167995
Tsamsavirus	Joanripponvirinae		OK499972	Bacillus phage vB_BanS_Chewbecca	dsDNA	161151
Tsamsavirus	Joanripponvirinae		MT254578	Bacillus phage Izhevsk	dsDNA	168638
Eidolonvirus	Johnpaulvirinae		MN734437	Sphingomonas phage Eidolon	dsDNA	43318
Kharnvirus	Johnpaulvirinae		MN734439	Sphingomonas phage Kharn	dsDNA	43408
Kharnvirus	Johnpaulvirinae		MN734438	Sphingomonas phage Lucius	dsDNA	44200
Kilunavirus	Jondennisvirinae		JF939047	Burkholderia phage vB_BceS_KL1	dsDNA	42832
Kipunavirus	Jondennisvirinae		MK574078	Pseudomonas phage KP1	dsDNA	43470
Septimatrevirus	Jondennisvirinae		HG962376	Pseudomonas phage vB_PaeS_SCH_Ab26	dsDNA	43056
Septimatrevirus	Jondennisvirinae		MG897800	Pseudomonas phage vB_PaeS_C1	dsDNA	43133
Getalongvirus	Langleyhallvirinae		MK376961	Gordonia phage Asapag	dsDNA	55119
Getalongvirus	Langleyhallvirinae		MG099939	Gordonia phage BENtherdunthat	dsDNA	54867
Horusvirus	Langleyhallvirinae		MH651176	Gordonia phage Horus	dsDNA	55668
Phistoryvirus	Langleyhallvirinae		MH651185	Gordonia phage Phistory	dsDNA	53085
Limdunavirus	Mccleskeyvirinae		KX555527	Leuconostoc phage LDG	dsDNA	26559
Limdunavirus	Mccleskeyvirinae		JQ659259	Leuconostoc phage Lmd1	dsDNA	26201
Unaquatrovirus	Mccleskeyvirinae		KX578042	Leuconostoc phage Ln-7	dsDNA	28093
Unaquatrovirus	Mccleskeyvirinae		KM262192	Leuconostoc phage Ln-9	dsDNA	28527
Adrianbuildvirus	Mcshanvirinae		KT337370	Streptococcus phage phiARI0923	dsDNA	33477
Adrianbuildvirus	Mcshanvirinae		KY065449	Streptococcus phage IPP5	dsDNA	33495
Medawarvirus	Mcshanvirinae		KT337342	Streptococcus phage phiARI0131-2	dsDNA	34563
Medawarvirus	Mcshanvirinae		KY065453	Streptococcus phage IPP11	dsDNA	37518
Phadecavirus	Mcshanvirinae		OL774868	Streptococcus phage OlisA1	dsDNA	30210
Phadecavirus	Mcshanvirinae		FN391954	Streptococcus phage PH10	dsDNA	31276
Aceathervirus	Munstervirinae		MT980841	Ruminococcus phage phiRM10	dsDNA	36920
Adovirus	Munstervirinae		MT980838	Ruminococcus phage phiRg519T2	dsDNA	36865
Adovirus	Munstervirinae		MT980840	Ruminococcus phage phiRgIBDN1	dsDNA	37233
Ahaonvirus	Munstervirinae		MT980836	Ruminococcus phage phiRg507T2_2	dsDNA	37304
Ahaonvirus	Munstervirinae		MT980837	Ruminococcus phage phiRg507T2_3	dsDNA	36510
Atrivirus	Munstervirinae		MT980839	Ruminococcus phage phiRgPS6	dsDNA	37780
Charlievirus	Nclasvirinae		MH697576	Mycobacterium phage Aggie	dsDNA	44333
Charlievirus	Nclasvirinae		MG099936	Mycobacterium phage Andies	dsDNA	43779
Baxterfoxvirus	Nymbaxtervirinae		KU963263	Gordonia phage BaxterFox	dsDNA	53717
Baxterfoxvirus	Nymbaxtervirinae		MT639650	Gordonia phage Ohgeesy	dsDNA	53473
Nymphadoravirus	Nymbaxtervirinae		MZ274304	Gordonia phage Agueybana	dsDNA	52807
Nymphadoravirus	Nymbaxtervirinae		MT952844	Gordonia phage Bosnia	dsDNA	54546
Bignuzvirus	Pclasvirinae		JN412591	Mycobacterium phage BigNuz	dsDNA	48984
Fishburnevirus	Pclasvirinae		MF919492	Mycobacterium phage Arib1	dsDNA	46732
Fishburnevirus	Pclasvirinae		MN585977	Mycobacterium phage Atcoo	dsDNA	49075
Phayoncevirus	Pclasvirinae		KR080195	Mycobacterium phage Phayonce	dsDNA	49203
Phayoncevirus	Pclasvirinae		MN234172	Mycobacterium phage ThulaThula	dsDNA	50415
Purkyvirus	Pclasvirinae		MN096355	Mycobacterium phage Purky	dsDNA	50513
Tortellinivirus	Pclasvirinae		KX648391	Mycobacterium phage Tortellini	dsDNA	49658
Xaviavirus	Pclasvirinae		MH230879	Mycobacterium phage Xavia	dsDNA	49808
Dongjiangvirus	Pearlrivervirinae		OP172657	OM05-12 phage BD166P1	dsDNA	35266
Dongjiangvirus	Pearlrivervirinae		OP172652	Phocaeicola phage BD26P1	dsDNA	35626
Xijiangvirus	Pearlrivervirinae		OP172694	Phocaeicola phage BM127P1	dsDNA	36940
Amoyvirus	Queuovirinae		MT345684	Alteromonas phage vB_AcoS-R7M	dsDNA	56163
Iggyvirus	Queuovirinae		MN029011	Pseudomonas phage Iggy	dsDNA	60628
Iggyvirus	Queuovirinae		MK816297	Pseudomonas virus PBPA162	dsDNA	60626
Micathvirus	Queuovirinae		OP882271	Pseudomonas phage MiCath	dsDNA	60958
Nipunavirus	Queuovirinae		ON911540	Xanthomonas phage vB_Xar_IVIA-DoCa3	dsDNA	58107
Nipunavirus	Queuovirinae		KX898400	Pseudomonas phage JG054	dsDNA	57839
Nonagvirus	Queuovirinae		KP719134	Enterobacteria phage JenK1	dsDNA	60747
Nonagvirus	Queuovirinae		KP719132	Enterobacteria phage JenP1	dsDNA	60754
Seuratvirus	Queuovirinae		KP064094	Escherichia phage CAjan	dsDNA	59670
Seuratvirus	Queuovirinae		KM236243	Escherichia phage Seurat	dsDNA	56776
Shangdongvirus	Queuovirinae		PP992516	Pseudomonas phage Baskent_P4_1	dsDNA	41947
Shangdongvirus	Queuovirinae		OR797041	Stenotrophomonas phage vB_SmaS_Bhz54	dsDNA	41867
Torvergatavirus	Queuovirinae		MN820898	Sphingomonas phage vB_StuS_MMDA13	dsDNA	63743
Catfishvirus	Ruthgordonvirinae		MH697580	Gordonia phage Catfish	dsDNA	46888
Dardanusvirus	Ruthgordonvirinae		MN010758	Gordonia phage Dardanus	dsDNA	43143
Gesputvirus	Ruthgordonvirinae		KP790011	Gordonia phage Gsput1	dsDNA	43505
Schmidtvirus	Ruthgordonvirinae		MH651189	Gordonia phage Schmidt	dsDNA	43099
Tinalinvirus	Ruthgordonvirinae		MW132713	Gordonia phage TinaLin	dsDNA	43366
Vendettavirus	Ruthgordonvirinae		MT553344	Gordonia phage TZGordon	dsDNA	44904
Vendettavirus	Ruthgordonvirinae		KU998237	Gordonia phage Vendetta	dsDNA	45858
Cyranovirus	Santaclaravirinae		CP054387	Escherichia phage CMS-2020a	dsDNA	109272
Cyranovirus	Santaclaravirinae		CP053388	Escherichia phage CMS-2020b	dsDNA	107648
Suquintavirus	Santaclaravirinae		JQ965645	Salmonella phage SSU5	dsDNA	103299
Westmeadvirus	Santaclaravirinae		MZ779062	Klebsiella phage pJN2-26	dsDNA	109952
Westmeadvirus	Santaclaravirinae		MH153810	Gordonia phage Sour	dsDNA	61670
Basiliskvirus	Sejongvirinae		MG967618	Bacillus phage v_B-Bak10	dsDNA	82931
Basiliskvirus	Sejongvirinae		KC595511	Bacillus phage Basilisk	dsDNA	82008
Yihwangvirus	Sejongvirinae		MW392802	Bacillus phage BCPST	dsDNA	81528
Yihwangvirus	Sejongvirinae		KT070866	Bacillus phage PBC4	dsDNA	80647
Diegovirus	Sepvirinae		KF766125	Shigella phage 75/02 Stx	dsDNA	60875
Diegovirus	Sepvirinae		KJ603229	Shigella phage POCJ13	dsDNA	62699
Oslovirus	Sepvirinae		KY914478	Escherichia phage ArgO145	dsDNA	62020
Oslovirus	Sepvirinae		MN067333	Escherichia phage Lyz12581Vzw	dsDNA	62668
Traversvirus	Sepvirinae		KU977419	Stx1 converting phage AU5Stx1	dsDNA	58371
Traversvirus	Sepvirinae		KU977420	Stx1 converting phage AU6Stx1	dsDNA	57123
Bembunaquatrovirus	Skryabinvirinae		KX190833	Bacillus phage vB_BtS_BMBtp14	dsDNA	50740
Pushchinovirus	Skryabinvirinae		MK759918	Bacillus phage vB_BtS_B83	dsDNA	49952
Shirevirus	Stanbaylleyvirinae		ON189042	Xanthomonas phage Langgrundblatt1	dsDNA	44239
Shirevirus	Stanbaylleyvirinae		ON189043	Xanthomonas phage Langgrundblatt2	dsDNA	44768
Subavirus	Stanbaylleyvirinae		LR743530	Xanthomonas phage Suba	dsDNA	45510
Justusliebigvirus	Stephanstirmvirinae		MN850632	Escherichia phage alia	dsDNA	147009
Justusliebigvirus	Stephanstirmvirinae		PQ567651	Escherichia phage Cardinal	dsDNA	146751
Phapecoctavirus	Stephanstirmvirinae		MN850648	Escherichia phage anhysbys	dsDNA	149335
Phapecoctavirus	Stephanstirmvirinae		KX664695	Escherichia phage ESCO5	dsDNA	149312
Jelitavirus	Trabyvirinae		DQ003639	Listreria phage B025	dsDNA	42653
Slepowronvirus	Trabyvirinae		KJ094023	Listeria phage LP-101	dsDNA	43767
Slepowronvirus	Trabyvirinae		MT500540	Listeria phage LP-HM00113468	dsDNA	40298
Douglaswolinvirus	Tybeckvirinae		JX486088	Lactobacillus phage ATCC 8014-B2	dsDNA	80617
Lenusvirus	Tybeckvirinae		MG252693	Lactobacillus phage Lenus	dsDNA	78891
Lenusvirus	Tybeckvirinae		MG765276	Lactobacillus phage Nyseid	dsDNA	79221
Lidleunavirus	Tybeckvirinae		KM514685	Lactobacillus phage Ldl1	dsDNA	74806
Lidleunavirus	Tybeckvirinae		CP031026.1	Lactobacillus phage ViSo-2018a	dsDNA	72362
Maenadvirus	Tybeckvirinae		MG765274	Lactobacillus phage Maenad	dsDNA	78646
Maenadvirus	Tybeckvirinae		KX223815	Lactobacillus phage P1	dsDNA	73787
Avunavirus	Vequintavirinae		KM190144	Escherichia phage Av-05	dsDNA	120938
Certrevirus	Vequintavirinae		JQ691612	Cronobacter phage CR3	dsDNA	149273
Certrevirus	Vequintavirinae		KC954774	Cronobacter phage CR8	dsDNA	149162
Henunavirus	Vequintavirinae		MN732867	Erwinia phage Hena1	dsDNA	148842
Henunavirus	Vequintavirinae		MN184887	Erwinia phage pEp_SNUABM_01	dsDNA	147321
Mydovirus	Vequintavirinae		KY652726	Klebsiella phage vB_KpnM_BIS47	dsDNA	147443
Mydovirus	Vequintavirinae		KT934943	Klebsiella phage vB_KpnM_KB57	dsDNA	142987
Septuagintavirus	Vequintavirinae		OP778609	Escherichia phage A73	dsDNA	142009
Septuagintavirus	Vequintavirinae		OP744025	Escherichia phage 5_4	dsDNA	145365
Seunavirus	Vequintavirinae		KF550303	Escherichia phage 4MG	dsDNA	148567
Seunavirus	Vequintavirinae		JN882284	Cronobacter phage vB_CsaM_GAP31	dsDNA	147940
Vequintavirus	Vequintavirinae		ON286973	Escherichia phage A51.2	dsDNA	137300
Vequintavirus	Vequintavirinae		MZ501048	Escherichia phage AlexBoehm	dsDNA	135345
Lentusvirus	Wallmarkvirinae		MW218148	Staphylococcus phage vB_StaM_SA1	dsDNA	260727
Machiasvirus	Wallmarkvirinae		OR455461	Staphylococcus phage AH12	dsDNA	264661
Machiasvirus	Wallmarkvirinae		MW349128	Staphylococcus phage Machias	dsDNA	274478
Madawaskavirus	Wallmarkvirinae		MZ779063	Staphylococcus phage vB_SauM-UFV_DC4	dsDNA	263185
Madawaskavirus	Wallmarkvirinae		OR836606	Staphylococcus phage LY01	dsDNA	258897
Amginevirus	Weiservirinae		MF324915	Mycobacterium phage Amgine	dsDNA	62236
Amginevirus	Weiservirinae		MF140398	Mycobacterium phage Amohnition	dsDNA	61761
Aminayvirus	Weiservirinae		MH509442	Mycobacterium phage Aminay	dsDNA	60430
Anayavirus	Weiservirinae		JF704105	Mycobacterium phage Adephagia	dsDNA	59646
Anayavirus	Weiservirinae		MH001453	Mycobacterium phage Adonis	dsDNA	60031
Fionnbharthvirus	Weiservirinae		MN945904	Mycobacterium phage Eponine	dsDNA	58678
Fionnbharthvirus	Weiservirinae		JN831653	Mycobacterium phage Fionnbharth	dsDNA	58076
Keshuvirus	Weiservirinae		MF373841	Mycobacterium phage Hurricane	dsDNA	61318
Keshuvirus	Weiservirinae		KP027199	Mycobacterium phage Keshu	dsDNA	61251
Kratiovirus	Weiservirinae		MH651171	Mycobacterium phage Collard	dsDNA	61395
Kratiovirus	Weiservirinae		KX636165	Mycobacterium phage Gengar	dsDNA	61626
Timquatrovirus	Weiservirinae		MF140411	Mycobacterium phage Findley	dsDNA	58150
Timquatrovirus	Weiservirinae		KT591490	Mycobacterium phage Mufasa	dsDNA	58065
Unicornvirus	Weiservirinae		MN369762	Mycobacterium phage Bryler	dsDNA	57666
Unicornvirus	Weiservirinae		MF324914	Mycobacterium phage Krueger	dsDNA	60321
Abaiavirus			KX669658	Ochrobactrum phage POA1180	dsDNA	41655
Abbeymikolonvirus			MG593800	Streptomyces phage AbbeyMikolon	dsDNA	42551
Abouovirus			KC595517	Brevibacillus phage Abouo	dsDNA	45552
Abouovirus			KC595518	Brevibacillus phage Davies	dsDNA	45798
Adaiavirus			MH834594	Arthrobacter phage Adaia	dsDNA	15840
Agmunavirus			MN023176	Brevibacterium phage AGM1	dsDNA	36032
Aguilavirus			JQ182734	Enterobacteria phage mEp043 c-1	dsDNA	42780
Aguilavirus			JQ182733	Enterobacterial phage mEp213	dsDNA	44120
Ahotrevirus			MZ501266	Erwinia phage AH03	dsDNA	43866
Akiravirus			MK599416	Salmonella phage Akira	dsDNA	45367
Alachuavirus			AY986977	Xanthomonas phage Xp15	dsDNA	55770
Alcyoneusvirus			AB897757	Klebsiella phage K64-1	dsDNA	346602
Alcyoneusvirus			JQ513383	Klebsiella phage vB_KleM_RaK2	dsDNA	345809
Alexandravirus			MH460463	Dickeya phage vB_DsoM_AD1	dsDNA	261658
Alexandravirus			MH248138	Erwinia phage vB_EamM_Alexandra	dsDNA	266532
Amherstvirus			ON724010	Microbacterium phage PineapplePizza	dsDNA	16662
Amigovirus			KU160638	Arthrobacter phage Amigo	dsDNA	59173
Amigovirus			MF185731	Arthrobacter phage Molivia	dsDNA	58247
Amiranvirus			MW672041	Enterococcus phage vb_GEC_Ef_S_9	dsDNA	33631
Anamdongvirus			GU967410	Lactobacillus phage LBR48	dsDNA	48211
Anatolevirus			KX620748	Propionibacterium phage Anatole	dsDNA	35284
Anatolevirus			KX620749	Propionibacterium phage B3	dsDNA	35948
Andrewvirus			MH834595	Arthrobacter phage Andrew	dsDNA	38802
Anjalivirus			MK016490	Arthobacter phage Anjali	dsDNA	19679
Anjalivirus			MK016500	Arthobacter phage Mendel	dsDNA	19428
Anthonyvirus			MN234188	Mycobacterium phage Anthony	dsDNA	52202
Aokuangvirus			MG450654	Synechococcus phage S-CBWM1	dsDNA	139069
Appavirus			MH153799	Microbacterium phage Appa	dsDNA	38684
Aquingentivirus			DQ003637	Listeria phage A500	dsDNA	38867
Aquingentivirus			KP399678	Listeria phage vB_LmoS_293	dsDNA	40759
Aramisvirus			LR990833	Enterococcus phage Aramis	dsDNA	42697
Aramisvirus			LR991625	Enterococcus phage dArtagnan	dsDNA	42884
Arawnvirus			MN882550	Butyrivibrio phage Arawn	dsDNA	31118
Archimedesvirus			MT771339	Gordonia phage Archimedes	dsDNA	44938
Armstrongvirus			MH834596	Microbacterium phage Armstrong	dsDNA	39928
Arvduovirus			KF692088	Arthrobacter phage vB_ArS-ArV2	dsDNA	37372
Ashduovirus			AJ251789	Lactobacillus phage A2	dsDNA	43411
Aspduovirus			AY576796	Actinoplanes phage phiAsp2	dsDNA	58638
Asteriusvirus			KM507819	Escherichia phage 121Q	dsDNA	348532
Asteriusvirus			KC295538	Escherichia phage PBECO4	dsDNA	348113
Astrithrvirus			MT074429	Salmonella phage astrithr	dsDNA	11569
Athenavirus			OK500002	Bacillus phage vB_BanS_Athena	dsDNA	37369
Atraxavirus			MH834597	Arthrobacter phage Atraxa	dsDNA	14927
Attisvirus			KU963247	Gordonia phage Attis	dsDNA	47881
Attisvirus			MG099941	Gordonia phage Bjanes7	dsDNA	46042
Attoomivirus			MG593801	Streptomyces phage Attoomi	dsDNA	41872
Audreyjarvisvirus			KY554768	Lactococcus phage AM1	dsDNA	125658
Audreyjarvisvirus			KY554771	Lactococcus phage AM4	dsDNA	132949
Aurunvirus			JQ245707	Cyanophage S-TIM5	dsDNA	161440
Aussievirus			OR786373	Sinorhizobium phage Aussie	dsDNA	39025
Aussievirus			OR786374	Sinorhizobium phage StopSmel	dsDNA	37851
Austintatiousvirus			MK305888	Streptomyces phage Austintatious	dsDNA	36213
Austintatiousvirus			KY092479	Streptomyces phage Ididsumtinwong	dsDNA	37817
Axeltriavirus			MT536174	Stenotrophomonas phage vB_SmaS-AXL_3	dsDNA	47545
Backyardiganvirus			JX307702	Mycobacterium phage Arturo	dsDNA	51500
Backyardiganvirus			JF704093	Mycobacterium phage Backyardigan	dsDNA	51308
Badaztecvirus			MT006240	Bifidobacterium phage BadAargau2	dsDNA	18899
Badaztecvirus			MT006233	Bifidobacterium phage BadAztec1	dsDNA	18635
Baikalvirus			KF147891	Pseudomonas phage PaBG	dsDNA	258139
Bantamvirus			KX557272	Gordonia phage Bantam	dsDNA	92580
Barbavirus			MK719729	Rheinheimera phage Barba18A	dsDNA	80342
Barbavirus			MK719730	Rheinheimera phage Barba19A	dsDNA	84608
Barnyardvirus			AY129339	Mycobacterium phage Barnyard	dsDNA	70797
Barnyardvirus			MK279909	Mycobacterium phage DrLupo	dsDNA	70030
Bauervirus			OP580516	Arthrobacter phage Bauer	dsDNA	50446
Baybaevirus			OQ079154	Vibrio phage Baybae	dsDNA	42372
Bcepmuvirus			AY539836	Burkholderia phage BcepMu	dsDNA	36748
Bcepmuvirus			CP000622	Burkholderia phage phiE255	dsDNA	37446
Beceayunavirus			HE614282	Bacillus phage BceA1	dsDNA	42932
Becedseptimavirus			JN712910	Bacillus phage BCD7	dsDNA	93839
Beenievirus			MG845393	Gordonia phage Beenie	dsDNA	47953
Beenievirus			MK801729	Gordonia phage Clark	dsDNA	47716
Behunavirus			MH983004	Lactobacillus phage BH1	dsDNA	40721
Bendigovirus			KR063280	Gordonia phage GMA6	dsDNA	83324
Benedictvirus			MG099938	Mycobacterium phage Archetta	dsDNA	47409
Benedictvirus			JN083852	Mycobacterium phage Benedict	dsDNA	51083
Bernalvirus			KJ510413	Mycobacterium phage Bernal13	dsDNA	42392
Bernalvirus			MG925349	Mycobacterium phage Mendokysei	dsDNA	43511
Betterkatzvirus			KU963261	Gordonia phage BetterKatz	dsDNA	50636
Bglawtbvirus			OQ735257	Burkholderia phage vB_BglM_WTB	dsDNA	68541
Bigmanorsvirus			OK665842	Burkholderia phage BgManors32	dsDNA	59762
Bingvirus			MG757154	Streptomyces phage Bing	dsDNA	56341
Bippervirus			KU728633	Mycobacterium phage Bipper	dsDNA	77832
Bismarckvirus			OP297545	Arthrobacter phage Shambre1	dsDNA	42211
Bjornvirus			MG775259	Pseudomonas phage Bjorn	dsDNA	45936
Bluefeathervirus			MT024867	Arthrobacter phage BlueFeather	dsDNA	16302
Bocovirus			MK796797	Shewanella phage X14	dsDNA	36515
Bonzeevirus			MW021763	Serratia phage vB_SmaS_Bigdog	dsDNA	42495
Bonzeevirus			OM135608	Serratia phage vB_SmaS_Bonzee	dsDNA	42045
Borockvirus			KX925554	Streptomyces phage BRock	dsDNA	112523
Bowservirus			KU998235	Gordonia phage Bowser	dsDNA	46570
Bridgettevirus			MH834603	Arthrobacter phage Bridgette	dsDNA	43113
Bridgettevirus			MH834605	Arthrobacter phage Constance	dsDNA	43706
Brigitvirus			MG711465	Faecalibacterium phage FP_Brigit	dsDNA	61716
Britbratvirus			KU998233	Gordonia phage BritBrat	dsDNA	55524
Brunovirus			KT630649	Salmonella phage SEN34	dsDNA	40740
Bruynoghevirus			LN610578	Pseudomonas phage vB_PaeP_C2-10_Ab22	dsDNA	45808
Bruynoghevirus			KP233880	Pseudomonas phage PhiCHU	dsDNA	45626
Buchananvirus			MH023293	Escherichia phage vB_EcoS Sa179lw	dsDNA	46833
Bugaksanvirus			KT968831	Pseudomonas phage YMC11/02/R656	dsDNA	60919
Bunatrivirus			OP066531	Bacillus phage B13	dsDNA	36864
Burrovirus			MN062711	Microbacterium phage Araxxi	dsDNA	53981
Burrovirus			MT024863	Microbacterium phage Arete	dsDNA	53692
Busanvirus			KY979132	Acidovorax phage ACP17	dsDNA	156281
Caminolopintovirus			MW477799	Salmonella phage vB_Se_STGO-35-1	dsDNA	47483
Camtrevirus			JN191664	Bacillus phage BtCS33	dsDNA	41992
Camtrevirus			KF296718	Bacillus phage phiCM3	dsDNA	38772
Cantarevirus			MK016493	Brevibacterium phage Cantare	dsDNA	90743
Capnelvirus			JQ066768	Rhodobacter phage RcapNL	dsDNA	40489
Carnodivirus			MZ398135	Carnobacterium phage cd2	dsDNA	57220
Carnodivirus			MZ399596	Carnobacterium phage cd4	dsDNA	56713
Carvajevirus			OL604152	Klebsiella phage vB_KpnS-Carvaje	dsDNA	56858
Casadabanvirus			LN610590	Pseudomonas phage vB_PaeS_PAO1_Ab30	dsDNA	37238
Casadabanvirus			MW390886	Pseudomonas phage AIIMS-Pa-B1	dsDNA	37578
Cbastvirus			HQ634192	Cellulophaga phage phiST	dsDNA	79114
Cecivirus			GU229986	Bacillus phage 250	dsDNA	56505
Cecivirus			EU874396	Bacillus phage IEBH	dsDNA	53104
Cedarrivervirus			MF158038	Shigella phage Sf11 SMD-2017	dsDNA	46454
Ceduovirus			MH779519	Lactococcus phage vB_LLc_bIBB14	dsDNA	21710
Ceduovirus			MH779522	Lactococcus phage vB_Llc_bIBBA3	dsDNA	21906
Cequinquevirus			EU340421	Lactobacillus phage c5	dsDNA	31841
Cequinquevirus			KJ564038	Lactobacillus phage Ld3	dsDNA	29616
Chakrabartyvirus			KU873925	Pseudomonas phage pf16	dsDNA	158136
Chenonavirus			AY129333	Mycobacterium phage Che9c	dsDNA	57050
Chenonavirus			KP027201	Mycobacterium phage Sbash	dsDNA	55832
Chertseyvirus			KT339177	Lactococcus phage GE1	dsDNA	24847
Chewyvirus			KX557288	Rhodococcus phage ChewyVIII	dsDNA	69165
Chidieberevirus			MN586022	Gordonia phage Chidiebere	dsDNA	91072
Chidieberevirus			MZ820089	Gordonia phage ChisanaKitsune	dsDNA	88657
Chopinvirus			DQ535032	Lactococcus phage KSY1	dsDNA	79232
Chymeravirus			KU958700	Streptomyces phage Chymera	dsDNA	34742
Cimandefvirus			MT740730	Ralstonia phage Cimandef	dsDNA	55171
Cimandefvirus			MT740736	Ralstonia phage Eline	dsDNA	57352
Cimpunavirus			GQ241246	Clavibacter phage CMP1	dsDNA	58652
Cinunavirus			KF669650	Clavibbacter phage CN1A	dsDNA	56789
Clawzvirus			MT498058	Gordonia phage Clawz	dsDNA	57664
Coatlandelriovirus			MH252365	Ralstonia phage phiRSP	dsDNA	44526
Cobrasixvirus			OK499971	Enterobacter phage vB_EclS_CobraSix	dsDNA	47816
Coetzeevirus			JX486087	Lactobacillus phage ATCC 8014-B1	dsDNA	38002
Coetzeevirus			JN051154	Pediococcus phage cIP1	dsDNA	38013
Coeurvirus			MK801723	Gordonia phage Coeur	dsDNA	16223
Colneyvirus			EU719189	Clostridioides phage phiCD27	dsDNA	50930
Colneyvirus			LN681539	Clostridium phage phiCD505	dsDNA	49316
Colunavirus			KR905066	Lactobacillus phage CL1	dsDNA	39474
Colunavirus			KR905067	Lactobacillus phage CL2	dsDNA	38751
Comeauvirus			JQ177061	Vibrio phage CP-T1	dsDNA	44492
Comeauvirus			JQ177064	Vibrio phage vB_VchM-138	dsDNA	44485
Coralvirus			MH834606	Arthrobacter phage Coral	dsDNA	38317
Coralvirus			MH834616	Arthrobacter phage Kepler	dsDNA	38449
Corndogvirus			KF017002	Mycobacterium phage Catdawg	dsDNA	72108
Corndogvirus			AY129335	Mycobacterium phage Corndog	dsDNA	69777
Coventryvirus			MF428481	Staphylococcus phage SN8	dsDNA	39803
Coventryvirus			AP019560	Staphylococcus phage SP120	dsDNA	40530
Craquatrovirus			MW057856	Providencia phage PSTCR4	dsDNA	57214
Craquatrovirus			MW057861	Providencia phage PSTCR7	dsDNA	57986
Cratervirus			KU998253	Gordonia phage Orchid	dsDNA	80650
Cronusvirus			KR935217	Rhodobacter phage RcCronus	dsDNA	35985
Cukevirus			MG757156	Mycobacterium phage Cuke	dsDNA	68869
Daredevilvirus			MH590603	Gordonia phage DareDevil	dsDNA	90490
Decurrovirus			KT355471	Arthrobacter phage Decurro	dsDNA	15524
Delepquintavirus			MG189906	Stenotrophomonas phage vB_SmaS_DLP_5	dsDNA	96542
Delfunavirus			LC513943	Enterococcus phage vB_EfaS-DELF1	dsDNA	40248
Delfunavirus			CAJDKB010000002	Enterococcus phage vB_EhiS_268	dsDNA	40542
Delislevirus			AF246223	Mycoplasma phage P1	dsDNA	11660
Demosthenesvirus			KU998242	Gordonia phage Demosthenes	dsDNA	74073
Demosthenesvirus			KU963258	Gordonia phage Katyusha	dsDNA	75380
Denisevirus			MN428053	Gordonia phage Denise	dsDNA	45043
Deseoctovirus			MH717097	Escherichia phage C1	dsDNA	46667
Deseoctovirus			MK759854	Shigella phage DS8	dsDNA	44605
Detrevirus			AF165214	Pseudomonas phage D3	dsDNA	56426
Detrevirus			HQ711985	Pseudomonas phage PMG1	dsDNA	54024
Deurplevirus			MF176161	Bacillus phage Deep-Purple	dsDNA	36278
Dhillonvirus			MG581355	Escherichia phage B2	dsDNA	44283
Dhillonvirus			MW822006	Escherichia phage BF9	dsDNA	44963
Dibbivirus			MK798143	Pantoea phage vB_PagM_AAM37	dsDNA	49990
Dibbivirus			JN022534	Xanthomonas phage vB_XveM_DIBBI	dsDNA	49981
Dinavirus			MT740734	Ralstonia phage Dina	dsDNA	39161
Dismasvirus			MG670586	Microbacterium phage Dismas	dsDNA	41593
Docdeeseptimavirus			GU580940	Rhodococcus phage ReqiDocB7	dsDNA	75772
Dolmabahcevirus			MW291017	Streptomyces phage TurkishDelight	dsDNA	93606
Donellivirus			JN638751	Bacillus phage G	dsDNA	497513
Doucettevirus			KX620750	Propionibacterium phage B22	dsDNA	37219
Doucettevirus			KX620751	Propionibacterium phage Doucette	dsDNA	37429
Dubuvirus			MK937595	Streptomyces phage Dubu	dsDNA	39535
Dybvigvirus			DQ123818	Actinomyces phage Av-1	dsDNA	17171
Eagleeyevirus			KF861510	Mycobacterium phage EagleEye	dsDNA	52974
Edenvirus			MH509447	Microbacterium phage Eden	dsDNA	40833
Edwardsroadvirus			JN116822	Rhodococcus phage RRH1	dsDNA	14270
Eetrevirus			HM114277	Rhodococcus phage E3	dsDNA	142563
Efemquintavirus			KT588072	Enterococcus phage IME-EFm5	dsDNA	42265
Efemunavirus			KJ010489	Enterococcus phage IME-EFm1	dsDNA	42597
Efemunavirus			OP018674	Enterococcus phage vB_Efm_LG62	dsDNA	42236
Efquatrovirus			MH203384	Enterococcus phage vB_EfaS_AL2	dsDNA	40836
Efquatrovirus			MH203383	Enterococcus phage vB_EfaS_AL3	dsDNA	40789
Efunavirus			MF001358	Entercoccus phage EF1	dsDNA	141996
Efunavirus			OP534061	Entercoccus phage H1	dsDNA	138084
Eiauvirus			KF772233	Edwardsiella phage eiAU	dsDNA	43015
Eisenstarkvirus			EU717894	Xanthomonas phage phiL7	dsDNA	44080
Elemovirus			MT497017	Flavobacterium phage vB_FspP_elemoA_7-9A	dsDNA	61691
Elemovirus			MT497068	Flavobacterium phage vB_FspP_elemoB_14-3B	dsDNA	60925
Elerivirus			MG839027	Microbacterium phage Eleri	dsDNA	40366
Elmenteitavirus			MH884509	Bacillus phage vB_BboS-125	dsDNA	58528
Emdodecavirus			KR052480	Sinorhizobium phage phiM7	dsDNA	188427
Emdodecavirus			KF381361	Sinorhizobium phage phiM12	dsDNA	194701
Emirosevirus			MN586033	Corynebacterium phage EmiRose	dsDNA	37429
Emperorvirus			MH271296	Gordonia phage Emperor	dsDNA	16604
Emperorvirus			MG812496	Gordonia phage SallySpecial	dsDNA	15896
Eneladusvirus			KY630187	Serratia phage BF	dsDNA	357154
Eneladusvirus			LT960551	Yersinia phage fHe-Yen9-04	dsDNA	354378
Enfavirus			MN812722	Vibrio phage NF	dsDNA	44507
Enhodamvirus			JF712866	Vibrio phage phiVC8	dsDNA	39422
Enhodamvirus			AY505112	Vibrio phage VP2	dsDNA	39853
Eponavirus			MG711462	Faecalibacterium phage FP_Epona	dsDNA	49573
Ericdabvirus			MK660712	Gordonia phage EricDab	dsDNA	16658
Eurybiavirus			HQ634174	Cyanophage MED4-213	dsDNA	180977
Eurybiavirus			GU071101	Prochlorococcus phage P-HM1	dsDNA	181044
Evaavirus			OP434461	Gordonia phage Evaa	dsDNA	61187
Eyrevirus			KX557277	Gordonia phage Eyre	dsDNA	44929
Fairfaxidumvirus			MK814757	Gordonia phage Fairfaxidum	dsDNA	50187
Fairfaxidumvirus			MN234161	Gordonia phage Toast	dsDNA	49604
Fajavirus			MH834612	Arthrobacter phage Faja	dsDNA	52490
Farahnazvirus			KJ173786	Microbacterium phage vB_MoxS-ISF9	dsDNA	59254
Fattrevirus			AY605066	Lactobacillus phage PhiAT3	dsDNA	39166
Fenglinvirus			KP063902	Bacillus phage BalMu-1	dsDNA	39873
Feofaniavirus			MH443100	Erwinia phage vB_EhrS_49	dsDNA	46835
Feofaniavirus			MH443101	Erwinia phage vB_EhrS_59	dsDNA	47116
Fernvirus			MG727695	Paenibacillus phage PN12	dsDNA	39485
Fernvirus			KP296791	Paenibacillus phage Diva	dsDNA	37246
Fibralongavirus			AY954954	Staphylococcus phage 2638A	dsDNA	41318
Fibralongavirus			MK450538	Staphylococcus phage vB_SpsS_QT1	dsDNA	43029
Ficleduovirus			KM873719	Flavobacterium phage FCL-2	dsDNA	47142
Ficleduovirus			KY979235	Flavobacterium phage FCV-1	dsDNA	46450
Finchvirus			MG962366	Rhodococcus phage Finch	dsDNA	138896
Finkelvirus			ON456347	Gordonia phage Finkle	dsDNA	47895
Fipvunavirus			KU599877	Flavobacterium phage Fpv1	dsDNA	88994
Fipvunavirus			KT876724	Flavobacterium phage Fpv4	dsDNA	88308
Firingavirus			MT740737	Ralstonia phage Firinga	dsDNA	39744
Firingavirus			AB863625	Ralstonia phage RSK1	dsDNA	40471
Footloosevirus			MZ150789	Microbacterium phage Footloose	dsDNA	39738
Forzavirus			MK814760	Gordonia phage Forza	dsDNA	114174
Fowlmouthvirus			MH834613	Mycobacterium phage Fowlmouth	dsDNA	69660
Foxquatrovirus			MT161385	Xanthomonas phage FoX4	dsDNA	60418
Foxunavirus			MT161381	Xanthomonas phage FoX1	dsDNA	44763
Foxunavirus			MT161382	Xanthomonas phage FoX2	dsDNA	44086
Franklinbayvirus			HQ317390	Colwellia phage 9A	dsDNA	104936
Frederiksbergvirus			PQ008971	Pectobacterium phage Amona	dsDNA	42206
Frederiksbergvirus			PQ008972	Pectobacterium phage Koroua	dsDNA	41346
Fremauxvirus			MK779875	Lactococcus phage CHPC971	dsDNA	54381
Fremauxvirus			EU081845	Lactococcus phage 1706	dsDNA	55597
Fromanvirus			JN699005	Mycobacterium phage Alma	dsDNA	53177
Fromanvirus			JX015524	Mycobacterium phage Astro	dsDNA	52494
Fukuivirus			AB231700	Microcystis phage LMM01	dsDNA	162109
Fukuivirus			KF356199	Microcystis phage MaMV-DC	dsDNA	169223
Fuzanglongvirus			GQ919031	Streptomyces phage ZL12	dsDNA	90435
Gaiavirus			KJ567043	Mycobacterium phage Gaia	dsDNA	90460
Galaxyvirus			MF140397	Arthrobacter phage Abidatro	dsDNA	39122
Galaxyvirus			KU160644	Arthrobacter phage Galaxy	dsDNA	37809
Galunavirus			KR053194	Gordonia phage GAL1	dsDNA	49979
Gamtrevirus			KR063279	Gordonia phage GMA3	dsDNA	77779
Gervaisevirus			MT740731	Ralstonia phage Claudette	dsDNA	57085
Gervaisevirus			MT740740	Ralstonia phage Gervaise	dsDNA	61164
Getseptimavirus			KR063278	Gordonia phage GMA7	dsDNA	73419
Getseptimavirus			JN035618	Gordonia phage GTE7	dsDNA	74431
Ghobesvirus			KX557278	Gordonia phage Ghobes	dsDNA	45285
Gilesvirus			EU203571	Mycobacterium phage Giles	dsDNA	53746
Gilesvirus			PQ821648	Mycobacterium phage ZM2	dsDNA	55402
Gilgameshvirus			MN234216	Streptomyces phage Gilgamesh	dsDNA	129136
Gillianvirus			MH727556	Microbacterium phage OneinaGillian	dsDNA	61703
Gimaduovirus			KR063281	Gordonia phage GMA2	dsDNA	103424
Gladiatorvirus			MN586039	Mycobacterium phage Blinn1	dsDNA	51800
Gladiatorvirus			KF560332	Mycobacterium phage CloudWang3	dsDNA	52873
Godonkavirus			MK620899	Gordonia phage GodonK	dsDNA	122563
Godonkavirus			MN096369	Gordonia phage Phendrix	dsDNA	121350
Gofduovirus			MH898687	Edwardsiella phage Edno5	dsDNA	40844
Gofduovirus			AP014629	Edwardsiella phage GF-2	dsDNA	43129
Goodmanvirus			MK016495	Microbacterium phage Goodman	dsDNA	42363
Gordonvirus			MH450115	Arthrobacter phage Breylor17	dsDNA	57822
Gordonvirus			KU160641	Arthrobacter phage CaptnMurica	dsDNA	58159
Gordtnkvirus			KP790008	Gordonia phage GordTnk2	dsDNA	75987
Gorganvirus			KY742649	Proteus phage vB_PmiS-Isfahan	dsDNA	54836
Gorjumvirus			KX557281	Gordonia phage Jumbo	dsDNA	78302
Grutrevirus			KR053198	Gordonia phage GMA5	dsDNA	17562
Grutrevirus			KR053197	Gordonia phage GRU3	dsDNA	17727
Gustavvirus			MG198784	Gordonia phage Gustav	dsDNA	44408
Gustavvirus			MG198783	Gordonia phage Mahdia	dsDNA	42475
Hafyongvirus			MT135176	Hafnia phage yong1	dsDNA	43329
Haihevirus			OM141125	Pseudomonas phage PP9W2	dsDNA	54311
Halcyonevirus			MH431938	Paenibacillus phage C7Cdelta	dsDNA	55774
Halcyonevirus			MH460827	Paenibacillus phage Halcyone	dsDNA	55560
Halfdanvirus			MH362766	Escherichia phage Halfdan	dsDNA	42858
Hapunavirus			EU399241	Halomonas phage phiHAP-1	dsDNA	39245
Hapunavirus			EF057797	Vibrio phage VP882	dsDNA	38197
Harrisonburgvirus			MT613935	Pseudomonas phage Persinger	dsDNA	44033
Hattifnattvirus			MN812207	Flavobacterium phage vB_FspS_hattifnatt9-1	dsDNA	39262
Hedwigvirus			KX557279	Gordonia phage Hedwig	dsDNA	44536
Heilongjiangvirus			MG020111	Lactobacillus phage Lb	dsDNA	43416
Helsingorvirus			KC821613	Cellulophaga phage phi12:1	dsDNA	39148
Helsingorvirus			KC821617	Cellulophaga phage phi17:1	dsDNA	38776
Hestiavirus			MH910036	Arthrobacter phage Hestia	dsDNA	51476
Hiroshimavirus			AB775548	Pseudomonas phage PPpW-3	dsDNA	43564
Hiyaavirus			MK279841	Streptomyces phage Hiyaa	dsDNA	83219
Hnatkovirus			JN698994	Mycobacterium phage DS6A	dsDNA	60588
Hollowayvirus			MF490237	Pseudomonas phage vB_PaeP_E220	dsDNA	62874
Hollowayvirus			MT118301	Pseudomonas phage Epa33	dsDNA	64021
Holosalinivirus			MF580955	Salinibacter phage M1EM-1	dsDNA	35883
Holosalinivirus			MF580957	Salinibacter phage M8CR30-2	dsDNA	35099
Homburgvirus			KJ094020	Listeria phage LP-026	dsDNA	67150
Homburgvirus			JX126920	Listeria phage LP-037	dsDNA	64756
Howevirus			KU252585	Gordonia phage Howe	dsDNA	53182
Howevirus			MN428055	Gordonia phage Mcklovin	dsDNA	53155
Huairouvirus			MW582532	Nocardia phage P3.1	dsDNA	66621
Hubeivirus			KT725776	Bacillus phage vB_BceS-MY192	dsDNA	44696
Hubeivirus			KX227757	Bacillus phage PfEFR-4	dsDNA	43223
Hulijingvirus			ON778007	Pseudomonas phage vB_Pae_LC3I3	dsDNA	49926
Hungariovirus			MH363708	Escherichia phage C130_2	dsDNA	41775
Iaduovirus			KR905068	Lactobacillus phage iA2	dsDNA	34155
Ibantikvirus			MH155870	Streptomyces phage Ibantik	dsDNA	56362
Identitycrisisvirus			MN234184	Mycobacterium phage IdentityCrisis	dsDNA	38341
Ignaciovirus			ON392164	Streptomyces phage AxeJC	dsDNA	37765
Ignaciovirus			MT451982	Streptomyces phage Cumberbatch	dsDNA	37566
Ikedavirus			MG324353	Corynebacterium phage phi673	dsDNA	44530
Ikedavirus			MG324354	Corynebacterium phage phi674	dsDNA	43193
Illiduovirus			PP496443	Pseudomonas phage vB_PpuM-Lauda	dsDNA	201030
Illiduovirus			PP496444	Pseudomonas phage vB_PpuM-Peetri	dsDNA	200264
Ilzatvirus			MG839019	Microbacterium phage Hamlet	dsDNA	41934
Ilzatvirus			MG839029	Microbacterium phage Ilzat	dsDNA	41525
Immutovirus			MW353175	Flavobacterium phage vB_FspM_immuto_2-6A	dsDNA	160410
Incheonvirus			KR136259	Polaribacter phage P12002L	dsDNA	48689
Incheonvirus			KR136260	Polaribacter phage P12002S	dsDNA	49847
Indlulamithivirus			MN585993	Mycobacterium phage Indlulamithi	dsDNA	71538
Inhavirus			JQ823123	Nonlabens phage P12024L	dsDNA	35652
Inhavirus			JQ823122	Nonlabens phage P12024S	dsDNA	35700
Iodovirus			EU876853	Iodobacter phage PhiPLPE	dsDNA	47453
Ionavirus			GQ357915	Delftia phage PhiW-14	dsDNA	157486
Isoldevirus			MH910037	Arthrobacter phage Isolde	dsDNA	53234
Ittyvirus			MW460249	Pseudomonas phage Itty13	dsDNA	61818
Jacevirus			MH153804	Gordonia phage Jace	dsDNA	53912
Jarrellvirus			AY616446	Bacillus phage BCASJ1c	dsDNA	41092
Jasminevirus			MF668266	Arthrobacter phage Adat	dsDNA	45428
Jasminevirus			KU160650	Arthrobacter phage Jasmine	dsDNA	46723
Jenstvirus			KT151955	Brevibacillus phage Jenst	dsDNA	126341
Jimmervirus			KC595514	Brevibacillus phage Jimmer2	dsDNA	54312
Jimmervirus			KT151956	Brevibacillus phage Osiris	dsDNA	52955
Juiceboxvirus			MH727550	Corynebacterium phage Juicebox	dsDNA	41394
Jujuvirus			MT723935	Gordonia phage Azula	dsDNA	53622
Jujuvirus			MW291016	Gordonia phage Blino	dsDNA	54168
Junavirus			KC171646	Lactobacillus phage J-1	dsDNA	40931
Junavirus			MF999224	Lactobacillus phage LJ	dsDNA	44260
Kafunavirus			AB757800	Edwardsiella phage KF-1	dsDNA	41549
Kairosalinivirus			MF580961	Salinibacter phage M31CR41-2	dsDNA	51889
Kairosalinivirus			MF629150	Salinibacter phage SRUTV-1	dsDNA	50672
Kamchatkavirus			KX965989	Aeribacillus phage AP45	dsDNA	51606
Kampevirus			MH536812	Gordonia phage Apricot	dsDNA	52195
Kelleziovirus			KU647626	Arthrobacter phage KellEzio	dsDNA	58871
Kelleziovirus			KU647627	Arthrobacter phage Kitkat	dsDNA	58560
Kelquatrovirus			MH128984	Burkholderia phage vB_BmuP_KL4	dsDNA	42250
Kimonavirus			MF472895	Mycobacterium phage Kimona	dsDNA	50283
Klausavirus			KM879463	Arthrobacter phage vB_ArtM-ArV1	dsDNA	71200
Klausavirus			MF185718	Arthrobacter phage Colucci	dsDNA	70707
Kleczkowskavirus			JX483876	Rhizobium phage RHEph04	dsDNA	53018
Klementvirus			AB720063	Xanthomonas phage CP1	dsDNA	43870
Klepvirus			OM654376	Paracoccus phage vB_PmaP_KLEP18-1	dsDNA	39110
Knuthellervirus			MG596800	Pseudomonas phage PMBT14	dsDNA	47820
Kochitakasuvirus			AB910393	Pseudomonas phage KPP25	dsDNA	64113
Kochitakasuvirus			LC102729	Pseudomonas phage PhiR18	dsDNA	63560
Kojivirus			MG925343	Microbacterium phage Golden	dsDNA	39640
Kojivirus			MG925345	Microbacterium phage Koji	dsDNA	39403
Konstantinevirus			FJ174691	Mycobacterium phage Konstantine	dsDNA	68952
Korravirus			KU160640	Arthrobacter phage Bennie	dsDNA	43075
Korravirus			MK112529	Arthrobacter phage BigMack	dsDNA	43357
Kostyavirus			JF937091	Mycobacterium phage Bask21	dsDNA	74997
Kostyavirus			AY129331	Mycobacterium phage CJW1	dsDNA	75931
Krampusvirus			MH271301	Microbacterium phage Krampus	dsDNA	56708
Krompvirus			MH744420	Streptomyces phage Kromp	dsDNA	58268
Kronosvirus			OQ330850	Caulobacter phage TMCBR4	dsDNA	42496
Kronosvirus			MH884648	Caulobacter phage Kronos	dsDNA	42424
Krylovvirus			HE611333	Pseudomonas phage tf	dsDNA	46271
Kryptosalinivirus			MF580956	Salinibacter phage M8CC-19	dsDNA	53812
Kryptosalinivirus			MF580959	Salinibacter phage M8CRM-1	dsDNA	53197
Kuleanavirus			MN484600	Arthrobacter phage Kuleana	dsDNA	38850
Kumottavirus			MK977703	Arthrobacter phage Kumotta	dsDNA	40317
Kumottavirus			MH450123	Arthrobacter phage MargaretKali	dsDNA	39448
Kungbxnavirus			LC168164	Tenacibaculum phage pT24	dsDNA	234670
Kunmingvirus			MK804891	Aeromonas phage 2_D05	dsDNA	43233
Kunmingvirus			MK804892	Aeromonas phage 4_D05	dsDNA	42249
Lacfervirus			OR048821	Lactobacillus virus LFP01	dsDNA	40562
Lacnuvirus			AY131267	Lactobacillus phage Lc-Nu	dsDNA	36466
Lacusarxvirus			KY629563	Sphingobium phage Lacusarx	dsDNA	130138
Lafunavirus			HQ141410	Lactobacillus phage LF1	dsDNA	42606
Lagaffevirus			MG711461	Faecalibacterium phage FP_Lagaffe	dsDNA	48211
Lanavirus			MK473373	Pseudomonas phage Lana	dsDNA	88403
Larmunavirus			EU246945	Lactobacillus phage Lrm1	dsDNA	39989
Laroyevirus			KU160654	Arthrobacter phage Laroye	dsDNA	60005
Laroyevirus			MF140418	Arthrobacter phage LiSara	dsDNA	60137
Lastavirus			MT251347	Klebsiella phage LASTA	dsDNA	62420
Lastavirus			MF612073	Klebsiella phage SopranoGao	dsDNA	61644
Latrobevirus			MK554696	Fusobacterium phage FNU1	dsDNA	130914
Lederbergvirus			LT714109	Salmonella phage BTP1	dsDNA	40525
Lederbergvirus			AF335538	Enterobacteria phage HK620	dsDNA	38297
Leicestervirus			LN681535	Clostridium phage phiCD111	dsDNA	41560
Leicestervirus			LN681536	Clostridium phage phiCD146	dsDNA	41507
Lentavirus			MH626557	Eggerthella phage PMBT5	dsDNA	30930
Lessievirus			AY349011	Burkholderia phage Bcep22	dsDNA	63882
Lessievirus			FJ937737	Burkholderia phage BcepIL02	dsDNA	62715
Lietduovirus			MK388689	Pantoea phage vB_PagM_LIET2	dsDNA	74710
Lightbulbvirus			KC821632	Cellulophaga phage phi4:1	dsDNA	145865
Lightbulbvirus			KC821609	Cellulophaga phage phi17:2	dsDNA	145343
Lillamyvirus			MN812208	Flavobacterium phage vB_FspS_hemulen6-1	dsDNA	39039
Lillamyvirus			MN812212	Flavobacterium phage vB_FspS_lillamy9-1	dsDNA	38268
Lilspottyvirus			MK977707	Mycobacterium phage LilSpotty	dsDNA	49798
Lilyvirus			KP296792	Bacteriophage Lily	dsDNA	44952
Lingdingyangvirus			MT074134	Bacteroides phage ARB14	dsDNA	37476
Lingdingyangvirus			OP172713	Bacteroides phage BT401P3	dsDNA	38588
Lishizhenvirus			MW748993	Pseudomonas phage BUCT566	dsDNA	49154
Llyrvirus			HQ633071	Synechococcus phage S-SKS1	dsDNA	208007
Lokivirus			KF811200	Acinetobacter phage IMEAB3	dsDNA	43050
Lokivirus			LN890663	Acinetobacter phage Loki	dsDNA	41308
Loughboroughvirus			MK673511	Salmonella phage ZCSE2	dsDNA	53965
Lowersilesiavirus			OQ101248	Acinetobacter phage Acba_3	dsDNA	55181
Lowersilesiavirus			OQ101249	Acinetobacter phage Acba_4	dsDNA	57429
Lubbockvirus			AY855346	Clostridium phage phi CD119	dsDNA	53325
Lubbockvirus			LK985322	Clostridium phage phiCDHM19	dsDNA	54295
Luchadorvirus			MT522004	Mycobacterium phage Gail	dsDNA	53702
Luchadorvirus			MN310541	Mycobacterium phage Jeeves	dsDNA	52466
Luckybarnesvirus			MF668275	Brevibacterium phage LuckyBarnes	dsDNA	50774
Luckytenvirus			KU963256	Gordonia phage Lucky10	dsDNA	42979
Lughvirus			MG711464	Faecalibacterium phage FP_Lugh	dsDNA	34075
Luojiashanvirus			OR797046	Stenotrophomonas phage vB_SmaS_Bhz63	dsDNA	40472
Luojiashanvirus			MT872956	Stenotrophomonas phage phiSHP3	dsDNA	37611
Lwoffvirus			JX887877	Bacillus phage vB_BtS_BMBtp2	dsDNA	36932
Lwoffvirus			EU887664	Bacillus phage TP21-L	dsDNA	37456
Macdonaldcampvirus			MK947460	Salmonella phage vB_SenS_SB28	dsDNA	45126
Macdonaldcampvirus			AM491472	Salmonella phage Vi II-E1	dsDNA	45051
Magadivirus			KU665491	Bacillus phage Mgbh1	dsDNA	58951
Magiavirus			MT701587	Burkholderia phage Magia	dsDNA	44942
Majavirus			MK279899	Arthrobacter phage Maja	dsDNA	36776
Malagasyrosevirus			MN234170	Mycobacterium phage MalagasyRose	dsDNA	54301
Malkevirus			KT337347.1	Streptococcus phage phiARI0285-3	dsDNA	39454
Malkevirus			KY065485	Streptococcus phage IPP45	dsDNA	37387
Manovirus			MT708550	Achromobacter phage Mano	dsDNA	42452
Marchandvirus			JQ177065	Pectobacterium phage ZF40	dsDNA	48454
Mardecavirus			JX556418	Vibrio phage vB_VpaS_ MAR10	dsDNA	78751
Mardecavirus			JQ692107	Vibrio phage SSP002	dsDNA	76350
Mareflavirus			MK203850	Alteromonas phage ZP6	dsDNA	38080
Marfavirus			MG746602	Klebsiella phage vB_Kpn_F48	dsDNA	170764
Marfavirus			MN044033	Klebsiella phage Marfa	dsDNA	168532
Mariborvirus			MT635598	Bacteroides phage Bacuni_F1	dsDNA	40421
Marienburgvirus			AJ556162	Enterobacteria phage BP-4795	dsDNA	57930
Marienburgvirus			JQ347801	Escherichia phage JLK-2012	dsDNA	57198
Marvinvirus			JF704100	Mycobacterium phage Marvin	dsDNA	65100
Marvinvirus			KJ538721	Mycobacterium phage MosMoris	dsDNA	65243
Maxrubnervirus			MG596799	Pseudomonas phage PMBT3	dsDNA	87196
Mboduovirus			ON191531	Rhodococcus phage Mbo2	dsDNA	83111
Mboquatrovirus			ON191532	Rhodococcus phage Mbo4	dsDNA	46226
Mcgonagallvirus			KU998255	Gordonia phage McGonagall	dsDNA	17119
Medeavirus			MW862109	Pseudomonas phage Medea1	dsDNA	58919
Melbournevirus			JN116823	Rhodococcus phage REQ2	dsDNA	49330
Menderavirus			KR560069	Stenotrophomonas phage IME-SM1	dsDNA	159514
Menderavirus			MN098328	Stenotrophomonas phage Mendera	dsDNA	159961
Metrivirus			KU935715	Acinetobacter phage vB_AbaM_ME3	dsDNA	234900
Micavirus			MT701586	Burkholderia phage Mica	dsDNA	43707
Microwolfvirus			AY129332	Mycobacterium phage Bxz2	dsDNA	50913
Microwolfvirus			JF704098	Mycobacterium phage JHC117	dsDNA	50877
Midgardsormrvirus			MN602881	Erwinia phage Midgardsormr38	dsDNA	50485
Miecznikowavirus			KU708004	Pseudomonas phage phiAH14a	dsDNA	55060
Mieseafarmvirus			AB366653	Ralstonia phage phiRSL1	dsDNA	231255
Mimasvirus			KU574722	Pectinobbacterium phage vB_PcaM_CBB	dsDNA	378379
Mimasvirus			JN882285	Cronobacter phage vB_CsaM_GAP32	dsDNA	358663
Minunavirus			EF579802	Microbacterium phage Min1	dsDNA	46365
Minyavirus			OR599646	Pectobacterium phage PcaP2EGY	dsDNA	51385
Miyazakivirus			OP429095	Nocardia phage NS-I	dsDNA	43361
Mohonavirus			HQ641347	Vibrio phage ICP1	dsDNA	125956
Mollymurvirus			MK977705	Gordonia phage Mollymur	dsDNA	90669
Montyvirus			MG757152	Gordonia phage Adgers	dsDNA	76008
Montyvirus			MK967390	Gordonia phage Beaver	dsDNA	77394
Motookavirus			PV796108	Bacillus phage Edson	dsDNA	233813
Motookavirus			LC597490	Bacillus phage vB_BceM_WH1	dsDNA	229829
Moturavirus			MN094788	Achromobacter phage Motura	dsDNA	221431
Mudcatvirus			MF189170	Arthrobacter phage Arcadia	dsDNA	58059
Mudcatvirus			MF324906	Arthrobacter phage Cheesy	dsDNA	58739
Mufasoctovirus			MN586027	Arthrobacter phage Mufasa8	dsDNA	60205
Muldoonvirus			MN095771	Serratia phage Muldoon	dsDNA	167547
Muldoonvirus			KJ025957	Serratia phage PS2	dsDNA	167266
Muminvirus			MN812206	Flavobacterium phage vB_FspS_filifjonk9-1	dsDNA	38028
Muminvirus			MN812224	Flavobacterium phage vB_FspS_mumin9-1	dsDNA	38527
Murrayvirus			KF591601	Enterobacteria phage IME_EC2	dsDNA	41510
Murrayvirus			MK125141	Salmonella phage Lumpael	dsDNA	41126
Mushuvirus			MG711460	Faecalibacterium phage FP_Mushu	dsDNA	36636
Muvirus			AF083977	Escherichia phage Mu	dsDNA	36717
Muvirus			KP010268	Shigella phage SfMu	dsDNA	37146
Mweyongvirus			MZ436628	Microcystis phage Mwe-Yong1112-1	dsDNA	39679
Mycoabscvirus			MW353181	Mycobacterium phage phiT46-1	dsDNA	52849
Myoalterovirus			MN877442	Alteromonas phage vB_AmeM_PT11-V22	dsDNA	92760
Myradeevirus			MF141539	Mycobacterium phage MyraDee	dsDNA	50514
Myxoctovirus			AF396866	Myxococcus phage Mx8	dsDNA	49534
Namazuvirus			KY417925	Ochrobactrum phage POI1126	dsDNA	59782
Nanchangvirus			MW452562	Nocardia phage NC1	dsDNA	68913
Nanhaivirus			KY606587	Dinoroseobacter phage vB_DshS-R5C	dsDNA	77874
Neferthenavirus			MH697589	Microbacterium phage Neferthena	dsDNA	41706
Nevevirus			KJ489010	Lactococcus phage P078	dsDNA	54452
Nevevirus			KJ489011	Lactococcus phage P092	dsDNA	53513
Nickievirus			MG018927	Pseudomonas phage nickie	dsDNA	112225
Nitrunavirus			MF477236	Nocardia phage NTR1	dsDNA	65275
Nonanavirus			KJ802832	Salmonella phage 9NA	dsDNA	52869
Nonanavirus			KC139649.1	Salmonella phage SP069	dsDNA	41391
Northamptonvirus			MH001450	Mycobacterium phage Jeon	dsDNA	60908
Northamptonvirus			KY130461	Mycobacterium phage Taptic	dsDNA	60973
Nubrunavirus			MW654182	Nocardia phage KYD2	dsDNA	46380
Nubrunavirus			JN116828	Nocardia phage NBR1	dsDNA	46140
Nyceiraevirus			KX557282	Gordonia phage Nyceirae	dsDNA	41857
Nylescharonvirus			MF974396	Leptospira phage LE3	dsDNA	48288
Nylescharonvirus			MF974397	Leptospira phage LE4	dsDNA	47866
Odravirus			PV067699	Acinetobacter phage Acjo_20	dsDNA	43796
Oengusvirus			MG711463	Faecalibacterium phage FP_Oengus	dsDNA	58391
Omegavirus			JF937090	Mycobacterium phage Baka	dsDNA	111688
Omegavirus			JN698997	Mycobacterium phage Courthouse	dsDNA	110569
Oneupvirus			MK524501	Gordonia phage BrutonGaster	dsDNA	91510
Oneupvirus			KU998245	Gordonia phage OneUp	dsDNA	93577
Onyinyevirus			MN813687	Mycobacterium phage Onyinye	dsDNA	71419
Oonoonbavirus			JX556417	Vibrio phage vB_VpaM_MAR	dsDNA	41351
Oonoonbavirus			AY133112	Vibrio phage VHML	dsDNA	43198
Oscarsovirus			OP434449	Microbacterium phage OscarSo	dsDNA	33432
Oshimavirus			EU100883	Thermus phage P23-45	dsDNA	84201
Oshimavirus			EU100884	Thermus phage P74-26	dsDNA	83319
Paclarkvirus			KT337358	Streptococcus phage phiARI0468-4	dsDNA	37395
Paclarkvirus			HF563658	Streptococcus phage phiBHN167	dsDNA	37375
Pagevirus			KF669655	Bacillus phage Page	dsDNA	39874
Pagevirus			KP411017	Bacillus phage Palmer	dsDNA	40000
Pahexavirus			JX262225	Propionibacterium phage ATCC29399B_C	dsDNA	29516
Pahexavirus			JX262224	Propionibacterium phage ATCC29399B_T	dsDNA	29516
Pankowvirus			FJ188381	Stx2-converting phage 1717	dsDNA	62147
Pankowvirus			FM180578	Enterobacteria phage 2851	dsDNA	57248
Papyrusvirus			KF416342	Mycobacterium phage Papyrus	dsDNA	70657
Papyrusvirus			JF704112	Mycobacterium phage Send513	dsDNA	71547
Parlovirus			MK618715	Serratia phage Parlo	dsDNA	62853
Patiencevirus			JN412589	Mycobacterium phage Patience	dsDNA	70506
Pavtokvirus			MH426726	Erwinia phage Pavtok	dsDNA	61401
Pavtokvirus			JN585957	Erwinia phage PEp14	dsDNA	60714
Peebenunavirus			MK291441	Paracoccus phage vB_PbeS_Pben1	dsDNA	39879
Peekonunavirus			MK291442	Paracoccus phage vB_PkoS_Pkon1	dsDNA	49723
Peesulunavirus			MK291443	Paracoccus phage vB_PsuS_Psul1	dsDNA	37901
Peethiunavirus			MK291444	Paracoccus phage vB_PthS_Pthi1	dsDNA	39547
Peetremavirus			PV089522	Mycobacterium phage P3MA	dsDNA	41151
Peetremavirus			MW314853	Mycobacterium phage phiGD34-2	dsDNA	40005
Peeyeiunavirus			MK291445	Paracoccus phage vB_PyeM_Pyei1	dsDNA	50161
Pemunavirus			AB711120	Bacillus phage PM1	dsDNA	50861
Pepyhexavirus			GU580941	Rhodococcus phage ReqiPepy6	dsDNA	76797
Pepyhexavirus			GU580942	Rhodococcus phage ReqiPoco6	dsDNA	78064
Perisivirus			JN939332	Brucella phage Pr	dsDNA	38253
Perisivirus			JN939331	Brucella phage Tb	dsDNA	41148
Persistencevirus			MW712719	Arthrobacter phage Persistence	dsDNA	50433
Phabquatrovirus			MF663786	Bordetella phage vB_BbrM_PHB04	dsDNA	94005
Pharaohvirus			MK524530	Mycobacterium phage Pharaoh	dsDNA	50346
Pharaohvirus			MH513984	Mycobacterium phage Steamy	dsDNA	53420
Phifelvirus			GQ478081	Enterococcus phage phiFL1A	dsDNA	38764
Phifelvirus			GQ478084	Enterococcus phage phiFL2A	dsDNA	36270
Phleivirus			KT206225	Mycobacterium phage Phlei	dsDNA	50418
Phrappuccinovirus			MK937592	Mycobacterium phage Phrappuccino	dsDNA	136361
Picardvirus			KY092480	Streptomyces phage Picard	dsDNA	39522
Pikminvirus			MG944218	Microbacterium phage Pikmin	dsDNA	39307
Piorkowskivirus			KX879641	Streptococcus phage CHPC577	dsDNA	35129
Piorkowskivirus			KX879642	Streptococcus phage CHPC926	dsDNA	30077
Plaisancevirus			KU862660	Pseudomonas phage phiPMW	dsDNA	103218
Plateaulakevirus			MK804893	Aeromonas phage 2L372D	dsDNA	122963
Plateaulakevirus			MK813938	Aeromonas phage 2L372X	dsDNA	115893
Pleeduovirus			KU848187	Lactobacillus phage PLE2	dsDNA	35068
Pleetrevirus			KR905069	Lactobacillus phage iLp84	dsDNA	39399
Pleetrevirus			KU848186	Lactobacillus phage PLE3	dsDNA	41005
Polybotosvirus			MF403008	Agrobacterium phage Atu_ph07	dsDNA	490380
Popoffvirus			JQ177063	Aeromonas phage vB_AsaM-56	dsDNA	43551
Porunavirus			KT716399	Pseudomonas phage POR1	dsDNA	55349
Poushouvirus			MF197383	Corynebacterium phage Poushou	dsDNA	40353
Powerballvirus			MN234218	Gordonia phage Powerball	dsDNA	47680
Predatorvirus			EU770222	Mycobacterium phage Predator	dsDNA	70110
Psavirus			JX120799	Listeria phage LP-030-2	dsDNA	38275
Psavirus			AJ312240	Listeria phage PSA	dsDNA	37618
Pukovnikvirus			KU568494	Mycobacterium phage Bactobuster	dsDNA	52129
Pukovnikvirus			MK279857	Mycobacterium phage IronMan	dsDNA	53467
Pulverervirus			KU984979	Propionibacterium phage PFR1	dsDNA	38071
Pumpernickelvirus			OK040790	Microbacterium phage Pumpernickel	dsDNA	186095
Punavirus			AF234172	Escherichia phage P1	dsDNA	94800
Punavirus			FO818745	Escherichia phage RCS47	dsDNA	115154
Puppervirus			MK977695	Gordonia phage Pupper	dsDNA	150830
Purivirus			OM418631	Pseudomonas phage UFJF_PfDIW6	dsDNA	42322
Qingdaovirus			MF370964	Pseudoalteromonas phage J2-1	dsDNA	120295
Questintvirus			DQ490056	Lactococcus phage Q54	dsDNA	26537
Quivirus			MN183282	Arthrobacter phage Qui	dsDNA	113685
Rahariannevirus			MT740745	Ralstonia phage Raharianne	dsDNA	46321
Raleighvirus			MH825699	Streptomyces phage Darolandstone	dsDNA	40725
Raleighvirus			KY092484	Streptomyces phage Raleigh	dsDNA	40785
Rauchvirus			AY029185	Bordetella phage BPP-1	dsDNA	42493
Ravarandavirus			MK605242	Nodularia phage vB_NspS-kac65v151	dsDNA	146618
Ravarandavirus			MK605245	Nodularia phage vB_NspS-kac68v161	dsDNA	145400
Ravinvirus			AF064539	Escherichia phage N15	dsDNA	46375
Rcapmuvirus			JN190960	Rhodobacter phage RcapMu	dsDNA	39283
Rcapmuvirus			MW677528	Rhodobacter phage RcWaterboi	dsDNA	38301
Readingvirus			MT104475	Pseudomonas phage MR15	dsDNA	51347
Readingvirus			KJ507100	Pseudomonas phage phiPSA1	dsDNA	51090
Refugevirus			KX657793	Mycobacterium phage DarthPhader	dsDNA	53432
Refugevirus			MK494113	Mycobacterium phage Refuge	dsDNA	53594
Reqipinevirus			GU580943	Rhodococcus phage ReqiPine5	dsDNA	59231
Rerduovirus			MF324898	Rhodococcus phage Hiro	dsDNA	46854
Rerduovirus			MW291027	Rhodococcus phage PhailMary	dsDNA	45614
Reynauldvirus			OR159659	Rhodococcus phage Reynauld	dsDNA	80980
Ribunavirus			JF974315	Rhizobium phage RR1-B	dsDNA	37378
Richievirus			MH834598	Arthrobacter phage Auxilium	dsDNA	49447
Richievirus			MH834625	Arthrobacter phage Richie	dsDNA	53867
Ricunavirus			JF974308	Rhodobacter phage RC1	dsDNA	39573
Rigallicvirus			KF977490	Rhizobium phage vB_RglS_P106B	dsDNA	56024
Rimavirus			MF467948	Streptomyces phage DrGrey	dsDNA	56076
Rimavirus			KX670790	Streptomyces phage Rima	dsDNA	56168
Rivsvirus			MW366843	Erwinia phage pEa_SNUABM_5	dsDNA	267169
Rockefellervirus			DQ831957	Staphylococcus phage CNPH82	dsDNA	43420
Rockefellervirus			KU598975	Staphylococcus phage CNPx	dsDNA	43293
Rockvillevirus			KT970645	Bacillus phage phi4J1	dsDNA	41486
Rogerhendrixvirus			MH183162	Microbacterium phage Hendrix	dsDNA	97757
Ronaldovirus			MH479913	Gordonia phage Fryberger	dsDNA	67234
Ronaldovirus			MH479925	Gordonia phage Ronaldo	dsDNA	68389
Rosariovirus			MN103533	Mycobacterium phage Weirdo19	dsDNA	52581
Rosemountvirus			MT074439	Salmonella phage birk	dsDNA	52767
Rosemountvirus			KM366099	Salmonella phage BP63	dsDNA	52437
Roslyckyvirus			MF403009	Agrobacterium phage Atu_ph08	dsDNA	58966
Roufvirus			JF974294	Aeromonas phage pIS4-A	dsDNA	47624
Rovertvirus			MW021761	Serratia phage vB_SmaS_Rovert	dsDNA	38613
Rowavirus			MG593803	Streptomyces phage Rowa	dsDNA	42890
Ruthyvirus			MT024859	Gordonia phage DumpsterDude	dsDNA	52018
Ruthyvirus			MH536826	Gordonia phage Ruthy	dsDNA	51265
Ryyoungvirus			AY605181	Burkholderia phage BcepC6B	dsDNA	42415
Sagamiharavirus			AP018486	Mycobacterium phage PP	dsDNA	51509
Saintgironsvirus			BX571876	Leptospira phage LE1	dsDNA	73623
Salmondvirus			MH389777	Dickeya phage vB_DsoM_JA11	dsDNA	255356
Salmondvirus			MH460461	Dickeya phage vB_DsoM_JA29	dsDNA	253323
Saltrevirus			KX017520	Salmonella phage 64795_sal3	dsDNA	45342
Samaravirus			MN604698	Bacillus phage vB_BcM_Sam46	dsDNA	45419
Samunavirus			KU245542	Pseudomonas phage SM1	dsDNA	93191
Sandinevirus			AJ245616	Lactococcus phage BK5-T	dsDNA	40003
Sansavirus			KT001913	Caulobacter phage Sansa	dsDNA	80297
Santafevirus			KJ192196	Mycobacterium phage 40AC	dsDNA	53396
Santhisvirus			MZ209302	Gordonia phage Jojo24	dsDNA	40579
Santhisvirus			MK814759	Gordonia phage Reyja	dsDNA	41500
Saphexavirus			AB712291	Enterococcus phage BC611	dsDNA	53996
Saphexavirus			KF192053	Enterococcus phage IME-EF1	dsDNA	57081
Sargevirus			OK040780	Arthrobacter phage Sarge	dsDNA	36407
Sarumanvirus			MK552140	Burkholderia phage BcepSaruman	dsDNA	263735
Sarumanvirus			MK552141	Burkholderia phage BcepSauron	dsDNA	262653
Sasdunavirus			GQ379227	Streptomyces phage phiSASD1	dsDNA	37068
Sashavirus			KX987158	Salmonella phage vB_SenS_Sasha	dsDNA	53263
Sasquatchvirus			KY984068	Erwinia phage vB_EamM_Y3	dsDNA	261365
Sasvirus			AJ278322	Corynebacterium phage BFK20	dsDNA	42972
Saundersvirus			KY565347	Geobacillus phage TP-84	dsDNA	47703
Sawaravirus			AP012537	Stx2-converting phage Stx2a_WGPS2	dsDNA	58326
Scappvirus			MH553517	Serratia phage Scapp	dsDNA	42969
Scapunavirus			MF975637	Streptomyces phage Scap1	dsDNA	43060
Schmidvirus			AB647160	Helicobacter phage KHP30	dsDNA	26215
Schmidvirus			AB731695	Helicobacter phage KHP40	dsDNA	26449
Schmittlotzvirus			JQ312117	Agrobacterium phage 7-7-1	dsDNA	69391
Schnabeltiervirus			KU963252	Gordonia phage Schnabeltier	dsDNA	46895
Schubertvirus			MK308637	Microbacterium phage Schubert	dsDNA	38820
Seahorsevirus			MN512538	Vibrio phage Seahorse	dsDNA	45171
Seamegvirus			MH910041	Arthrobacter phage Seahorse	dsDNA	56481
Segzyvirus			MN737551	Salmonella phage LPSTLL	dsDNA	47243
Segzyvirus			MH791402	Salmonella phage Segz_1	dsDNA	48285
Sendosyvirus			AF157835	Hamiltonella phage APSE-1	dsDNA	36524
Sendosyvirus			EU794049	Bacteriophage APSE-2	dsDNA	39867
Seongbukvirus			HM596271	Leuconostoc phage phiMH1	dsDNA	38709
Sepahanvirus			LC779065	Yersinia phage vB_Yru_GN1	dsDNA	145093
Sepahanvirus			MW570730	Yersinia phage YerA41	dsDNA	145577
Serbinvirus			OL539452	Serratia phage vB_SmaS_Opt-155	dsDNA	42792
Serbinvirus			MK608336	Serratia phage Serbin	dsDNA	42882
Seussvirus			KT001914	Caulobacter phage Seuss	dsDNA	85138
Sextaecvirus			KF929199	Staphylococcus phage vB_SepS_SEP9	dsDNA	92417
Sextaecvirus			KJ804259	Staphylococcus phage 6ec	dsDNA	93794
Sfunavirus			KT221033	Streptomyces phage SF1	dsDNA	43150
Shandongvirus			KR534323	Pseudoalteromonas phage H101	dsDNA	131903
Sheenvirus			KP273225	Mycobacterium phage Sheen	dsDNA	52927
Sherbrookevirus			LN681540	Clostridium phage phiCD506	dsDNA	33274
Sherbrookevirus			LN681538	Clostridium phage phiCD481-1	dsDNA	32846
Shirahamavirus			AP019524	Tenacibaculum phage PTm1	dsDNA	224680
Shockervirus			MW507126	Microbacterium phage Shocker	dsDNA	45431
Shoyavirus			MN908684	Arthrobacter phage Shoya	dsDNA	37783
Shuimuvirus			KX523699	Salmonella phage IME207	dsDNA	47564
Sidiousvirus			MK967384	Gordonia phage Sidious	dsDNA	51789
Siftrevirus			KT221034	Streptomyces phage SF3	dsDNA	60934
Silentrexvirus			MW862992	Arthrobacter phage SilentRX	dsDNA	65232
Sixamavirus			MN484601	Gordonia phage Sixama	dsDNA	115454
Skarprettervirus			MK105855	Escherichia phage Skarpretter	dsDNA	42042
Skatevirus			MN692673	Salmonella phage VB_StyS_BS5	dsDNA	47604
Skatevirus			MK112901	Salmonella virus KFS-SE2	dsDNA	48608
Skogvirus			MN908687	Gordonia phage Skog	dsDNA	152435
Skulduggeryvirus			MF042361	Pseudomonas phage Skulduggery	dsDNA	62978
Skunavirus			KP793102	Lactococcus phage 936 group phage PhiA.16	dsDNA	28349
Skunavirus			JQ740787	Lactococcus phage ASCC191	dsDNA	32414
Slashvirus			KF669661	Bacillus phage Slash	dsDNA	80382
Slashvirus			KP696447	Bacillus phage Stahl	dsDNA	80148
Sleepyheadvirus			MK967380	Rhodococcus phage Sleepyhead	dsDNA	43943
Smoothievirus			KU998247	Gordonia phage Bachita	dsDNA	93843
Smoothievirus			KU998246	Gordonia phage ClubL	dsDNA	92618
Snuvirus			MZ475896	Erwinia phage pEa_SNUABM_7	dsDNA	265635
Solivirus			JX560521	Acinetobacter phage phiAC-1	dsDNA	43216
Sonalivirus			MK411746	Arthrobacter phage Sonali	dsDNA	61073
Sortsnevirus			MF614100	Klebsiella phage vB_KpnS_IME279	dsDNA	42518
Sortsnevirus			MK651787	Escherichia phage Sortsne	dsDNA	41912
Soupsvirus			KU998249	Gordonia phage Soups	dsDNA	52924
Soupsvirus			KX557284	Gordonia phage Strosahl	dsDNA	52738
Sozzivirus			KF183314	Oenococcus phage phiS11	dsDNA	46243
Sozzivirus			KF183315	Oenococcus phage phiS13	dsDNA	43454
Sparkyvirus			KM083128	Mycobacterium phage Sparky	dsDNA	63334
Spartoivirus			MK061416	Rothia phage Spartoi	dsDNA	35189
Spbetavirus			AF020713	Bacillus phage SPBc2	dsDNA	134416
Spizizenvirus			HM072038	Bacillus phage phi105	dsDNA	39318
Squashvirus			MH153803	Microbacterium phage Hyperion	dsDNA	61769
Squashvirus			MH153813	Microbacterium phage Squash	dsDNA	62312
Stanholtvirus			AF447491	Burkholderia phage phiE125	dsDNA	53373
Stanholtvirus			CP000625	Burkholderia phage phi644-2	dsDNA	48674
Stonewallvirus			KT388093	Streptococcus phage A25	dsDNA	33900
Stormageddonvirus			MN586040	Gordonia phage Stormageddon	dsDNA	136319
Strymvirus			KY658673	Vibrio phage H2 PGK-2017	dsDNA	46149
Strymvirus			KX581099	Vibrio phage Strym	dsDNA	53226
Successvirus			OP751148	Streptomyces phage Success	dsDNA	57163
Sukhumvitvirus			AP018361	Lactobacillus phage T25	dsDNA	38421
Svunavirus			DQ340064	Geobacillus phage GBSV1	dsDNA	34683
Svunavirus			DQ840344	Bacillus phage 1	dsDNA	35055
Swiduovirus			MT768060	Escherichia phage vB_EcoS_swi2	dsDNA	47611
Syrbvirus			MW073100	Microbacterium phage vB_MoxS-R1	dsDNA	42563
Tabiovirus			OQ622092	Xanthomonas phage 10KY502B	dsDNA	43262
Tabiovirus			AB720064	Xanthomonas citri phage Cp2	dsDNA	42963
Takahashivirus			MF360957	Bacillus phage PBS1	dsDNA	252197
Tandoganvirus			MG969427	Anoxybacillus phage A403	dsDNA	40847
Tankvirus			KU160669	Arthrobacter phage Tank	dsDNA	67592
Tantvirus			MN812239	Flavobacterium phage vB_FspS_tant8-1	dsDNA	40542
Taranisvirus			MG711467	Faecalibacterium phage FP_Taranis	dsDNA	54286
Terapinvirus			MH271313	Gordonia phage Suzy	dsDNA	67118
Terapinvirus			KX557285	Gordonia phage Terapin	dsDNA	66611
Teubervirus			KY554766	Lactococcus phage AM6	dsDNA	62054
Teubervirus			KY554762	Lactococcus phage LW31	dsDNA	60551
Theosmithvirus			OQ317942	Bacillus phage 0105phi7-2	dsDNA	52629
Thiercelinvirus			MT939242	Enterococcus phage 9184	dsDNA	44108
Thornevirus			KT624200	Bacillus phage SP-15	dsDNA	221908
Tieomvirus			MW009675	Vibrio phage vB_VpP_BT-1011	dsDNA	40065
Tijeunavirus			HQ225832	Tetrasphaera phage TJE1	dsDNA	49219
Timshelvirus			MT553337	Mycobacterium phage DroogsArmy	dsDNA	53254
Timshelvirus			KC661275	Mycobacterium phage HINdeR	dsDNA	52617
Tinduovirus			KR011062	Tsukamurella phage TIN2	dsDNA	76964
Tinduovirus			KR011063	Tsukamurella phage TIN3	dsDNA	76269
Titanvirus			KR935215	Rhodobacter phage RcSpartan	dsDNA	44194
Titanvirus			KR935213	Rhodobacter phage RcTitan	dsDNA	44496
Toutatisvirus			MG711466	Faecalibacterium phage FP_Toutatis	dsDNA	54725
Triavirus			MK348510	Staphylococcus phage vB_SauS_fPfSau02	dsDNA	45108
Triavirus			EU861005	Staphylococcus phage phiSauS-IPLA35	dsDNA	45344
Trigintaduovirus			KJ028219	Mycobacterium phage 32HC	dsDNA	50781
Trigintaduovirus			MG770216	Mycobacterium phage Rem711	dsDNA	50832
Trinavirus			MF668286	Rhodococcus phage Trina	dsDNA	139262
Trinevirus			MH271318	Gordonia phage Trine	dsDNA	43758
Triplejayvirus			MN234178	Arthrobacter phage TripleJ	dsDNA	45507
Trogglehumpervirus			OQ709222	Rhodococcus phage Trogglehumper	dsDNA	83592
Turbidovirus			MF919490	Mycobacterium phage Anselm	dsDNA	53545
Turbidovirus			MK919472	Mycobacterium phage Benvolio	dsDNA	53136
Typhavirus			MK494099	Mycobacterium phage Typha	dsDNA	75687
Uetakevirus			AY150271	Salmonella phage Epsilon15	dsDNA	39672
Uetakevirus			OQ921333	Escherichia phage vB_EcoP_PAS61	dsDNA	39287
Uwajimavirus			KY888143	Lactococcus phage PLgW-1	dsDNA	30189
Valentinivirus			MH825712	Microbacterium phage ValentiniPuff	dsDNA	62517
Vedamuthuvirus			JX567312	Lactococcus phage BM13	dsDNA	30910
Vedamuthuvirus			MN552144	Lactococcus phage P1045	dsDNA	31050
Veewebvirus			AY320035	Streptomyces phage VWB	dsDNA	49220
Veracruzvirus			KX683423	Mycobacterium phage BabyRay	dsDNA	50657
Veracruzvirus			KC172839	Mycobacterium phage BTCU-1	dsDNA	45942
Vespunovirus			MZ333456	Enterococcus phage VEsP-1	dsDNA	39426
Vhulanivirus			KR072689	Paracoccus phage Shpa	dsDNA	38261
Vicosavirus			MG845684	Pseudomonas phage NV1	dsDNA	45058
Vicosavirus			JX863101	Pseudomonas phage UFV-P2	dsDNA	45517
Vidquintavirus			MG948468	Pantoea phage vB_PagS_Vid5	dsDNA	61437
Waukeshavirus			KJ024807	Bacillus phage vB_BtS_BMBtp3	dsDNA	51366
Waukeshavirus			KJ920400	Bacillus phage Waukesha92	dsDNA	45648
Wbetavirus			MK085976	Bacillus phage AP631	dsDNA	39549
Wbetavirus			OK499999	Bacillus phage vB_BanS_Booya	dsDNA	39660
Weaselvirus			KX774321	Rhodococcus phage Weasels2	dsDNA	134973
Whackvirus			MK967393	Rhodococcus phage Whack	dsDNA	49660
Whiteheadvirus			GQ403788	Lactococcus phage 1358	dsDNA	36892
Whytuvirus			MT024870	Arthrobacter phage Whytu	dsDNA	15369
Whytuvirus			MT889364	Arthrobacter phage Yavru	dsDNA	15193
Wodongavirus			JN116824	Rhodococcus phage REQ3	dsDNA	39474
Woesvirus			KU998240	Gordonia phage Woes	dsDNA	73752
Wollypogvirus			MW055913	Arthrobacter phage Wollypog	dsDNA	63364
Wolominvirus			MT028492	Ochrobactrum phage vB_OspP_OH	dsDNA	41227
Woodruffvirus			KP876466	Streptomyces phage TP1604	dsDNA	57168
Woodruffvirus			KP876465	Streptomyces phage YDN12	dsDNA	56528
Xajduovirus			KU197014	Xanthomonas phage XAJ2	dsDNA	49241
Xiamenvirus			HM151342	Roseobacter phage RDJL Phi 1	dsDNA	62668
Xiamenvirus			KT266805	Roseobacter phage RDJL Phi 2	dsDNA	63513
Xipdecavirus			AP008979	Xanthomonas phage OP1	dsDNA	43785
Xipdecavirus			DQ777876	Xanthomonas phage Xop411	dsDNA	44520
Xuquatrovirus			MK373772	Escherichia phage PTXU04	dsDNA	61600
Yanchengvirus			OL964755	Aeromonas phage pAEv1818	dsDNA	40808
Yeceytrevirus			MN585979	Mycobacterium phage Yecey3	dsDNA	53277
Yokohamavirus			AB767244	Edwardsiella phage MSW-3	dsDNA	42746
Yokohamavirus			AP013057	Edwardsiella phage PEi21	dsDNA	43378
Yoloswagvirus			KY448244	Erwinia phage vB_EamM_Yoloswag	dsDNA	259700
Yongloolinvirus			DQ466086	Clostridioides phage phiC2	dsDNA	56538
Yongloolinvirus			HG531805	Clostridium phage CDMH1	dsDNA	54279
Yvonnevirus			KU963248	Gordonia phage Yvonnetastic	dsDNA	98136
Zhangqianvirus			KY653126	Staphylococcus virus IME1354_01	dsDNA	42706
Zhuquevirus			KP162168	Paracoccus phage vB_PmaS-R3	dsDNA	42093
Zizhuyuanvirus			PP438411	Leptolyngbya phage Lsp-JY19	dsDNA	37390
Zukovirus			MW822144	Streptomyces phage KimJongPhill	dsDNA	82521
Zukovirus			MN204493	Streptomyces phage Zuko	dsDNA	82302
Abaestuovirus		Inoviridae	MH617292.1	Inoviridae sp. isolate ctbh8	ssDNA(+)	6223
Aclydivirus		Inoviridae	MH617507.1	Inoviridae sp. isolate ctce6	ssDNA(+)	6275
Acontivirus		Inoviridae	MH617060.1	Inoviridae sp. isolate ctcg21	ssDNA(+)	5991
Actovirus		Inoviridae	MH616641.1	Inoviridae sp. isolate ctbh41	ssDNA(+)	5080
Actovirus		Inoviridae	MH617617.1	Inoviridae sp. isolate ctcf45	ssDNA(+)	4815
Adiligaturavirus		Inoviridae	MH617675.1	Inoviridae sp. isolate ctbf24	ssDNA(+)	5913
Affertcholeramvirus		Inoviridae	HQ224500	Vibrio phage CTXphi	ssDNA(+/-)	10638
Affertcholeramvirus		Inoviridae	KP972568	Vibrio phage pre-CTX Uzbekistan	ssDNA(+/-)	6722
Amentovirus		Inoviridae	MH593836.1	Inoviridae sp. isolate ctbh10	ssDNA(+)	5166
Amentovirus		Inoviridae	MH617090.1	Inoviridae sp. isolate ctda39	ssDNA(+)	5096
Anademivirus		Inoviridae	MT975991	Alteromonas phage phiAFP1	ssDNA(+)	5859
Antiavirus		Inoviridae	MH617306.1	Inoviridae sp. isolate ctcj20	ssDNA(+)	6009
Aspidivirus		Inoviridae	MH617742.1	Inoviridae sp. isolate ctbf14	ssDNA(+)	6115
Aspidivirus		Inoviridae	MH617224.1	Inoviridae sp. isolate ctfi19	ssDNA(+)	6043
Capistrivirus		Inoviridae	AY714348	Vibrio phage KSF1	ssDNA(+)	7107
Catenatiovirus		Inoviridae	MN582099.1	Inoviridae sp. ctBZ32	ssDNA(+)	4924
Circumitovirus		Inoviridae	MH617564.1	Inoviridae sp. isolate ctbi48	ssDNA(+)	4533
Coriovirus		Inoviridae	M57538.1	Xanthomonas phage Cf1c	ssDNA(+/-)	7308
Coriovirus		Inoviridae	AB910602	Xanthomonas phage XacF1	ssDNA(+/-)	7325
Fasceasvirus		Inoviridae	MH616765.1	Inoviridae sp. isolate ctcf1	ssDNA(+)	5826
Fasceasvirus		Inoviridae	MH617190.1	Inoviridae sp. isolate ctjd25	ssDNA(+)	5705
Femenvirus		Inoviridae	MH617673.1	Inoviridae sp. isolate ctca11	ssDNA(+)	6136
Femenvirus		Inoviridae	MH617363.1	Inoviridae sp. isolate ctcg13	ssDNA(+)	6312
Fibrovirus		Inoviridae	D89074	Vibrio phage fs1	ssDNA(+)	6340
Fibrovirus		Inoviridae	AB572858	Vibrio phage ND1-fs1	ssDNA(+/-)	6856
Galbavirus		Inoviridae	MH617467.1	Inoviridae sp. isolate ctba17	ssDNA(+)	6062
Habenivirus		Inoviridae	KX179905	Ralstonia phage Rs551	ssDNA(+/-)	7929
Habenivirus		Inoviridae	MF716957	Ralstonia phage RSIBR3	ssDNA(+/-)	6945
Infulavirus		Inoviridae	U02303.1	Escherichia phage If1	ssDNA(+)	8454
Inovirus		Inoviridae	V00604.2	Escherichia phage M13; Enterobacteria phage M13; bacteriophage M13	ssDNA(+)	6407
Inovirus		Inoviridae	JF719734	Enterobacteria phage f1	ssDNA(+)	6407
Itinerivirus		Inoviridae	MH617343.1	Inoviridae sp. isolate ctda12	ssDNA(+)	6346
Lineavirus		Inoviridae	X14336.1	Escherichia phage I22	ssDNA(+)	6744
Lineavirus		Inoviridae	X02139.1	Salmonella phage IKe	ssDNA(+)	6883
Lophivirus		Inoviridae	MK512531	Xanthomonas phage Cf2	ssDNA(+/-)	6454
Lophivirus		Inoviridae	MH218848	Xanthomonas phage phi Lf2	ssDNA(+/-)	6372
Meandervirus		Inoviridae	MH617768.1	Inoviridae sp. isolate ctcj40	ssDNA(+)	5095
Meandervirus		Inoviridae	MH617219.1	Inoviridae sp. isolate cted44	ssDNA(+)	4926
Nigolovirus		Inoviridae	MZ474489	Phage blackswan219-1	ssDNA(+)	7703
Parhipatevirus		Inoviridae	HM064452	Ralstonia phage PE226	ssDNA(+)	5475
Phargevirus		Inoviridae	MZ474491	Phage silverpheasant213	ssDNA(+)	7022
Pilosavirus		Inoviridae	OR047306	Pseudomonas phage PMBT54	ssDNA(+)	7320
Plantarivirus		Inoviridae	MH649151.1	Inoviridae sp. isolate ctcb147	ssDNA(+)	5999
Porrectionivirus		Inoviridae	AY374414	Ralstonia phage p12J	ssDNA(+)	7118
Primolicivirus		Inoviridae	X52107.1	Pseudomonas phage Pf1	ssDNA(+)	7349
Primolicivirus		Inoviridae	MN710383	Pseudomonas phage pf8_ST274-AUS411	ssDNA(+/-)	10061
Prolivirus		Inoviridae	MH617622.1	Inoviridae sp. isolate ctbd37	ssDNA(+)	5821
Propagovirus		Inoviridae	MH649021.1	Inoviridae sp. isolate ctii000	ssDNA(+)	7006
Psecadovirus		Inoviridae	EF489910.1	Stenotrophomonas phage PSH1	ssDNA(+/-)	6867
Pubesvirus		Inoviridae	MH616818.1	Inoviridae sp. isolate ctba29	ssDNA(+)	5419
Pythonevirus		Inoviridae	OQ354711	Pseudomonas phage WX_Y	ssDNA(+)	7205
Ramphavirus		Inoviridae	MZ474490	Phage toucan80	ssDNA(+)	6761
Restivirus		Inoviridae	MT495635	Ralstonia phage RSBg	ssDNA(+/-)	7540
Restivirus		Inoviridae	AB259124	Ralstonia phage RSS1	ssDNA(+)	6662
Reticulivirus		Inoviridae	MH617645.1	Inoviridae sp. isolate ctcb11	ssDNA(+)	6372
Saetivirus		Inoviridae	AB002632	Vibrio phage fs2	ssDNA(+)	8651
Saetivirus		Inoviridae	KC357596	Vibrio phage VFJ	ssDNA(+/-)	8555
Sarmentivirus		Inoviridae	MH616843.1	Inoviridae sp. isolate ctbd25	ssDNA(+)	5901
Scuticavirus		Inoviridae	HG315669	Stenotrophomonas phage SMA6	ssDNA(+/-)	7648
Scytalavirus		Inoviridae	MH617040.1	Inoviridae sp. isolate ctce6	ssDNA(+)	7769
Semitavirus		Inoviridae	MH617492.1	Inoviridae sp. isolate ctda43	ssDNA(+)	4948
Senectutivirus		Inoviridae	MH649005.1	Inoviridae sp. isolate ctcf138	ssDNA(+)	6362
Serpentivirus		Inoviridae	OP867012	Shewanella phage Dolos	ssDNA(+)	8146
Siphunculivirus		Inoviridae	HM150760	Stenotrophomonas phage phi SHP2	ssDNA(+/-)	5819
Staminivirus		Inoviridae	MH552488.1	Inoviridae sp. isolate ctda6	ssDNA(+)	6561
Staminivirus		Inoviridae	AM040673.1	Stenotrophomonas phage SMA9	ssDNA(+/-)	6907
Strophivirus		Inoviridae	MH616838.1	Inoviridae sp. isolate ctbh31	ssDNA(+)	5257
Strophivirus		Inoviridae	MH617618.1	Inoviridae sp. isolate ctch32	ssDNA(+)	5205
Subteminivirus		Inoviridae	HG007973	Stenotrophomonas phage SMA7	ssDNA(+/-)	7069
Tertilicivirus		Inoviridae	M11912.1	Pseudomonas phage Pf3	ssDNA(+)	5833
Tertilicivirus		Inoviridae	M19377.1	Pseudomonas phage Pf3	ssDNA(+)	5833
Vasivirus		Inoviridae	MN200778	Vibrio phage VAI1	ssDNA(+/-)	6117
Versovirus		Inoviridae	MN719123	Vibrio phage VALG_phi6	ssDNA(+/-)	8529
Versovirus		Inoviridae	AB043678	Vibrio phage VfO3K6	ssDNA(+/-)	8784
Vicialiavirus		Inoviridae	JN848801	Vibrio phage VCY	ssDNA(+/-)	7103
Villovirus		Inoviridae	OP628074	Vibrio phage vB_VpI_FR1	ssDNA(+/-)	6080
Villovirus		Inoviridae	OL512807	Vibrio phage V5	ssDNA(+)	6658
Viscerivirus		Inoviridae	MH616815.1	Inoviridae sp. isolate ctbf 525	ssDNA(+)	5715
Vittavirus		Inoviridae	OP297622	Vibrio phage Vaf1	ssDNA(+)	10004
Xiphivirus		Inoviridae	MH617445.1	Inoviridae sp. isolate ctcf2	ssDNA(+)	7256
Xylivirus		Inoviridae	MN335248	Vibrio phage XacF13	ssDNA(+/-)	7045
Xylivirus		Inoviridae	KX181651	Xanthomonas phage Xf109	ssDNA(+/-)	7190
Bifilivirus		Paulinoviridae	AF428260	Propionibacterium phage B5	ssDNA(+)	5804
Bifilivirus		Paulinoviridae	PP693361	Propionibacterium phage Philemon	ssDNA(+)	5802
Thomixvirus		Paulinoviridae	LC035386	Thermus phage OH3	ssDNA(+)	5688
Thomixvirus		Paulinoviridae	PP554188	Thermus phage Zuza8	ssDNA(+)	6773
Plectrovirus		Plectroviridae	X58839	Acholeplasma phage MV-L51	ssDNA(+)	4491
Suturavirus		Plectroviridae	AF133242	Spiroplasma phage SVTS2	ssDNA(+)	6825
Vespertiliovirus		Plectroviridae	U28974.1	Spiroplasma phage 1-C74	ssDNA(+)	7768
Vespertiliovirus		Plectroviridae	X51344	Spiroplasma phage 1-R8A2B	ssDNA(+)	8273
Virgulavirus		Plectroviridae	AJ969242	Spiroplama phage SVGII3	ssDNA(+)	7878
Hukuchivirus		Matsushitaviridae	AB063393	Thermus phage IN93	dsDNA	19604
Hukuchivirus		Matsushitaviridae	GQ403789	Thermus phage P23-77	dsDNA	17036
Finnlakevirus		Finnlakeviridae	MF361639	Flavobacterium phage FLiP	ssDNA	9174
Elsinorevirus		Asemoviridae	MH730557	Vibrio phage fNo16	dsDNA	10594
Rumoivirus		Asemoviridae	OM867525	Vibrio phage vB_VruC_PG21	dsDNA	10018
Ameliavirus		Autolykiviridae	MG592394	Vibrio phage 1.008.O._10N.286.54.E5	dsDNA	10579
Livvievirus		Autolykiviridae	MG592615	Vibrio phage 1.249.A._10N.261.55.B9	dsDNA	10611
Oliviavirus		Autolykiviridae	MG592402	Vibrio phage 1.020.O._10N.222.48.A2	dsDNA	10636
Paulavirus		Autolykiviridae	MG592427	Vibrio phage 1.044.O._10N.261.51.B8	dsDNA	10272
Paulavirus		Autolykiviridae	MG592455	Vibrio phage 1.080.O._10N.286.48.A4	dsDNA	10046
Merivirus		Corticoviridae	MG966533	Pseudoalteromonas phage Cr39582	dsDNA	10584
Merivirus		Corticoviridae	AF155037	Pseudoalteromonas phage PM2	dsDNA	10079
Anticleavirus		Mestraviridae	OP588643	Rhodobacter phage Jorvik	dsDNA	8762
Polymedevirus		Mestraviridae	MH105080	Marinomonas phage YY	dsDNA	8828
Corycianvirus		Parnassusviridae	MW618650	Marinomonas phage MfV	dsDNA	10075
Alphatectivirus		Tectiviridae	AY848686	Enterobacteria phage PR4	dsDNA	14954
Alphatectivirus		Tectiviridae	AY848689	Enterobacteria phage PRD1	dsDNA	14927
Betatectivirus		Tectiviridae	EU408779	Bacillus phage AP50	dsDNA	14398
Betatectivirus		Tectiviridae	AY257527	Bacillus phage Bam35c	dsDNA	14935
Deltatectivirus		Tectiviridae	MK620900	Streptomyces phage Forthebois	dsDNA	18251
Deltatectivirus		Tectiviridae	MK305890	Streptomyces phage WheeHeim	dsDNA	18266
Epsilontectivirus		Tectiviridae	KY817360	Rhodococcus phage Toil	dsDNA	17253
Gammatectivirus		Tectiviridae	MG159787	Gluconobacter phage GC1	dsDNA	16523
Algophervirus		Lilleviridae	MK765557	Tortoise microvirus 7 7_SP_42	ssDNA(+)	5554
Alnafnavirus		Lilleviridae	MG945680	Microviridae sp. 1023-1801virus	ssDNA(+)	5664
Alnifnivirus		Lilleviridae	MG945509	Microviridae sp. 1761-1801virus	ssDNA(+)	5803
Alcanfavirus		Litenviridae	MG945253	Microviridae sp. 2449-1602virus	ssDNA(+)	6329
Alcanivirus		Litenviridae	MG945572	Microviridae sp. 3523-1602virus	ssDNA(+)	6133
Algomorvirus		Litenviridae	MK765608	Tortoise microvirus 56 56_SP_86	ssDNA(+)	6126
Algopmovirus		Litenviridae	MK765590	Tortoise microvirus 40 40_SP_83	ssDNA(+)	6154
Alimacvirus		Litenviridae	MH617173.2	Microviridae sp. ctbb20 virus	ssDNA(+)	6374
Almumusvirus		Litenviridae	MH552557.2	Microviridae sp. ctbd329 virus	ssDNA(+)	6556
Alnoufnouvirus		Litenviridae	MG945831	Microviridae sp. 9359-1602 virus	ssDNA(+)	6589
Alpecorivirus		Litenviridae	MG945638	Microviridae sp. 7092-1602 virus	ssDNA(+)	6519
Alcafavirus		Litilviridae	MG945515	Microviridae sp. 1931-1706 virus	ssDNA(+)	5948
Alciorovirus		Litilviridae	MH572526	Microviridae sp. SD_HF_66 virus	ssDNA(+)	5502
Alcryvirus		Litilviridae	MN311493	Antarctic microvirus TYR_006_V_SP_13	ssDNA(+)	5286
Alhyhydvirus		Litilviridae	MK496694	Capybara microvirus Cap1_SP_81	ssDNA(+)	5791
Alpaglavirus		Litilviridae	MG945641	Microviridae sp. 8656-1612 virus	ssDNA(+)	5687
Alepusivirus		Pieniviridae	MG641188	Lepus americanus faeces associated microvirus SHP1 6472	ssDNA(+)	6357
Almusivirus		Pieniviridae	MH552492.1	Microviridae sp. ctbc205 virus	ssDNA(+)	6019
Alpecusivirus		Pieniviridae	MG945493	Microviridae sp. 1308-1602 virus	ssDNA(+)	6228
Alydrochavirus		Pieniviridae	MK496690	Capybara microvirus Cap1_SP_66	ssDNA(+)	6036
Alcapybaravirus		Pikkuviridae	MK496680	Capybara microvirus Cap1_SP_45	ssDNA(+)	5585
Almacaqusvirus		Pikkuviridae	MH617318.2	Microviridae sp. ctcd27 virus	ssDNA(+)	6061
Almaoniuvirus		Pikkuviridae	MG945791	Microviridae sp. 4383-1711 virus	ssDNA(+)	6904
Almiluvirus		Pikkuviridae	MG945750	Microviridae sp. 2981-1602 virus	ssDNA(+)	6629
Alpacinvirus		Pikkuviridae	KX513871	Human gut microviridae SH-CHD8 virus	ssDNA(+)	6312
Alzhudosvirus		Pikkuviridae	MG945356	Microviridae sp. 2769-1801 virus	ssDNA(+)	6477
Alzhuvirus		Pikkuviridae	MG945352	Microviridae sp. 2654-1801 virus	ssDNA(+)	6694
Largivirus		Liberviridae	CP045566	Liberibacter phage CLasMV1	ssDNA(+)	8869
Aminivirus		Mazaviridae	MF101922	Ruegeria phage DSS3-P22	ssDNA(+)	4248
Avacavirus		Mazaviridae	MH617327.2	Microviridae sp. ctih52 virus	ssDNA(+)	4305
Minimarinivirus		Mazaviridae	MG214764	Citromicrobium phage vB_Cib_ssDNA_P1	ssDNA(+)	4360
Piticivirus		Mazaviridae	MN988485	Rhizobium phage RHph_Y67	ssDNA(+)	4801
Sonoravirus		Mazaviridae	MK765605	Tortoise microvirus 53 53_SP_177	ssDNA(+)	4372
Alphatrevirus		Eubullaviridae	X60322	Escherichia phage alpha3	ssDNA(+)	6087
Alphatrevirus		Eubullaviridae	DQ079870	Escherichia phage ID21	ssDNA(+)	6068
Gequatrovirus		Eubullaviridae	V00657.1	Escherichia phage G4	ssDNA(+)	5577
Gequatrovirus		Eubullaviridae	DQ079877	Escherichia phage ID52	ssDNA(+)	5538
Sinsheimervirus		Eubullaviridae	J02482.1	Escherichia phage phiX174	ssDNA(+)	5386
Vimicrovirus		Eubullaviridae	OK338687	Vibrio phage vB_VpP_WS1	ssDNA(+)	5564
Pseudophixvirus		Pequenoviridae	KP087950	Eel River basin pequenovirus c17592	ssDNA(+)	6438
Paraphixvirus		Piccoloviridae	KP087951	Eel River basin pequenovirus c18953	ssDNA(+)	5256
Periphixvirus		Piticuviridae	MH649026.1	Microviridae sp. ctea001 virus	ssDNA(+)	5066
Gokucipiengivirus		Alphagokushoviridae	KR704914	Chimpanzee faeces associated microphage 2 CPNG_29299	ssDNA(+)	5184
Gokugallopavovirus		Alphagokushoviridae	HQ264138	Microvirus CA82	ssDNA(+)	5514
Gokumacromysvirus		Alphagokushoviridae	MK496788	Capybara microvirus Cap3_SP_433	ssDNA(+)	5278
Gokumagnusmusvirus		Alphagokushoviridae	MK496798	Capybara microvirus Cap3_SP_457	ssDNA(+)	5171
Huficovirus		Alphagokushoviridae	KT264798	Gokushovirus WZ-2015a 50Chd433	ssDNA(+)	5477
Khonivirus		Alphagokushoviridae	MG945447	Microviridae sp. 5964-1801 virus	ssDNA(+)	5900
Spiromicrovirus		Alphagokushoviridae	M17988.1	Spiroplasma phage 4	ssDNA(+)	4421
Bdellomicrovirus		Betagokushoviridae	AF306496	Bdellovibrio phage phiMH2K	ssDNA(+)	4594
Chlamydiaduovirus		Betagokushoviridae	AJ270057	Chlamydia phage 2	ssDNA(+)	4563
Chlamydiaduovirus		Betagokushoviridae	AE002163	Chlamydia phage phiCPAR39	ssDNA(+)	4532
Chlamydiaunovirus		Betagokushoviridae	D00624.1	Chlamydia phage Chp1	ssDNA(+)	4877
Cionrobuvirus		Betagokushoviridae	MH572434	Microviridae sp. SD_MC_49 virus	ssDNA(+)	4319
Crownevirus		Betagokushoviridae	KT264811	Gokushovirus WZ-2015a 63CrownNew1	ssDNA(+)	4383
Cypriminnovirus		Betagokushoviridae	MH617083.2	Microviridae sp. ctca675 virus	ssDNA(+)	4712
Eelrivirus		Betagokushoviridae	KP087945	Eel River basin pequenovirus c15138	ssDNA(+)	4314
Enterogokushovirus		Betagokushoviridae	MT185428	Escherichia phage EC6098	ssDNA(+)	4526
Hulichivirus		Betagokushoviridae	KT264825	Gokushovirus WZ-2015a 77Fx5	ssDNA(+)	5003
Leuciminnovirus		Betagokushoviridae	MH617516.2	Microviridae sp. cthd705 virus	ssDNA(+)	4635
Mellcarnivirus		Betagokushoviridae	MH992155	Apis mellifera associated microvirus 60 BeeCFH_SP_3639	ssDNA(+)	4557
Melllinguisvirus		Betagokushoviridae	MH992218	Apis mellifera associated microvirus 22 INH_SP_293	ssDNA(+)	4278
Minnosuevirus		Betagokushoviridae	MH616976.2	Microviridae sp. ctbd724 virus	ssDNA(+)	4597
Minnowtisvirus		Betagokushoviridae	MH616867.2	Microviridae sp. ctbg686 virus	ssDNA(+)	4695
Minsuevirus		Betagokushoviridae	MH617722.2	Microviridae sp. ctdc175 virus	ssDNA(+)	4386
Paruchinvirus		Betagokushoviridae	MG945835	Microviridae sp. 1873-1502 virus	ssDNA(+)	4666
Renleivirus		Betagokushoviridae	KT264818	Gokushovirus WZ-2015a 70Chd477	ssDNA(+)	5015
Saanivirus		Betagokushoviridae	KC131022	marine gokushovirus SI1	ssDNA(+)	4070
Sahondenvirus		Betagokushoviridae	KM589502	Gokushovirinae Bog8989_22 virus	ssDNA(+)	4656
Sontinvirus		Betagokushoviridae	KM589508	Gokushovirinae Fen672_31 virus	ssDNA(+)	4624
Sphagnuvirus		Betagokushoviridae	KM589498	Gokushovirinae Bog1183_53 virus	ssDNA(+)	4609
Storgivirus		Betagokushoviridae	KC131024	marine gokushovirus SOG1	ssDNA(+)	4200
Wastmicvirus		Betagokushoviridae	KX259466.1	Uncultured virus wastewater_microviridae_FL12	ssDNA(+)	4180
Wiyavirus		Betagokushoviridae	KP087939		ssDNA(+)	4265
Mohgevirus		Groupodiviridae	MK765653	Tortoise microvirus 100 100_SP_14	ssDNA(+)	4597
Sehtuvirus		Groupodiviridae	KP087956	Eel River basin pequenovirus c22108	ssDNA(+)	4790
Tramlacvirus		Groupodiviridae	JX185431.1	Dragonfly-associated microphage 1 FL1-NZ54-2010	ssDNA(+)	4472
Pacdirvirus		Pichoviridae	KM589515	Parabacteroides phage YZ-2015a	ssDNA(+)	4623
Piapivirus		Pichoviridae	MH992186	Apis mellifera associated microvirus 58 INH_SP_180	ssDNA(+)	4708
Picaglacivirus		Pichoviridae	MN311489	Antarctic microvirus CAA_003_V_9	ssDNA(+)	4254
Picionavirus		Pichoviridae	MH572367	Microviridae sp. SD_SC_13 virus	ssDNA(+)	4566
Piciorovirus		Pichoviridae	MH572522	Microviridae sp. SD_HF_42 virus	ssDNA(+)	4171
Picominovirus		Pichoviridae	MH617110.2	Microviridae sp. ctdb208 virus	ssDNA(+)	4281
Picryovirus		Pichoviridae	MN311487	Antarctic microvirus CAA_003_V_1	ssDNA(+)	4288
Piglaglavirus		Pichoviridae	MN311488	Antarctic microvirus CAA_003_V_4	ssDNA(+)	4135
Pigophevirus		Pichoviridae	MK765643	Tortoise microvirus 90 90_SP_126	ssDNA(+)	4337
Pimethasivirus		Pichoviridae	KP087937	Eel River basin pequenovirus c905	ssDNA(+)	4634
Sahondevirus		Pichoviridae	KM589500	Microviridae Bog5275_51 virus	ssDNA(+)	4815
Sbenevirus		Pichoviridae	KM589505	Microviridae Fen418_41 virus	ssDNA(+)	4949
Shuntenvirus		Pichoviridae	KM589509	Microviridae Fen685_11 virus	ssDNA(+)	4654
Sphegnavirus		Pichoviridae	KM589507	Microviridae Fen51_42 virus	ssDNA(+)	4451
Sphignavirus		Pichoviridae	KM589503	Microviridae Bog9017_22 virus	ssDNA(+)	4671
Sphinavirus		Pichoviridae	KM589506	Microviridae Fen4707_41 virus	ssDNA(+)	4552
Subabevirus		Sukshmaviridae	MG945316	Microviridae sp. 1527-1801 virus	ssDNA(+)	4433
Subethovenvirus		Sukshmaviridae	MG945562	Microviridae sp. 3317-1602 virus	ssDNA(+)	4572
Sucapyvirus		Sukshmaviridae	MK496748	Capybara microvirus Cap1_SP_216	ssDNA(+)	4611
Sutorvirus		Sukshmaviridae	MK765576	Tortoise microvirus 26 26_SP_114	ssDNA(+)	4600
Suydrochavirus		Sukshmaviridae	MK496708	Capybara microvirus Cap1_SP_108	ssDNA(+)	5490
Nanosedivirus		Osikeviridae	BK061430	Microviridae sp. reeSedAu virus	ssDNA(+)	2991
Vastaquavirus		Osikeviridae	BK061429	Microviridae sp. reeWastUs1 virus	ssDNA(+)	3159
Vastumavirus		Osikeviridae	BK061428	Microviridae sp. reeWastUs4 virus	ssDNA(+)	3283
Rofluviavirus		Kidogoviridae	BK061423	Microviridae sp. rooFreshIt virus	ssDNA(+)	3628
Romarinivirus		Kidogoviridae	BK061422	Microviridae sp. rooOceanUs1 virus	ssDNA(+)	3408
Rominovirus		Kidogoviridae	MH617313.1	Microviridae sp. ctda012 virus	ssDNA(+)	3692
Roporiferavirus		Kidogoviridae	BK061421	Microviridae sp. rooSpongAu virus	ssDNA(+)	3577
Rosaltivirus		Kidogoviridae	BK061419	Microviridae sp. rooSaltUs3 virus	ssDNA(+)	3413
Chaparrovirus		Chicoviridae	MN988464	Rhizobium phage RHph_TM24	ssDNA(+)	6208
Chaparrovirus		Chicoviridae	MN988477	Rhizobium phage RHph_TM32	ssDNA(+)	6210
Cumcionavirus		Chicoviridae	MH572519	Microviridae sp. SD_HF_63 virus	ssDNA(+)	5830
Faseolivirus		Chicoviridae	MW960035	Rhizobium phage RHph_X92	ssDNA(+)	6054
Faseolivirus		Chicoviridae	MN988460	Rhizobium phage RHph_TM23	ssDNA(+)	6046
Microsonovirus		Chicoviridae	MK765623	Tortoise microvirus 70 70_SP_7	ssDNA(+)	6549
Oceanivirus		Chicoviridae	PP558219	Roseobacter phage CRPss-251	ssDNA(+)	5828
Petitsonovirus		Chicoviridae	MK765628	Tortoise microvirus 75 75_SP_48	ssDNA(+)	6343
Planktonivirus		Chicoviridae	PP558217	Roseobacter phage CRPss-154	ssDNA(+)	5978
Seavirus		Chicoviridae	PP558214	Roseobacter phage CRPss-151	ssDNA(+)	5632
Micisonovirus		Occultatumviridae	MK765588	Tortoise microvirus 38 38_SP_76	ssDNA(+)	6338
Ascunsovirus		Tainaviridae	OM782324	Ascunsovirus oldenburgi ICBM5	ssDNA(+)	5581
Circularivirus		Tainaviridae	MH617319.2	Microviridae sp. ctbc9 virus	ssDNA(+)	6009
Pentonivirus		Tainaviridae	PP754850	Rhodobacter phage Ebor	ssDNA(+)	6611
Bartonegtaviriform		Bartogtaviriformidae	BX897699.1	Bartonella gene transfer agent	dsDNA	1931047
Brachyspigtaviriform		Brachygtaviriformidae	CP001357.1	Brachyspira hyodysenteriae gene transfer agent	dsDNA	3000694
Cebaduodecimvirus		Obscuriviridae	KC821623.1	Cellulophaga phage phi12a:1	ssDNA	6478
Cebaduodecimvirus		Obscuriviridae	KC821606.1	Cellulophaga phage phi12:2	ssDNA	6453
Omtjevirus		Obscuriviridae	MT732445.1	Cellulophaga phage Omtje_1	ssDNA	6558
Plasmavirus		Plasmaviridae	L13696.1	Acholeplasma phage L2	dsDNA	11965
Dinogtaviriform		Rhodogtaviriformidae	CP000830.1	Dinoroseobacter shibae gene transfer agent	dsDNA	3789584
Rhodobactegtaviriform		Rhodogtaviriformidae	CP001312.1	Rhodobacter capsulatus gene transfer agent	dsDNA	3738958
Rhodovulugtaviriform		Rhodogtaviriformidae	CP015418.1	Rhodovulum sulfidophilum gene transfer agent	dsDNA	4132586
Ruegerigtaviriform		Rhodogtaviriformidae	CP000031.2	Ruegeria pomeroyi gene transfer agent	dsDNA	4109437
